ID,Source,Severity,Start_Time,End_Time,latitude,longitude,End_Lat,End_Lng,Distance(mi),Description,Street,City,County,State,Zipcode,Country,Timezone,Airport_Code,Weather_Timestamp,Temperature(F),Wind_Chill(F),Humidity(%),Pressure(in),Visibility(mi),Wind_Direction,Wind_Speed(mph),Precipitation(in),Weather_Condition,Amenity,Bump,Crossing,Give_Way,Junction,No_Exit,Railway,Roundabout,Station,Stop,Traffic_Calming,Traffic_Signal,Turning_Loop,Sunrise_Sunset,Civil_Twilight,Nautical_Twilight,Astronomical_Twilight
A-1,Source2,3,2016-02-08 05:46:00,2016-02-08 11:00:00,39.865147,-84.058723,,,0.01,Right lane blocked due to accident on I-70 Eastbound at Exit 41 OH-235 State Route 4.,I-70 E,Dayton,Montgomery,OH,45424,US,US/Eastern,KFFO,2016-02-08 05:58:00,36.9,,91.0,29.68,10.0,Calm,,0.02,Light Rain,False,False,False,False,False,False,False,False,False,False,False,False,False,Night,Night,Night,Night
A-2,Source2,2,2016-02-08 06:07:59,2016-02-08 06:37:59,39.92805900000001,-82.831184,,,0.01,Accident on Brice Rd at Tussing Rd. Expect delays.,Brice Rd,Reynoldsburg,Franklin,OH,43068-3402,US,US/Eastern,KCMH,2016-02-08 05:51:00,37.9,,100.0,29.65,10.0,Calm,,0.0,Light Rain,False,False,False,False,False,False,False,False,False,False,False,False,False,Night,Night,Night,Day
A-3,Source2,2,2016-02-08 06:49:27,2016-02-08 07:19:27,39.063148,-84.032608,,,0.01,Accident on OH-32 State Route 32 Westbound at Dela Palma Rd. Expect delays.,State Route 32,Williamsburg,Clermont,OH,45176,US,US/Eastern,KI69,2016-02-08 06:56:00,36.0,33.3,100.0,29.67,10.0,SW,3.5,,Overcast,False,False,False,False,False,False,False,False,False,False,False,True,False,Night,Night,Day,Day
A-4,Source2,3,2016-02-08 07:23:34,2016-02-08 07:53:34,39.747753,-84.20558199999998,,,0.01,Accident on I-75 Southbound at Exits 52 52B US-35. Expect delays.,I-75 S,Dayton,Montgomery,OH,45417,US,US/Eastern,KDAY,2016-02-08 07:38:00,35.1,31.0,96.0,29.64,9.0,SW,4.6,,Mostly Cloudy,False,False,False,False,False,False,False,False,False,False,False,False,False,Night,Day,Day,Day
A-5,Source2,2,2016-02-08 07:39:07,2016-02-08 08:09:07,39.627781,-84.188354,,,0.01,Accident on McEwen Rd at OH-725 Miamisburg Centerville Rd. Expect delays.,Miamisburg Centerville Rd,Dayton,Montgomery,OH,45459,US,US/Eastern,KMGY,2016-02-08 07:53:00,36.0,33.3,89.0,29.65,6.0,SW,3.5,,Mostly Cloudy,False,False,False,False,False,False,False,False,False,False,False,True,False,Day,Day,Day,Day
A-6,Source2,3,2016-02-08 07:44:26,2016-02-08 08:14:26,40.10059,-82.92519399999998,,,0.01,Accident on I-270 Outerbelt Northbound near Exit 29 OH-3 State St. Expect delays.,Westerville Rd,Westerville,Franklin,OH,43081,US,US/Eastern,KCMH,2016-02-08 07:51:00,37.9,35.5,97.0,29.63,7.0,SSW,3.5,0.03,Light Rain,False,False,False,False,False,False,False,False,False,False,False,False,False,Day,Day,Day,Day
A-7,Source2,2,2016-02-08 07:59:35,2016-02-08 08:29:35,39.758274,-84.23050699999997,,,0.0,Accident on Oakridge Dr at Woodward Ave. Expect delays.,N Woodward Ave,Dayton,Montgomery,OH,45417-2476,US,US/Eastern,KDAY,2016-02-08 07:56:00,34.0,31.0,100.0,29.66,7.0,WSW,3.5,,Overcast,False,False,False,False,False,False,False,False,False,False,False,False,False,Day,Day,Day,Day
A-8,Source2,3,2016-02-08 07:59:58,2016-02-08 08:29:58,39.770382,-84.194901,,,0.01,Accident on I-75 Southbound at Exit 54B Grand Ave. Expect delays.,N Main St,Dayton,Montgomery,OH,45405,US,US/Eastern,KDAY,2016-02-08 07:56:00,34.0,31.0,100.0,29.66,7.0,WSW,3.5,,Overcast,False,False,False,False,False,False,False,False,False,False,False,False,False,Day,Day,Day,Day
A-9,Source2,2,2016-02-08 08:00:40,2016-02-08 08:30:40,39.778061,-84.172005,,,0.0,Accident on Notre Dame Ave at Warner Ave. Expect delays.,Notre Dame Ave,Dayton,Montgomery,OH,45404-1923,US,US/Eastern,KFFO,2016-02-08 07:58:00,33.3,,99.0,29.67,5.0,SW,1.2,,Mostly Cloudy,False,False,False,False,False,False,False,False,False,False,False,False,False,Day,Day,Day,Day
A-10,Source2,3,2016-02-08 08:10:04,2016-02-08 08:40:04,40.10059,-82.92519399999998,,,0.01,Right hand shoulder blocked due to accident on I-270 Outerbelt Westbound at Exit 29 OH-3 State St.,Westerville Rd,Westerville,Franklin,OH,43081,US,US/Eastern,KCMH,2016-02-08 08:28:00,37.4,33.8,100.0,29.62,3.0,SSW,4.6,0.02,Light Rain,False,False,False,False,False,False,False,False,False,False,False,False,False,Day,Day,Day,Day
A-11,Source2,3,2016-02-08 08:14:42,2016-02-08 08:44:42,39.952812,-83.119293,,,0.01,Accident on I-270 Outerbelt Northbound at Exits 7 7A 7B US-40 Broad St. Expect delays.,Outerbelt S,Columbus,Franklin,OH,43228,US,US/Eastern,KTZR,2016-02-08 07:50:00,35.6,30.7,93.0,29.64,5.0,WNW,5.8,,Rain,False,False,True,False,True,False,False,False,False,False,False,False,False,Day,Day,Day,Day
A-12,Source2,3,2016-02-08 08:21:27,2016-02-08 08:51:27,39.932709,-82.83091,,,0.01,One lane blocked due to accident on I-70 Westbound at Exits 110 110A 110B Brice Rd. Expect delays.,I-70 E,Reynoldsburg,Franklin,OH,43068,US,US/Eastern,KCMH,2016-02-08 08:28:00,37.4,33.8,100.0,29.62,3.0,SSW,4.6,0.02,Light Rain,False,False,False,False,False,False,False,False,False,False,False,False,False,Day,Day,Day,Day
A-13,Source2,2,2016-02-08 08:36:34,2016-02-08 09:06:34,39.737633,-84.14993299999998,,,0.0,Accident on Revere Ave at Watervliet Ave. Expect delays.,Watervliet Ave,Dayton,Montgomery,OH,45420-1863,US,US/Eastern,KFFO,2016-02-08 08:28:00,33.8,,100.0,29.63,3.0,SW,2.3,,Overcast,False,False,False,False,False,False,False,False,False,False,False,False,False,Day,Day,Day,Day
A-14,Source2,2,2016-02-08 08:37:07,2016-02-08 09:07:07,39.79076,-84.241547,,,0.01,Accident on Salem Ave at Hillcrest Ave / Kensington Dr. Expect delays.,Salem Ave,Dayton,Montgomery,OH,45406-2708,US,US/Eastern,KDAY,2016-02-08 08:56:00,36.0,31.1,89.0,29.65,10.0,NW,5.8,,Mostly Cloudy,False,False,False,False,False,False,False,False,False,False,False,True,False,Day,Day,Day,Day
A-15,Source2,2,2016-02-08 08:39:43,2016-02-08 09:09:43,39.972038,-82.913521,,,0.01,Accident on OH-16 Broad St at James Rd. Expect delays.,E Broad St,Columbus,Franklin,OH,43213-1006,US,US/Eastern,KCMH,2016-02-08 08:28:00,37.4,33.8,100.0,29.62,3.0,SSW,4.6,0.02,Light Rain,False,False,False,False,False,False,False,False,False,False,False,True,False,Day,Day,Day,Day
A-16,Source2,2,2016-02-08 08:43:20,2016-02-08 09:13:20,39.745888,-84.17041,,,0.01,Accident on Wayne Ave at Glencoe Ave. Expect delays.,Glencoe Ave,Dayton,Montgomery,OH,45410-1721,US,US/Eastern,KFFO,2016-02-08 08:28:00,33.8,,100.0,29.63,3.0,SW,2.3,,Overcast,False,False,False,False,False,False,False,False,False,False,False,False,False,Day,Day,Day,Day
A-17,Source2,2,2016-02-08 08:53:17,2016-02-08 09:23:17,39.748329,-84.224007,,,0.01,Accident on James H McGee Blvd at US-35. Expect delays.,S James H McGee Blvd,Dayton,Montgomery,OH,45402,US,US/Eastern,KFFO,2016-02-08 08:58:00,35.6,,99.0,29.65,7.0,WSW,2.3,,Mostly Cloudy,False,False,False,False,False,False,False,False,False,False,False,False,False,Day,Day,Day,Day
A-18,Source2,2,2016-02-08 09:24:37,2016-02-08 09:54:37,39.752174,-84.239952,,,0.0,Accident on Delphos Ave at Brooklyn Ave. Expect delays.,Delphos Ave,Dayton,Montgomery,OH,45417-1727,US,US/Eastern,KDAY,2016-02-08 08:56:00,36.0,31.1,89.0,29.65,10.0,NW,5.8,,Mostly Cloudy,False,False,False,False,False,False,False,False,False,False,False,False,False,Day,Day,Day,Day
A-19,Source2,2,2016-02-08 09:25:17,2016-02-08 09:55:17,39.740669,-84.184135,,,0.01,Accident on Stewart St near Rubicon St. Expect delays.,Rubicon St,Dayton,Montgomery,OH,45409-2659,US,US/Eastern,KFFO,2016-02-08 09:38:00,37.4,32.1,93.0,29.63,10.0,WSW,6.9,,Overcast,False,False,True,False,False,False,False,False,False,False,False,True,False,Day,Day,Day,Day
A-20,Source2,2,2016-02-08 09:35:35,2016-02-08 10:05:35,39.790703,-84.244461,,,0.01,Accident on Hillcrest Ave at Piccadilly Ave. Expect delays.,W Hillcrest Ave,Dayton,Montgomery,OH,45406-2640,US,US/Eastern,KDAY,2016-02-08 09:56:00,36.0,30.3,89.0,29.65,10.0,West,6.9,,Mostly Cloudy,False,False,False,False,False,False,False,False,False,False,False,False,False,Day,Day,Day,Day
A-21,Source2,2,2016-02-08 10:11:15,2016-02-08 10:41:15,40.052509,-82.88233199999998,,,0.0,Accident on Brookhill Dr at Glenhurst Ct.,Brookhill Dr,Columbus,Franklin,OH,43230-1765,US,US/Eastern,KCMH,2016-02-08 10:14:00,33.8,29.6,100.0,29.62,2.0,NNW,4.6,0.01,Light Snow,False,False,False,False,False,False,False,False,False,False,False,False,False,Day,Day,Day,Day
A-22,Source2,2,2016-02-08 10:24:27,2016-02-08 10:54:27,39.773346,-84.224686,,,0.0,Accident on Princeton Dr at Catalpa Dr. Expect delays.,Princeton Dr,Dayton,Montgomery,OH,45406-4736,US,US/Eastern,KDAY,2016-02-08 09:56:00,36.0,30.3,89.0,29.65,10.0,West,6.9,,Mostly Cloudy,False,False,False,False,False,False,False,False,False,False,False,False,False,Day,Day,Day,Day
A-23,Source2,2,2016-02-08 11:53:19,2016-02-08 12:23:19,39.628288,-84.226151,,,0.01,Accident on OH-741 Springboro Pike at Lyons Rd. Expect delays.,Springboro Pike,Miamisburg,Montgomery,OH,45342,US,US/Eastern,KMGY,2016-02-08 11:53:00,35.1,28.6,89.0,29.65,6.0,WSW,8.1,0.02,Overcast,False,False,False,False,False,False,False,False,False,False,False,True,False,Day,Day,Day,Day
A-24,Source2,3,2016-02-08 12:00:00,2016-02-08 12:45:00,40.023487,-82.994888,,,0.01,Accident on I-71 Northbound at Exit 113 Silver Dr. On exit ramp.,North Fwy S,Columbus,Franklin,OH,43211,US,US/Eastern,KCMH,2016-02-08 11:51:00,37.0,32.4,96.0,29.63,8.0,West,5.8,0.0,Overcast,False,False,False,False,False,False,False,False,False,False,False,False,False,Day,Day,Day,Day
A-25,Source2,2,2016-02-08 12:16:44,2016-02-08 13:01:44,39.761379,-84.25921600000002,,,0.01,Accident on Hoover Ave at Elmhurst Rd.,Hoover Ave,Dayton,Montgomery,OH,45417-1117,US,US/Eastern,KDAY,2016-02-08 12:20:00,37.9,30.9,76.0,29.62,10.0,WNW,10.4,,Overcast,False,False,False,False,False,False,False,False,False,False,False,True,False,Day,Day,Day,Day
A-26,Source2,2,2016-02-08 12:41:08,2016-02-08 13:11:08,40.158024,-82.641762,,,1.32,Accident on County Hwy-16 Sportsman Club Rd between Liberty Ridge Ct and Nichols Ln.,Sportsman Club Rd,Johnstown,Licking,OH,43031-9133,US,US/Eastern,KCMH,2016-02-08 12:51:00,37.9,34.4,100.0,29.6,5.0,West,4.6,0.01,Light Snow,False,False,False,False,False,False,False,False,False,False,False,False,False,Day,Day,Day,Day
A-27,Source2,2,2016-02-08 12:52:05,2016-02-08 13:37:05,39.733219,-84.159653,,,0.0,Accident on Irving Ave at Wilmington Ave.,Irving Ave,Dayton,Montgomery,OH,45419-4148,US,US/Eastern,KMGY,2016-02-08 12:53:00,36.0,29.0,86.0,29.63,7.0,West,9.2,0.0,Light Snow,False,False,False,False,False,False,False,False,False,False,False,True,False,Day,Day,Day,Day
A-28,Source2,2,2016-02-08 14:24:48,2016-02-08 15:09:48,39.775303,-84.200523,,,0.0,Accident on Helena St at OH-48 Main St.,W Helena St,Dayton,Montgomery,OH,45405-4326,US,US/Eastern,KDAY,2016-02-08 13:56:00,39.9,32.9,70.0,29.61,10.0,WNW,11.5,0.0,Mostly Cloudy,False,False,False,False,False,False,False,False,False,False,False,True,False,Day,Day,Day,Day
A-29,Source2,2,2016-02-08 14:56:57,2016-02-08 15:41:57,39.789322,-84.23910500000002,,,0.01,Accident on Salem Ave at Litchfield Ave.,Litchfield Ave,Dayton,Montgomery,OH,45406-2701,US,US/Eastern,KDAY,2016-02-08 14:56:00,39.9,34.5,65.0,29.61,10.0,WNW,8.1,,Mostly Cloudy,False,False,False,False,False,False,False,False,False,False,False,False,False,Day,Day,Day,Day
A-30,Source2,2,2016-02-08 15:26:14,2016-02-08 16:11:14,39.75872,-84.183762,,,0.0,Accident on 4th St at Wayne Ave.,E 4th St,Dayton,Montgomery,OH,45402,US,US/Eastern,KFFO,2016-02-08 15:46:00,39.2,35.9,75.0,29.62,10.0,NNE,4.6,,Mostly Cloudy,False,False,False,False,False,False,False,False,False,False,False,False,False,Day,Day,Day,Day
A-31,Source2,2,2016-02-08 16:16:08,2016-02-08 16:46:08,40.081459,-83.122398,,,0.01,Accident on Frantz Rd Southbound at Bradenton Ave.,Frantz Rd,Dublin,Franklin,OH,43017-2552,US,US/Eastern,KOSU,2016-02-08 15:53:00,37.0,31.6,89.0,29.61,10.0,West,6.9,0.0,Overcast,False,False,False,False,False,False,False,False,False,False,False,True,False,Day,Day,Day,Day
A-32,Source2,2,2016-02-08 17:39:24,2016-02-08 18:24:24,39.83321,-84.112946,,,0.0,Accident on Powell Rd at Bellefontaine Rd. Approach with care.,Bellefontaine Rd,Dayton,Montgomery,OH,45424-4132,US,US/Eastern,KFFO,2016-02-08 17:58:00,34.2,31.2,97.0,29.66,10.0,NW,3.5,0.02,Light Rain,False,False,False,False,False,False,False,False,False,False,False,False,False,Day,Day,Day,Day
A-33,Source2,3,2016-02-08 18:24:00,2016-02-08 21:00:00,40.042725,-82.99730699999998,,,0.01,Left lane blocked due to accident on I-71 Southbound at Exit 115 Cooke Rd.,North Fwy S,Columbus,Franklin,OH,43224,US,US/Eastern,KCMH,2016-02-08 18:43:00,33.8,28.6,100.0,29.62,6.0,South,5.8,,Overcast,False,False,False,False,False,False,False,False,False,False,False,False,False,Night,Day,Day,Day
A-34,Source2,3,2016-02-08 19:28:00,2016-02-08 21:00:00,39.974415,-82.848854,,,0.01,Right lane blocked due to accident on I-270 Outerbelt Northbound at Exit 39 OH-16 Broad St.,Outerbelt N,Columbus,Franklin,OH,43213,US,US/Eastern,KCMH,2016-02-08 19:51:00,34.0,,100.0,29.65,6.0,Calm,,0.07,Overcast,False,False,False,False,False,False,False,False,False,False,False,False,False,Night,Night,Night,Day
A-35,Source2,2,2016-02-08 20:22:38,2016-02-08 21:07:38,39.994766,-83.02449,,,0.01,Accident on OH-315 Olentangy Fwy Eastbound at Cannon Dr.,Olentangy Fwy N,Columbus,Franklin,OH,43212,US,US/Eastern,KOSU,2016-02-08 20:27:00,33.1,26.1,92.0,29.63,7.0,WNW,8.1,0.0,Light Snow,False,False,False,False,False,False,False,False,False,False,False,False,False,Night,Night,Night,Night
A-36,Source2,2,2016-02-08 20:43:00,2016-02-08 23:00:00,40.006477,-83.030991,,,1.09,Right lane blocked due to accident on OH-315 Olentangy Fwy Northbound between Cannon Dr and Lane Ave.,Olentangy Fwy S,Columbus,Franklin,OH,43210,US,US/Eastern,KOSU,2016-02-08 20:39:00,33.1,25.5,92.0,29.63,9.0,WNW,9.2,0.0,Overcast,False,False,False,False,False,False,False,False,False,False,False,True,False,Night,Night,Night,Night
A-37,Source2,2,2016-02-09 04:28:48,2016-02-09 04:58:48,39.742062,-84.186996,,,0.01,Accident on OH-48 Main St at Fairground Ave. Expect delays.,S Main St,Dayton,Montgomery,OH,45409-2616,US,US/Eastern,KFFO,2016-02-09 04:28:00,23.0,11.7,93.0,29.65,5.0,SW,11.5,,Light Snow,False,False,False,False,False,False,False,False,False,False,False,False,False,Night,Night,Night,Night
A-38,Source2,2,2016-02-09 05:04:34,2016-02-09 05:34:34,39.843521,-82.78157,,,0.01,Accident on US-33 Columbus Lancaster Rd Eastbound at County Hwy-18 Diley Rd. Expect delays.,Diley Rd,Canal Winchester,Fairfield,OH,43110,US,US/Eastern,KLCK,2016-02-09 04:55:00,23.0,11.7,93.0,29.63,2.5,WSW,11.5,,Light Snow,False,False,False,False,True,False,False,False,False,False,False,True,False,Night,Night,Night,Night
A-39,Source2,2,2016-02-09 05:17:08,2016-02-09 05:47:08,39.782578,-84.178688,,,0.01,Accident on Leo St at Kiser St. Expect delays.,Kiser St,Dayton,Montgomery,OH,45404-1672,US,US/Eastern,KFFO,2016-02-09 04:58:00,22.8,11.5,89.0,29.69,4.0,SW,11.5,0.0,Light Snow,False,False,False,False,False,False,False,False,False,False,False,False,False,Night,Night,Night,Night
A-40,Source2,3,2016-02-09 05:27:20,2016-02-09 05:57:20,40.007626,-82.912155,,,0.01,Accident on I-670 Northeast Fwy Eastbound near I-270 Outerbelt Exits 35A 35B. Expect delays.,Stelzer Rd,Columbus,Franklin,OH,43219-3504,US,US/Eastern,KCMH,2016-02-09 05:27:00,26.6,18.2,86.0,29.62,1.5,West,8.1,0.01,Light Snow,False,False,False,False,False,False,False,False,False,False,False,False,False,Night,Night,Night,Night
A-41,Source2,2,2016-02-09 05:40:57,2016-02-09 06:10:57,39.447502,-84.19120799999997,,,0.0,Accident on Monroe Rd near Shaker Run Rd. Expect delays.,Monroe Rd,Lebanon,Warren,OH,45036,US,US/Eastern,KMGY,2016-02-09 05:45:00,21.0,10.6,85.0,29.67,0.8,SW,9.2,0.01,Light Snow,False,False,True,False,False,False,False,False,False,False,False,False,False,Night,Night,Night,Night
A-42,Source2,2,2016-02-09 05:47:16,2016-02-09 06:17:16,39.787731,-84.173439,,,0.01,Accident on Stanley Ave at Kuntz Rd.,Air City Ave,Dayton,Montgomery,OH,45404-1255,US,US/Eastern,KFFO,2016-02-09 05:58:00,23.0,12.4,86.0,29.71,3.0,SW,10.4,0.0,Light Snow,False,False,True,False,False,False,False,False,False,False,False,True,False,Night,Night,Night,Night
A-43,Source2,2,2016-02-09 05:56:10,2016-02-09 06:26:10,39.426277,-83.624611,,,0.01,Accident on OH-72 State Route 72 Northbound at Point Isabel Rd.,S State Route 72,Sabina,Clinton,OH,45169,US,US/Eastern,KILN,2016-02-09 05:54:00,19.9,6.7,89.0,29.75,1.8,WSW,13.8,0.0,Light Snow,False,False,False,False,False,False,False,False,False,False,False,False,False,Night,Night,Night,Night
A-44,Source2,3,2016-02-09 06:06:45,2016-02-09 06:36:45,39.978306,-82.852554,,,0.01,Accident on I-270 Outerbelt near Exit 39 OH-16 Broad St.,E Broad St,Columbus,Franklin,OH,43213,US,US/Eastern,KCMH,2016-02-09 05:51:00,25.0,15.5,88.0,29.65,1.0,SW,9.2,0.02,Light Snow,False,False,False,False,True,False,False,False,False,False,False,False,False,Night,Night,Night,Day
A-45,Source2,3,2016-02-09 06:13:33,2016-02-09 06:43:33,39.84182,-84.18960600000003,,,0.01,Accident on I-75 Northbound at Exit 59 Wyse Rd. Expect delays.,Benchwood Rd,Dayton,Montgomery,OH,45414,US,US/Eastern,KDAY,2016-02-09 06:03:00,23.0,10.1,88.0,29.66,2.0,West,15.0,0.0,Light Snow,False,False,False,False,False,False,False,False,False,False,False,True,False,Night,Night,Night,Day
A-46,Source2,3,2016-02-09 06:12:49,2016-02-09 06:42:49,39.953625,-82.958954,,,0.01,Accident on I-70 Eastbound at Exit 102 Kelton Ave. Expect delays.,East Fwy W,Columbus,Franklin,OH,43205,US,US/Eastern,KCMH,2016-02-09 05:51:00,25.0,15.5,88.0,29.65,1.0,SW,9.2,0.02,Light Snow,False,False,False,False,False,False,False,False,False,False,False,False,False,Night,Night,Night,Day
A-47,Source2,2,2016-02-09 06:21:50,2016-02-09 06:51:50,40.053082,-83.049644,,,0.01,Accident on Kenny Rd at Henderson Rd. Expect delays.,Kenny Rd,Columbus,Franklin,OH,43220,US,US/Eastern,KOSU,2016-02-09 06:22:00,26.1,15.0,84.0,29.63,2.0,West,12.7,0.0,Light Snow,False,False,False,False,False,False,False,False,False,False,False,True,False,Night,Night,Night,Day
A-48,Source2,3,2016-02-09 06:20:46,2016-02-09 06:50:46,39.936874,-82.878723,,,0.01,Right hand shoulder blocked due to accident on I-70 Westbound at Exits 107 107A 107B OH-317 Hamilton Rd.,S Hamilton Rd,Columbus,Franklin,OH,43232,US,US/Eastern,KCMH,2016-02-09 06:36:00,24.8,16.1,86.0,29.64,1.0,SW,8.1,0.01,Light Snow,False,False,False,False,False,False,False,False,False,False,False,False,False,Night,Night,Night,Day
A-49,Source2,2,2016-02-09 06:34:41,2016-02-09 07:04:41,39.780643,-84.16349,,,0.01,Accident on Stanley Ave at OH-201 Brandt St. Expect delays.,Brandt St,Dayton,Montgomery,OH,45404,US,US/Eastern,KFFO,2016-02-09 06:51:00,23.0,11.7,86.0,29.68,4.0,SW,11.5,,Light Snow,False,False,False,False,False,False,False,False,False,False,False,True,False,Night,Night,Night,Day
A-50,Source2,3,2016-02-09 06:41:09,2016-02-09 07:11:09,39.773193,-84.187454,,,0.01,Accident on I-75 Northbound at Exits 54A 54B OH-4. Expect delays.,I-75 S,Dayton,Montgomery,OH,45404,US,US/Eastern,KFFO,2016-02-09 06:51:00,23.0,11.7,86.0,29.68,4.0,SW,11.5,,Light Snow,False,False,False,False,False,False,False,False,False,False,False,False,False,Night,Night,Day,Day
A-51,Source2,2,2016-02-09 06:48:18,2016-02-09 07:18:18,39.77858,-84.20468100000002,,,0.01,Accident on OH-48 Main St at Burton Ave. Expect delays.,N Main St,Dayton,Montgomery,OH,45405-4141,US,US/Eastern,KDAY,2016-02-09 06:56:00,21.9,9.8,92.0,29.71,2.0,WSW,12.7,0.01,Light Snow,False,False,False,False,False,False,False,False,False,False,False,False,False,Night,Night,Day,Day
A-52,Source2,2,2016-02-09 06:53:09,2016-02-09 07:23:09,39.792988,-84.20607,,,0.01,Accident on Riverside Dr at Pointview Ave. Expect delays.,Riverside Dr,Dayton,Montgomery,OH,45405,US,US/Eastern,KDAY,2016-02-09 06:56:00,21.9,9.8,92.0,29.71,2.0,WSW,12.7,0.01,Light Snow,False,False,False,False,False,False,False,False,False,False,False,False,False,Night,Night,Day,Day
A-53,Source2,3,2016-02-09 06:54:31,2016-02-09 07:24:31,39.770382,-84.194901,,,0.01,Accident on I-75 Northbound at Exit 54B Grand Ave. Expect delays.,N Main St,Dayton,Montgomery,OH,45405,US,US/Eastern,KDAY,2016-02-09 06:56:00,21.9,9.8,92.0,29.71,2.0,WSW,12.7,0.01,Light Snow,False,False,False,False,False,False,False,False,False,False,False,False,False,Night,Night,Day,Day
A-54,Source2,3,2016-02-09 07:03:20,2016-02-09 07:33:20,39.976398,-83.119225,,,0.01,Accident on I-70 Eastbound at Exits 93 93A 93B I-270 Outerbelt. Expect delays.,Outerbelt S,Columbus,Franklin,OH,43204,US,US/Eastern,KTZR,2016-02-09 07:20:00,21.2,8.3,93.0,29.66,1.5,WSW,13.8,,Light Snow,False,False,False,False,False,False,False,False,False,False,False,False,False,Night,Day,Day,Day
A-55,Source2,3,2016-02-09 07:05:37,2016-02-09 07:35:37,39.6395,-84.23136099999998,,,0.01,Accident on I-75 Southbound at Exit 44 OH-725 Miamisburg Centerville Rd. Expect delays.,Miamisburg Centerville Rd,Dayton,Montgomery,OH,45449,US,US/Eastern,KMGY,2016-02-09 07:12:00,21.0,10.6,85.0,29.69,1.2,WSW,9.2,0.0,Light Snow,False,False,False,False,False,False,False,False,False,False,False,False,False,Night,Night,Day,Day
A-56,Source2,2,2016-02-09 07:04:58,2016-02-09 07:34:58,39.232578,-84.159286,,,0.01,Accident on OH-28 State Route 28 at Wood St. Expect delays.,Wood St,Goshen,Clermont,OH,45122,US,US/Eastern,KI69,2016-02-09 06:56:00,21.0,10.6,93.0,29.73,2.5,WSW,9.2,,Light Snow,False,False,False,False,False,False,False,False,False,True,False,False,False,Night,Night,Day,Day
A-57,Source2,2,2016-02-09 07:15:41,2016-02-09 07:45:41,39.746593,-84.23912,,,0.01,Accident on McCall St at Abbey Ave. Expect delays.,Dearborn Ave,Dayton,Montgomery,OH,45417-2002,US,US/Eastern,KDAY,2016-02-09 07:08:00,21.9,9.8,92.0,29.68,2.0,WSW,12.7,0.0,Light Snow,False,False,False,False,False,False,False,False,False,False,False,True,False,Night,Day,Day,Day
A-58,Source2,2,2016-02-09 07:41:01,2016-02-09 08:11:01,39.742783,-84.182472,,,0.01,Accident on Brown St at Fairground Ave. Expect delays.,Brown St,Dayton,Montgomery,OH,45409-2602,US,US/Eastern,KFFO,2016-02-09 07:58:00,22.5,12.4,90.0,29.73,1.2,SW,9.2,0.0,Light Snow,True,False,False,False,False,False,False,False,False,False,False,False,False,Day,Day,Day,Day
A-59,Source2,2,2016-02-09 07:42:43,2016-02-09 08:12:43,39.75452,-84.159279,,,0.01,Accident on US-35 Eastbound at Steve Whalen Blvd. Expect delays.,US-35 E,Dayton,Montgomery,OH,45410,US,US/Eastern,KFFO,2016-02-09 07:58:00,22.5,12.4,90.0,29.73,1.2,SW,9.2,0.0,Light Snow,False,False,False,False,False,False,False,False,False,False,False,False,False,Day,Day,Day,Day
A-60,Source2,2,2016-02-09 07:42:11,2016-02-09 08:12:11,39.749916,-84.139359,,,0.01,Accident on US-35 Eastbound at Smithville Rd. Expect delays.,US-35 E,Dayton,Montgomery,OH,45410,US,US/Eastern,KFFO,2016-02-09 07:58:00,22.5,12.4,90.0,29.73,1.2,SW,9.2,0.0,Light Snow,False,False,False,False,False,False,False,False,False,False,False,False,False,Day,Day,Day,Day
A-61,Source2,3,2016-02-09 07:46:41,2016-02-09 08:16:41,40.100903,-82.98410799999998,,,0.01,Accident on I-270 Outerbelt Southbound at Exit 26 I-71.,North Fwy S,Columbus,Franklin,OH,43229,US,US/Eastern,KOSU,2016-02-09 07:50:00,24.8,16.1,86.0,29.65,1.8,West,8.1,0.0,Light Snow,False,False,False,False,False,False,False,False,False,False,False,False,False,Day,Day,Day,Day
A-62,Source2,2,2016-02-09 07:54:44,2016-02-09 08:24:44,39.77280800000001,-84.201851,,,0.0,Accident on 5 Oaks Ave at Forest Ave. Expect delays.,5 Oaks Ave,Dayton,Montgomery,OH,45405-4432,US,US/Eastern,KDAY,2016-02-09 07:54:00,21.2,8.9,93.0,29.69,2.0,West,12.7,0.0,Light Snow,False,False,False,False,False,False,False,False,False,False,False,False,False,Day,Day,Day,Day
A-63,Source2,2,2016-02-09 08:06:39,2016-02-09 08:36:39,39.492485,-84.131798,,,0.01,Accident on US-42 State Route 42 at Middletown Rd. Expect delays.,N State Route 42,Waynesville,Warren,OH,45068-9388,US,US/Eastern,KMGY,2016-02-09 08:14:00,21.0,10.6,81.0,29.7,1.2,WSW,9.2,0.0,Light Snow,False,False,False,False,False,False,False,False,False,False,False,False,False,Day,Day,Day,Day
A-64,Source2,2,2016-02-09 08:12:44,2016-02-09 08:42:44,39.570904,-84.251724,,,0.01,Accident on County Hwy-119 Clearcreek Rd near Tamarack Trl. Expect delays.,Clearcreek Rd,Springboro,Warren,OH,45066-9716,US,US/Eastern,KMGY,2016-02-09 08:14:00,21.0,10.6,81.0,29.7,1.2,WSW,9.2,0.0,Light Snow,False,False,False,False,False,False,False,False,False,False,False,False,False,Day,Day,Day,Day
A-65,Source2,2,2016-02-09 08:10:20,2016-02-09 08:40:20,39.834282,-82.74382,,,0.0,Accident on US-33 Columbus Lancaster Rd Westbound near County Hwy-20 Pickerington Rd. Expect delays.,Columbus Lancaster Rd NW,Carroll,Fairfield,OH,43112,US,US/Eastern,KLHQ,2016-02-09 07:50:00,21.9,10.4,85.0,29.7,0.8,SW,11.5,0.0,Light Snow,False,False,False,False,False,False,False,False,False,False,False,False,False,Day,Day,Day,Day
A-66,Source2,3,2016-02-09 08:23:36,2016-02-09 08:53:36,39.622787,-84.229858,,,0.01,Accident on I-75 Southbound at I-675. Expect delays.,I-75 N,Miamisburg,Montgomery,OH,45342,US,US/Eastern,KMGY,2016-02-09 08:14:00,21.0,10.6,81.0,29.7,1.2,WSW,9.2,0.0,Light Snow,False,False,False,False,False,False,False,False,False,False,False,False,False,Day,Day,Day,Day
A-67,Source2,3,2016-02-09 08:24:29,2016-02-09 08:54:29,39.429871,-84.079666,,,0.01,Right hand shoulder blocked due to accident on I-71 Southbound at Exit 36 County Hwy-7 Wilmington Rd.,Wilmington Rd,Oregonia,Warren,OH,45054,US,US/Eastern,KMGY,2016-02-09 08:14:00,21.0,10.6,81.0,29.7,1.2,WSW,9.2,0.0,Light Snow,False,False,False,False,False,False,False,False,False,False,False,False,False,Day,Day,Day,Day
A-68,Source2,3,2016-02-09 08:20:30,2016-02-09 08:50:30,41.407391,-81.64676700000003,,,0.01,Accident on I-480 Westbound at Exit 20A-B I-77. Expect delays.,Outerbelt South Fwy W,Independence,Cuyahoga,OH,44131,US,US/Eastern,KBKL,2016-02-09 08:28:00,32.0,22.5,82.0,29.58,10.0,WSW,12.7,,Overcast,False,False,False,False,False,False,False,False,False,False,False,False,False,Day,Day,Day,Day
A-69,Source2,3,2016-02-09 08:35:53,2016-02-09 09:05:53,41.424404,-81.57867399999998,,,0.01,Accident on I-480 Eastbound at Exit 23 OH-14 Broadway Ave.,I-480 E,Maple Heights,Cuyahoga,OH,44137,US,US/Eastern,KBKL,2016-02-09 08:28:00,32.0,22.5,82.0,29.58,10.0,WSW,12.7,,Overcast,False,False,False,False,False,False,False,False,False,False,False,False,False,Day,Day,Day,Day
A-70,Source2,3,2016-02-09 10:06:46,2016-02-09 10:36:46,39.89217,-83.039169,,,0.01,One lane blocked due to accident on I-270 Outerbelt Westbound at Exit 55 I-71.,I-71 S,Grove City,Franklin,OH,43123,US,US/Eastern,KTZR,2016-02-09 09:50:00,21.2,9.5,93.0,29.69,5.0,WSW,11.5,,Overcast,False,False,False,False,False,False,False,False,False,False,False,False,False,Day,Day,Day,Day
A-71,Source2,2,2016-02-09 11:09:37,2016-02-09 11:39:37,41.022358,-83.650345,,,0.01,One lane blocked due to accident on Main St Southbound at Lake Cascade Pkwy.,S Main St,Findlay,Hancock,OH,45840-1319,US,US/Eastern,KFDY,2016-02-09 11:04:00,27.0,13.5,81.0,29.64,2.5,WSW,19.6,0.0,Light Snow,False,False,True,False,False,False,False,False,False,False,False,True,False,Day,Day,Day,Day
A-72,Source2,2,2016-02-10 06:18:16,2016-02-10 06:48:16,39.206806,-84.053253,,,0.0,Accident on Short Leuders Rd at OH-133 State Route 133. Expect delays.,Short Leuders Rd,Goshen,Clermont,OH,45122,US,US/Eastern,KI69,2016-02-10 06:16:00,16.2,4.7,81.0,29.95,5.0,West,9.2,,Light Snow,False,False,False,False,False,False,False,False,False,False,False,False,False,Night,Night,Night,Day
A-73,Source2,3,2016-02-10 06:06:00,2016-02-10 09:06:00,39.973797,-83.022285,,,0.01,One lane blocked due to accident on OH-315 Olentangy Fwy Northbound at Goodale St.,Twin Rivers Dr,Columbus,Franklin,OH,43215,US,US/Eastern,KCMH,2016-02-10 06:19:00,15.8,2.7,73.0,29.87,4.0,WSW,11.5,0.0,Light Snow,False,False,False,False,False,False,False,False,False,False,False,False,False,Night,Night,Night,Day
A-74,Source2,2,2016-02-10 06:24:29,2016-02-10 06:54:29,40.048008,-82.86421999999997,,,0.0,Accident on Vista Dr at Hamilton Rd.,N Hamilton Rd,Columbus,Franklin,OH,43230,US,US/Eastern,KCMH,2016-02-10 06:19:00,15.8,2.7,73.0,29.87,4.0,WSW,11.5,0.0,Light Snow,False,False,True,False,False,False,False,False,False,False,False,True,False,Night,Night,Night,Day
A-75,Source2,2,2016-02-10 06:53:02,2016-02-10 07:23:02,39.814526,-84.021744,,,0.01,Accident on OH-444 Central Ave at Kauffman Ave. Expect delays.,S Central Ave,Fairborn,Greene,OH,45324,US,US/Eastern,KFFO,2016-02-10 06:58:00,15.4,1.0,82.0,29.95,7.0,SW,13.8,0.0,Light Snow,False,False,True,False,False,False,True,False,False,False,False,False,False,Night,Night,Day,Day
A-76,Source2,3,2016-02-10 07:50:52,2016-02-10 08:20:52,40.151196,-84.22003199999997,,,0.01,Accident on I-75 Northbound at Exit 82 US-36 Ash St. Expect delays.,E Ash St,Piqua,Miami,OH,45356,US,US/Eastern,KVES,2016-02-10 07:55:00,14.0,-1.4,93.0,29.89,7.0,West,15.0,,Light Snow,False,False,False,False,False,False,False,False,False,False,False,False,False,Day,Day,Day,Day
A-77,Source2,3,2016-02-10 07:50:08,2016-02-10 08:20:08,39.954617,-82.844238,,,0.01,Accident on I-270 Outerbelt Eastbound at Exit 43A-B/41A-B US-40 Main St. Expect delays.,Outerbelt N,Columbus,Franklin,OH,43232,US,US/Eastern,KCMH,2016-02-10 07:51:00,15.1,4.2,77.0,29.92,1.0,SW,8.1,0.01,Light Snow,False,False,False,False,False,False,False,False,False,False,False,False,False,Day,Day,Day,Day
A-78,Source2,2,2016-02-10 08:01:30,2016-02-10 08:31:30,38.990551,-84.207497,,,0.01,Delays due to accident on Lindale Mount Holly Rd at Lindale Nicholsville Rd.,Lindale Nicholsville Rd,New Richmond,Clermont,OH,45157-9006,US,US/Eastern,KI69,2016-02-10 07:56:00,15.8,6.1,88.0,29.96,1.8,West,6.9,,Light Snow,False,False,False,False,False,False,False,False,False,False,False,False,False,Day,Day,Day,Day
A-79,Source2,2,2016-02-10 08:08:36,2016-02-10 08:38:36,40.008995,-83.002678,,,0.0,Accident on Indianola Ave at Oakland Ave. Expect delays.,Indianola Ave,Columbus,Franklin,OH,43202-3023,US,US/Eastern,KOSU,2016-02-10 07:53:00,16.0,1.7,81.0,29.91,1.5,WSW,13.8,0.0,Light Snow,False,False,False,False,False,False,False,False,False,False,False,False,False,Day,Day,Day,Day
A-80,Source2,2,2016-02-10 08:11:22,2016-02-10 08:41:22,39.077332,-84.225014,,,0.0,Accident on Lake Allyn Rd at Amelia Olive Branch Rd.,Lake Allyn Rd,Batavia,Clermont,OH,45103-8992,US,US/Eastern,KI69,2016-02-10 08:16:00,15.8,2.7,84.0,29.97,4.0,West,11.5,,Light Snow,False,False,False,False,False,False,False,False,False,False,False,False,False,Day,Day,Day,Day
A-81,Source2,2,2016-02-10 08:50:54,2016-02-10 09:20:54,39.955452,-82.795845,,,0.01,Accident on US-40 Main St Eastbound at Cypress Aly.,E Main St,Reynoldsburg,Franklin,OH,43068-1207,US,US/Eastern,KCMH,2016-02-10 08:51:00,16.0,4.4,77.0,29.93,1.0,WSW,9.2,0.0,Light Snow,False,False,False,False,False,False,False,False,True,False,False,False,False,Day,Day,Day,Day
A-82,Source2,3,2016-02-10 09:03:53,2016-02-10 09:33:53,40.224586,-82.929085,,,0.01,Accident on I-71 Northbound at Rest Stop North.,North Fwy N,Galena,Delaware,OH,43021,US,US/Eastern,KDLZ,2016-02-10 08:55:00,17.6,5.0,79.0,29.87,3.0,West,11.5,,Haze,False,False,False,False,False,False,False,False,False,False,False,False,False,Day,Day,Day,Day
A-83,Source2,3,2016-02-10 09:42:04,2016-02-10 10:12:04,39.976398,-83.119225,,,0.01,Accident on I-270 Outerbelt Southbound at I-70 Exits 93 93A 93B. Expect delays.,Outerbelt S,Columbus,Franklin,OH,43204,US,US/Eastern,KTZR,2016-02-10 09:50:00,15.8,3.4,79.0,29.91,1.5,West,10.4,,Light Snow,False,False,False,False,False,False,False,False,False,False,False,False,False,Day,Day,Day,Day
A-84,Source2,3,2016-02-10 10:38:58,2016-02-10 11:08:58,39.98560300000001,-82.939247,,,0.01,One lane blocked due to accident on I-670 Eastbound at Exit 7 US-62. Expect delays.,E 5th Ave,Columbus,Franklin,OH,43219,US,US/Eastern,KCMH,2016-02-10 10:51:00,17.1,3.0,77.0,29.96,1.5,West,13.8,0.0,Light Snow,False,False,False,False,False,False,False,False,False,False,False,False,False,Day,Day,Day,Day
A-85,Source2,3,2016-02-10 17:10:00,2016-02-10 23:59:00,41.040714,-81.61314399999998,,,0.01,Left lane blocked due to accident on I-76 Westbound at Exit 16 Barber Rd.,US-224 W,Barberton,Summit,OH,44203,US,US/Eastern,KAKR,2016-02-10 16:54:00,19.9,8.6,81.0,29.89,1.0,WNW,10.4,0.0,Light Snow,False,False,False,False,True,False,False,False,False,False,False,False,False,Day,Day,Day,Day
A-86,Source2,3,2016-02-10 18:09:00,2016-02-10 23:59:00,41.083679,-81.579002,,,1.28,Left lane blocked due to accident on I-77 Northbound between Exit 130 OH-261 Vernon Odom Blvd and Exit 131 OH-162 Copley Rd.,Copley Rd,Akron,Summit,OH,44320-2561,US,US/Eastern,KAKR,2016-02-10 18:10:00,19.9,7.3,78.0,29.87,4.0,WNW,12.7,0.0,Light Snow,False,False,False,False,False,False,False,False,False,False,False,False,False,Night,Day,Day,Day
A-87,Source2,3,2016-02-10 18:41:44,2016-02-10 19:11:44,40.766891,-82.42411,,,0.01,Accident on I-71 Northbound in Crimson. Approach with care.,I-71 N,Mansfield,Richland,OH,44903,US,US/Eastern,KMFD,2016-02-10 18:52:00,16.0,2.9,77.0,29.97,7.0,WSW,11.5,0.0,Overcast,False,False,False,False,False,False,False,False,False,False,False,False,False,Night,Night,Day,Day
A-88,Source2,3,2016-02-11 05:32:29,2016-02-11 06:02:29,41.422199,-81.843018,,,0.01,Accident on I-480 Westbound at Exit 9 OH-17 Brookpark Rd. Expect delays.,Grayton Rd,Cleveland,Cuyahoga,OH,44135,US,US/Eastern,KCLE,2016-02-11 05:51:00,14.0,0.5,56.0,30.14,9.0,NW,11.5,0.0,Light Snow,False,False,False,False,False,False,False,False,False,False,False,False,False,Night,Night,Night,Night
A-89,Source2,3,2016-02-11 05:30:51,2016-02-11 06:00:51,41.063995,-81.57294499999998,,,0.01,Accident on I-77 Southbound at Exit 130 OH-261 Vernon Odom Blvd. Expect delays.,Vernon Odom Blvd,Akron,Summit,OH,44320-4026,US,US/Eastern,KAKR,2016-02-11 05:30:00,14.0,1.2,74.0,30.03,4.0,NW,10.4,0.0,Light Snow,False,False,False,False,False,False,False,False,False,False,False,False,False,Night,Night,Night,Night
A-90,Source2,2,2016-02-11 06:10:07,2016-02-11 06:40:07,39.747753,-84.20558199999998,,,0.01,Accident on US-35 Eastbound at I-75. Expect delays.,I-75 S,Dayton,Montgomery,OH,45417,US,US/Eastern,KDAY,2016-02-11 05:56:00,7.0,-5.7,87.0,30.22,10.0,West,8.1,,Scattered Clouds,False,False,False,False,False,False,False,False,False,False,False,False,False,Night,Night,Night,Day
A-91,Source2,2,2016-02-11 06:20:28,2016-02-11 06:50:28,38.99408,-84.142021,,,0.01,Accident on OH-125 State Route 125 at Bantam Rd. Expect delays.,S Bantam Rd,Bethel,Clermont,OH,45106-9354,US,US/Eastern,KI69,2016-02-11 06:16:00,15.4,,70.0,30.18,10.0,Calm,,,Overcast,False,False,False,False,False,False,False,False,False,True,False,False,False,Night,Night,Night,Day
A-92,Source2,3,2016-02-11 06:29:00,2016-02-11 21:00:00,41.420818,-81.694008,,,0.01,Accident on I-480 Eastbound at Exit 16 OH-94 State Rd. Expect delays.,I-480 E,Cleveland,Cuyahoga,OH,44109,US,US/Eastern,KBKL,2016-02-11 06:53:00,17.1,-0.3,59.0,30.12,10.0,NW,21.9,,Overcast,False,False,False,False,False,False,False,False,False,False,False,False,False,Night,Night,Day,Day
A-93,Source2,2,2016-02-11 07:17:58,2016-02-11 07:47:58,40.030342,-83.030197,,,0.01,Accident on North Broadway St at OH-315 Olentangy Fwy Exits 6 6A-B-C. Expect delays.,Olentangy River Rd,Columbus,Franklin,OH,43202,US,US/Eastern,KOSU,2016-02-11 06:53:00,6.1,-6.8,83.0,30.22,10.0,West,8.1,,Partly Cloudy,False,False,True,False,False,False,False,False,False,False,False,True,False,Night,Day,Day,Day
A-94,Source2,2,2016-02-11 07:18:39,2016-02-11 07:48:39,39.858089,-82.827904,,,0.01,Accident on US-33 Columbus Lancaster Rd at OH-674 Gender Rd. Expect delays.,Gender Rd,Canal Winchester,Franklin,OH,43110,US,US/Eastern,KLCK,2016-02-11 07:15:00,5.0,-2.1,81.0,30.2,10.0,SW,3.5,,Clear,False,False,False,False,False,False,False,False,False,False,False,False,False,Night,Day,Day,Day
A-95,Source2,3,2016-02-11 07:21:55,2016-02-11 07:51:55,41.112324,-81.60992399999998,,,0.01,Accident on I-77 Northbound at Exit 133 Ridgewood Rd. Expect delays.,I-77 S,Akron,Summit,OH,44321,US,US/Eastern,KAKR,2016-02-11 07:28:00,12.0,0.5,80.0,30.08,2.0,West,8.1,0.0,Light Snow,False,False,False,False,False,False,False,False,False,False,False,False,False,Night,Day,Day,Day
A-96,Source2,2,2016-02-11 07:28:16,2016-02-11 07:58:16,39.994061,-82.729416,,,0.01,Accident on OH-16 Broad St at County Hwy-41 Mink St. Expect delays.,Mink St SW,Pataskala,Licking,OH,43062-9413,US,US/Eastern,KVTA,2016-02-11 07:54:00,7.0,,77.0,30.24,10.0,North,,,Overcast,False,False,False,False,False,False,False,False,False,False,False,False,False,Day,Day,Day,Day
A-97,Source2,3,2016-02-11 07:29:06,2016-02-11 08:18:10,41.355396,-81.81926700000002,,,0.01,Accident on I-71 Northbound at Exit 234 US-42 Pearl Rd.,I-71 S,Cleveland,Cuyahoga,OH,44130,US,US/Eastern,KCLE,2016-02-11 07:51:00,15.1,-1.6,51.0,30.18,10.0,NW,18.4,,Mostly Cloudy,False,False,False,False,False,False,False,False,False,False,False,False,False,Day,Day,Day,Day
A-98,Source2,2,2016-02-11 07:53:55,2016-02-11 08:23:55,39.687389,-84.23796800000002,,,0.0,Accident on Vance Rd at Main St. Expect delays.,Vance Rd,Dayton,Montgomery,OH,45439,US,US/Eastern,KMGY,2016-02-11 07:53:00,9.0,,77.0,30.26,9.0,Calm,,,Clear,False,False,False,False,False,False,False,False,False,False,False,False,False,Day,Day,Day,Day
A-99,Source2,2,2016-02-11 08:07:02,2016-02-11 08:37:02,39.751038,-84.214325,,,0.01,Accident on Broadway St at Home Ave. Expect delays.,Home Ave,Dayton,Montgomery,OH,45402-8230,US,US/Eastern,KFFO,2016-02-11 07:58:00,7.5,-1.1,87.0,30.28,10.0,SSW,4.6,,Scattered Clouds,False,False,False,False,False,False,False,False,False,False,False,False,False,Day,Day,Day,Day
A-100,Source2,2,2016-02-11 08:13:24,2016-02-11 08:43:24,39.749916,-84.139359,,,0.01,Accident on US-35 Westbound at Smithville Rd. Expect delays.,US-35 E,Dayton,Montgomery,OH,45410,US,US/Eastern,KFFO,2016-02-11 07:58:00,7.5,-1.1,87.0,30.28,10.0,SSW,4.6,,Scattered Clouds,False,False,False,False,False,False,False,False,False,False,False,False,False,Day,Day,Day,Day
A-101,Source2,2,2016-02-11 08:23:17,2016-02-11 08:53:17,39.97509,-82.88460500000002,,,0.01,Accident on OH-16 Broad St at Yearling Rd. Expect delays.,E Broad St,Columbus,Franklin,OH,43213-1359,US,US/Eastern,KCMH,2016-02-11 08:51:00,12.0,2.7,70.0,30.27,9.0,WNW,5.8,,Overcast,False,False,True,False,False,False,False,False,False,False,False,True,False,Day,Day,Day,Day
A-102,Source3,2,2016-02-11 08:34:14,2016-02-11 09:04:14,40.11195,-83.016663,,,0.48,One lane blocked due to accident on US-23 High St Southbound from Campus View Blvd to Exits 23A 23B I-270 Outerbelt.,N High St,Columbus,Franklin,OH,43235,US,US/Eastern,KOSU,2016-02-11 08:53:00,12.0,1.5,77.0,30.26,10.0,West,6.9,,Overcast,False,False,False,False,True,False,False,False,False,False,False,False,False,Day,Day,Day,Day
A-103,Source2,3,2016-02-11 08:29:21,2016-02-11 08:59:21,41.424313,-81.57914,,,0.01,Accident on I-480 Eastbound at Exit 23 OH-14 Broadway Ave.,I-480 E,Maple Heights,Cuyahoga,OH,44137,US,US/Eastern,KBKL,2016-02-11 08:53:00,18.0,-0.2,54.0,30.16,10.0,WNW,25.3,,Overcast,False,False,False,False,False,False,False,False,False,False,False,False,False,Day,Day,Day,Day
A-104,Source2,2,2016-02-11 09:16:13,2016-02-11 10:01:13,39.691864,-84.211166,,,0.0,Accident on Lamme Rd at Owendale Dr.,Lamme Rd,Dayton,Montgomery,OH,45439,US,US/Eastern,KMGY,2016-02-11 08:53:00,12.0,,73.0,30.28,10.0,Calm,,,Clear,False,False,False,False,False,False,False,False,False,False,False,False,False,Day,Day,Day,Day
A-105,Source2,2,2016-02-11 09:16:13,2016-02-11 10:01:13,39.769173,-84.20728299999998,,,0.0,Accident on Grafton Ave at Grand Ave.,W Grand Ave,Dayton,Montgomery,OH,45405-4408,US,US/Eastern,KDAY,2016-02-11 08:56:00,10.9,0.2,77.0,30.29,10.0,WNW,6.9,,Mostly Cloudy,False,False,False,False,False,False,False,False,False,False,False,True,False,Day,Day,Day,Day
A-106,Source2,2,2016-02-11 09:31:23,2016-02-11 10:01:23,39.75452,-84.159279,,,0.01,Accident on US-35 Eastbound at Steve Whalen Blvd. Expect delays.,US-35 E,Dayton,Montgomery,OH,45410,US,US/Eastern,KFFO,2016-02-11 09:58:00,13.6,7.7,74.0,30.32,10.0,Variable,3.5,,Overcast,False,False,False,False,False,False,False,False,False,False,False,False,False,Day,Day,Day,Day
A-107,Source2,3,2016-02-11 09:37:31,2016-02-11 10:07:31,39.874947,-83.003937,,,0.01,One lane blocked due to accident on I-270 Outerbelt Westbound at Exits 52 52A 52B US-23 High St. Expect delays.,S High St,Columbus,Franklin,OH,43207,US,US/Eastern,KLCK,2016-02-11 09:35:00,10.4,2.2,78.0,30.25,10.0,South,4.6,,Overcast,False,False,False,False,True,False,False,False,False,False,False,False,False,Day,Day,Day,Day
A-108,Source2,2,2016-02-11 09:46:39,2016-02-11 10:16:39,39.769596,-84.176964,,,0.01,Accident on OH-4 Keowee St at Keowee St / OH-4 Valley St. Expect delays.,N Keowee St,Dayton,Montgomery,OH,45404,US,US/Eastern,KFFO,2016-02-11 09:58:00,13.6,7.7,74.0,30.32,10.0,Variable,3.5,,Overcast,False,False,False,False,False,False,False,False,False,False,False,False,False,Day,Day,Day,Day
A-109,Source2,2,2016-02-11 10:48:29,2016-02-11 11:18:29,39.776417,-84.23026999999998,,,0.0,Accident on Burroughs Dr at Cornell Dr. Expect delays.,Burroughs Dr,Dayton,Montgomery,OH,45406,US,US/Eastern,KDAY,2016-02-11 10:56:00,18.0,6.1,68.0,30.32,10.0,WNW,10.4,,Mostly Cloudy,False,False,False,False,False,False,False,False,False,False,False,False,False,Day,Day,Day,Day
A-110,Source2,2,2016-02-11 10:53:56,2016-02-11 11:23:56,39.64185,-84.227455,,,0.0,Accident on Summit Glen Dr near Mall Woods Dr. Expect delays.,Mall Woods Dr,Dayton,Montgomery,OH,45449-3625,US,US/Eastern,KMGY,2016-02-11 10:53:00,18.0,8.7,54.0,30.31,10.0,WNW,6.9,,Clear,False,False,False,False,False,False,False,False,False,False,False,False,False,Day,Day,Day,Day
A-111,Source2,2,2016-02-11 11:21:42,2016-02-11 11:51:42,39.76028400000001,-84.196434,,,0.01,Accident on 2nd St at OH-4 Perry St. Expect delays.,W 2nd St,Dayton,Montgomery,OH,45402-1411,US,US/Eastern,KFFO,2016-02-11 10:58:00,18.5,7.5,62.0,30.32,10.0,WNW,9.2,,Mostly Cloudy,False,False,True,False,False,False,False,False,False,False,False,True,False,Day,Day,Day,Day
A-112,Source2,2,2016-02-11 12:24:45,2016-02-11 13:09:45,39.802528,-84.220093,,,0.01,Accident on OH-48 Main St at Melford Ave.,N Main St,Dayton,Montgomery,OH,45405-1604,US,US/Eastern,KDAY,2016-02-11 11:56:00,19.9,9.3,65.0,30.32,10.0,WNW,9.2,,Mostly Cloudy,False,False,False,False,False,False,False,False,False,False,False,False,False,Day,Day,Day,Day
A-113,Source2,2,2016-02-11 12:24:18,2016-02-11 12:54:18,39.828781,-84.19839499999998,,,0.01,Accident on Dixie Dr at Bartley Rd.,N Dixie Dr,Dayton,Montgomery,OH,45414-3309,US,US/Eastern,KDAY,2016-02-11 11:56:00,19.9,9.3,65.0,30.32,10.0,WNW,9.2,,Mostly Cloudy,False,False,False,False,False,False,False,False,False,False,False,True,False,Day,Day,Day,Day
A-114,Source2,2,2016-02-11 13:44:46,2016-02-11 14:14:46,39.733337,-84.180359,,,0.01,Accident on Brown St at Oakwood Ave.,Springhouse Rd,Dayton,Montgomery,OH,45409,US,US/Eastern,KFFO,2016-02-11 13:58:00,21.6,13.0,49.0,30.3,10.0,West,6.9,,Mostly Cloudy,True,False,True,False,False,False,False,False,False,False,False,True,False,Day,Day,Day,Day
A-115,Source2,2,2016-02-11 14:16:49,2016-02-11 14:46:49,39.759426,-84.138367,,,0.01,Accident on Smithville Rd at Speice Ave.,Speice Ave,Dayton,Montgomery,OH,45403-3130,US,US/Eastern,KFFO,2016-02-11 13:58:00,21.6,13.0,49.0,30.3,10.0,West,6.9,,Mostly Cloudy,False,False,False,False,False,False,False,False,False,False,False,False,False,Day,Day,Day,Day
A-116,Source2,2,2016-02-11 15:34:06,2016-02-11 16:19:06,39.78361500000001,-84.227531,,,0.0,Accident on Auburn Ave at Salem Ave.,Auburn Ave,Dayton,Montgomery,OH,45406-5615,US,US/Eastern,KDAY,2016-02-11 15:56:00,21.0,14.6,57.0,30.32,10.0,WNW,4.6,,Mostly Cloudy,False,False,False,False,False,False,False,False,False,False,False,False,False,Day,Day,Day,Day
A-117,Source2,2,2016-02-11 16:34:27,2016-02-11 17:19:27,39.74004,-84.194923,,,0.01,Accident on Stewart St at Edwin C Moses Blvd.,W Stewart St,Dayton,Montgomery,OH,45417,US,US/Eastern,KDAY,2016-02-11 16:56:00,21.0,11.4,57.0,30.33,10.0,North,8.1,,Mostly Cloudy,False,False,True,False,False,False,False,False,False,False,False,True,False,Day,Day,Day,Day
A-118,Source2,3,2016-02-11 17:10:00,2016-02-11 20:00:00,39.735199,-84.204948,,,0.01,Left lane blocked due to accident on I-75 Southbound at Exit 51 Edwin C Moses Blvd.,I-75 S,Dayton,Montgomery,OH,45417,US,US/Eastern,KDAY,2016-02-11 16:56:00,21.0,11.4,57.0,30.33,10.0,North,8.1,,Mostly Cloudy,False,False,False,False,False,False,False,False,False,False,False,False,False,Day,Day,Day,Day
A-119,Source2,2,2016-02-11 18:27:00,2016-02-11 21:00:00,39.749035,-84.20474200000002,,,0.01,Center lane blocked due to accident on US-35 Westbound at I-75.,I-75 N,Dayton,Montgomery,OH,45402,US,US/Eastern,KFFO,2016-02-11 17:58:00,21.0,11.4,51.0,30.34,10.0,NW,8.1,,Mostly Cloudy,False,False,False,False,False,False,False,False,False,False,False,False,False,Night,Day,Day,Day
A-120,Source2,3,2016-02-11 19:11:00,2016-02-11 21:00:00,39.969223,-82.984131,,,0.01,Right lane blocked due to accident on I-71 Innerbelt Southbound at Exit 108B I-670.,E Innerbelt S,Columbus,Franklin,OH,43203,US,US/Eastern,KCMH,2016-02-11 18:51:00,19.0,,57.0,30.34,9.0,Calm,,0.0,Light Snow,False,False,False,False,False,False,False,False,False,False,False,False,False,Night,Night,Night,Day
A-121,Source3,3,2016-02-11 19:22:00,2016-02-11 21:00:00,39.995369,-82.985085,,,0.01,Right lane blocked due to accident on I-71 Southbound at Exit 110B 11th Ave.,North Fwy S,Columbus,Franklin,OH,43211,US,US/Eastern,KCMH,2016-02-11 19:51:00,17.1,11.7,62.0,30.35,10.0,SW,3.5,0.0,Mostly Cloudy,False,False,False,False,False,False,False,False,False,False,False,False,False,Night,Night,Night,Day
A-122,Source2,3,2016-02-11 20:48:00,2016-02-11 23:54:00,39.744873,-84.205025,,,0.01,Left lane blocked due to accident on I-75 Northbound at Exits 52 52B US-35.,I-75 S,Dayton,Montgomery,OH,45417,US,US/Eastern,KDAY,2016-02-11 20:56:00,17.1,,68.0,30.35,10.0,Calm,,,Scattered Clouds,False,False,False,False,False,False,False,False,False,False,False,False,False,Night,Night,Night,Night
A-123,Source2,2,2016-02-12 16:16:51,2016-02-12 17:01:51,39.749786,-84.199493,,,0.0,Accident on Washington St at Edwin C Moses Blvd.,S Edwin C Moses Blvd,Dayton,Montgomery,OH,45402-8430,US,US/Eastern,KFFO,2016-02-12 16:13:00,26.6,14.3,59.0,30.04,10.0,West,16.1,,Light Snow,False,False,True,False,False,False,False,False,False,False,False,True,False,Day,Day,Day,Day
A-124,Source2,2,2016-02-12 16:42:52,2016-02-12 17:27:52,39.780331,-84.195076,,,0.01,Accident on Stanley Ave at Helena St.,Stanley Ave,Dayton,Montgomery,OH,45404-1016,US,US/Eastern,KFFO,2016-02-12 16:58:00,25.5,12.9,66.0,30.11,7.0,West,16.1,0.0,Light Snow,False,False,False,False,False,False,False,False,False,False,False,False,False,Day,Day,Day,Day
A-125,Source2,3,2016-02-12 17:47:41,2016-02-12 18:52:13,40.109928,-82.97820300000002,,,1.67,Three lanes blocked due to accident on I-71 Southbound between Exit 121 Polaris Pkwy and Exits 119 119A 119B I-270 Outerbelt.,North Fwy S,Columbus,Franklin,OH,43229,US,US/Eastern,KOSU,2016-02-12 17:50:00,23.0,11.1,80.0,30.03,3.0,West,12.7,0.0,Light Snow,False,False,False,False,True,False,False,False,False,False,False,False,False,Day,Day,Day,Day
A-126,Source2,3,2016-02-12 20:04:00,2016-02-12 23:59:00,40.11195,-83.016663,,,0.94,Left lane blocked due to accident on I-270 Outerbelt Eastbound between Exits 22 22A 22B OH-315 Olentangy Fwy and Exit 23 US-23 High St.,N High St,Columbus,Franklin,OH,43235,US,US/Eastern,KOSU,2016-02-12 19:53:00,19.0,1.6,71.0,30.14,5.0,NW,24.2,0.0,Light Snow,False,False,False,False,True,False,False,False,False,False,False,False,False,Night,Night,Night,Night
A-127,Source2,3,2016-02-12 20:12:00,2016-02-12 23:59:00,40.112156,-83.035072,,,0.94,Left lane blocked due to accident on I-270 Outerbelt Westbound between Exit 23 US-23 High St and Exits 22 22A 22B OH-315 Olentangy Fwy.,Outerbelt E,Columbus,Franklin,OH,43235,US,US/Eastern,KOSU,2016-02-12 19:53:00,19.0,1.6,71.0,30.14,5.0,NW,24.2,0.0,Light Snow,False,False,False,False,True,False,False,False,False,False,False,False,False,Night,Night,Night,Night
A-128,Source2,3,2016-02-12 20:41:00,2016-02-12 23:59:00,39.871761,-82.933449,,,2.79,Left lane blocked due to accident on I-270 Outerbelt Westbound between Exits 46 46A 46B US-33 and Exit 49 Alum Creek Dr.,Outerbelt E,Columbus,Franklin,OH,43207,US,US/Eastern,KLCK,2016-02-12 20:35:00,19.9,3.2,62.0,30.13,10.0,NW,23.0,,Scattered Clouds,False,False,False,False,False,False,False,False,False,False,False,False,False,Night,Night,Night,Night
A-129,Source2,3,2016-02-12 23:48:00,2016-02-13 01:00:00,39.934517,-82.86065699999997,,,0.01,Accident on I-70 Eastbound at Exits 108 108A-B I-270 Outerbelt.,I-70 E,Columbus,Franklin,OH,43232,US,US/Eastern,KCMH,2016-02-12 23:51:00,16.0,1.7,68.0,30.25,10.0,NW,13.8,0.0,Mostly Cloudy,False,False,False,False,False,False,False,False,False,False,False,False,False,Night,Night,Night,Night
A-130,Source2,3,2016-02-13 11:05:00,2016-02-13 11:35:00,40.02404,-82.99479699999998,,,0.01,Accident on I-71 Northbound at Exit 113 Silver Dr.,E Weber Rd,Columbus,Franklin,OH,43211,US,US/Eastern,KCMH,2016-02-13 10:51:00,10.0,-4.5,44.0,30.54,10.0,NW,11.5,,Partly Cloudy,False,False,False,False,False,False,False,False,False,False,False,False,False,Day,Day,Day,Day
A-131,Source2,3,2016-02-13 11:05:21,2016-02-13 12:05:21,41.014015,-81.932777,,,0.01,Accident on I-71 Northbound in Westfield Center.,I-71 N,Seville,Medina,OH,44273,US,US/Eastern,KBJJ,2016-02-13 10:56:00,8.1,-8.4,61.0,30.48,10.0,WNW,13.8,,Scattered Clouds,False,False,False,False,False,False,False,False,False,False,False,False,False,Day,Day,Day,Day
A-132,Source2,2,2016-02-13 11:17:01,2016-02-13 12:17:01,40.575069,-82.528145,,,0.01,Accident on OH-13 State Route 13 Northbound at Smith Rd.,State Route 13,Bellville,Richland,OH,44813-9053,US,US/Eastern,KMFD,2016-02-13 10:52:00,7.0,-8.3,58.0,30.49,10.0,WNW,11.5,,Clear,False,False,False,False,False,False,False,False,False,False,False,False,False,Day,Day,Day,Day
A-133,Source2,3,2016-02-13 11:25:42,2016-02-13 11:55:42,39.996578,-84.21680500000002,,,0.01,Accident on I-75 Southbound at Exit 73 OH-55 State Route 55. Approach with care.,I-75 S,Troy,Miami,OH,45373,US,US/Eastern,KDAY,2016-02-13 10:56:00,10.9,-1.8,51.0,30.57,10.0,NW,9.2,,Scattered Clouds,False,False,False,False,False,False,False,False,False,False,False,False,False,Day,Day,Day,Day
A-134,Source2,3,2016-02-13 12:56:31,2016-02-13 13:26:31,39.986324,-82.985458,,,0.01,Left lane blocked due to accident on I-71 North Fwy Southbound at 5th Ave.,North Fwy S,Columbus,Franklin,OH,43201,US,US/Eastern,KCMH,2016-02-13 12:51:00,12.9,-3.4,43.0,30.53,10.0,NNW,16.1,,Mostly Cloudy,False,False,False,False,True,False,False,False,False,False,False,False,False,Day,Day,Day,Day
A-135,Source2,3,2016-02-13 12:55:47,2016-02-13 13:25:47,40.013062,-82.90213,,,0.01,Right hand shoulder blocked due to accident on I-270 Outerbelt Northbound at Exits 35A 35B I-670 Northeast Fwy.,Outerbelt N,Columbus,Franklin,OH,43230,US,US/Eastern,KCMH,2016-02-13 12:51:00,12.9,-3.4,43.0,30.53,10.0,NNW,16.1,,Mostly Cloudy,False,False,False,False,False,False,False,False,False,False,False,False,False,Day,Day,Day,Day
A-136,Source2,3,2016-02-14 10:13:00,2016-02-14 23:59:00,39.981709,-82.98436,,,0.01,Left lane closed due to accident on I-71 Innerbelt Northbound at Exit 108B I-670.,North Fwy N,Columbus,Franklin,OH,43201,US,US/Eastern,KCMH,2016-02-14 09:51:00,10.0,0.4,70.0,30.52,10.0,SE,5.8,,Scattered Clouds,False,False,False,False,False,False,False,False,False,False,False,False,False,Day,Day,Day,Day
A-137,Source2,3,2016-02-14 10:49:23,2016-02-14 11:19:23,39.953022,-82.99889399999998,,,0.01,Right lane closed due to accident on I-71 Eastbound at US-23 High St.,S High St,Columbus,Franklin,OH,43215,US,US/Eastern,KCMH,2016-02-14 10:51:00,12.9,-0.2,65.0,30.5,10.0,SSE,10.4,,Scattered Clouds,False,False,False,False,False,False,False,False,False,False,False,False,False,Day,Day,Day,Day
A-138,Source2,3,2016-02-14 10:41:57,2016-02-14 11:11:57,39.973812,-82.983162,,,0.01,Lane blocked due to accident on I-670 Northbound at Exits 4C 5 5A 5B I-71 Innerbelt.,I-670 E,Columbus,Franklin,OH,43203,US,US/Eastern,KCMH,2016-02-14 10:51:00,12.9,-0.2,65.0,30.5,10.0,SSE,10.4,,Scattered Clouds,False,False,False,False,False,False,False,False,False,False,False,False,False,Day,Day,Day,Day
A-139,Source2,3,2016-02-14 18:15:23,2016-02-14 19:30:00,39.978306,-82.852554,,,0.01,Accident on I-270 Outerbelt Northbound at Exit 39 OH-16 Broad St.,E Broad St,Columbus,Franklin,OH,43213,US,US/Eastern,KCMH,2016-02-14 18:06:00,15.8,3.4,79.0,30.24,0.5,ESE,10.4,0.0,Snow,False,False,False,False,True,False,False,False,False,False,False,False,False,Night,Day,Day,Day
A-140,Source2,3,2016-02-14 19:17:01,2016-02-14 20:30:00,39.917412,-83.014236,,,0.01,Lane blocked due to accident on I-71 Northbound at Exit 104 OH-104 Frank Rd.,Frank Rd,Columbus,Franklin,OH,43223,US,US/Eastern,KTZR,2016-02-14 19:15:00,17.6,,86.0,30.23,1.0,Calm,,,Light Snow,False,False,False,False,False,False,False,False,False,False,False,False,False,Night,Night,Night,Day
A-141,Source2,2,2016-02-15 04:53:47,2016-02-15 05:23:47,39.469582,-83.712799,,,0.01,Accident on US-22 US Highway 22 3 both ways at County Hwy-9 Melvin Rd.,E US Highway 22 3,Wilmington,Clinton,OH,45177-7762,US,US/Eastern,KILN,2016-02-15 04:54:00,23.0,13.9,96.0,30.09,2.5,SSE,8.1,,Overcast,False,False,False,False,False,False,False,False,False,False,False,False,False,Night,Night,Night,Night
A-142,Source2,2,2016-02-15 05:22:00,2016-02-15 05:52:00,39.63958,-84.234818,,,0.01,Accident on Byers Rd near Monarch Ln.,Byers Rd,Miamisburg,Montgomery,OH,45342-3613,US,US/Eastern,KMGY,2016-02-15 05:03:00,23.0,13.9,92.0,29.97,1.5,SSE,8.1,,Overcast,False,False,False,False,False,False,False,False,False,False,False,False,False,Night,Night,Night,Night
A-143,Source2,3,2016-02-15 05:42:25,2016-02-15 06:12:25,39.975986,-82.996307,,,0.71,Lane blocked due to accident on I-670 Westbound between i-71 North Fwy Exits 109A 109B and Third St.,I-670 W,Columbus,Franklin,OH,43215,US,US/Eastern,KCMH,2016-02-15 05:51:00,21.9,14.5,89.0,30.06,5.0,SE,5.8,0.0,Light Freezing Drizzle,False,False,False,False,True,False,False,False,False,False,False,False,False,Night,Night,Night,Night
A-144,Source2,3,2016-02-15 06:36:00,2016-02-15 09:00:00,39.951401,-83.040161,,,0.01,Left lane closed due to accident on I-70 Westbound at Exit 98A US-62 Central Ave.,I-70 W,Columbus,Franklin,OH,43223,US,US/Eastern,KTZR,2016-02-15 06:15:00,22.8,13.6,96.0,30.02,3.0,SSE,8.1,,Light Snow,False,False,False,False,False,False,False,False,False,False,False,False,False,Night,Night,Day,Day
A-145,Source2,2,2016-02-15 07:02:39,2016-02-15 07:32:39,39.96888,-83.022263,,,2.04,Lane blocked due to accident on OH-315 Innerbelt Southbound from Olentangy River Rd to I-670.,North Innerbelt W,Columbus,Franklin,OH,43215,US,US/Eastern,KCMH,2016-02-15 07:01:00,23.0,15.8,86.0,30.03,3.0,SE,5.8,0.0,Light Freezing Drizzle,False,False,False,False,False,False,False,False,False,False,False,False,False,Night,Day,Day,Day
A-146,Source2,3,2016-02-15 07:17:51,2016-02-15 07:47:51,39.804295,-84.178917,,,0.01,Accident on Webster St at Wagoner Ford Rd.,Webster St,Dayton,Montgomery,OH,45414-4935,US,US/Eastern,KDAY,2016-02-15 06:56:00,23.0,15.8,96.0,30.03,0.2,SSE,5.8,0.0,Light Freezing Drizzle,False,False,False,False,False,False,False,False,False,False,False,False,False,Night,Day,Day,Day
A-147,Source2,2,2016-02-15 07:15:56,2016-02-15 07:45:56,39.831444,-84.097267,,,0.0,Lane blocked due to accident on Heritage Park Blvd at Greeley Ave.,Greeley Ave,Dayton,Montgomery,OH,45424-1794,US,US/Eastern,KFFO,2016-02-15 06:58:00,24.1,17.0,98.0,30.04,1.5,SSE,5.8,0.0,Light Snow,False,False,False,False,False,False,False,False,False,False,False,False,False,Night,Day,Day,Day
A-148,Source2,3,2016-02-15 07:07:00,2016-02-15 10:00:00,39.890587,-83.03538499999998,,,0.01,Right lane closed due to accident on I-270 Outerbelt Westbound at I-71 Exit 101.,Outerbelt W,Grove City,Franklin,OH,43123,US,US/Eastern,KTZR,2016-02-15 07:20:00,24.8,17.9,100.0,30.01,1.5,SE,5.8,,Light Snow,False,False,False,False,False,False,False,False,False,False,False,False,False,Night,Day,Day,Day
A-149,Source2,3,2016-02-15 07:23:58,2016-02-15 07:53:58,39.770977,-84.183914,,,0.01,Accident on I-75 Southbound at Exits 54A 54B OH-4.,OH-4 S,Dayton,Montgomery,OH,45404,US,US/Eastern,KFFO,2016-02-15 07:38:00,24.8,,100.0,30.04,1.5,SSW,2.3,,Light Freezing Drizzle,False,False,False,False,False,False,False,False,False,False,False,False,False,Night,Day,Day,Day
A-150,Source2,2,2016-02-15 07:28:24,2016-02-15 07:58:24,39.808121,-84.173477,,,0.01,Lane blocked due to accident on Wagoner Ford Rd at Chuck Wagner Ln.,Chuck Wagner Ln,Dayton,Montgomery,OH,45414,US,US/Eastern,KDAY,2016-02-15 07:56:00,24.1,18.2,96.0,30.02,0.8,SE,4.6,0.0,Light Freezing Drizzle,False,False,False,False,False,False,False,False,False,False,False,False,False,Night,Day,Day,Day
A-151,Source2,2,2016-02-15 07:37:49,2016-02-15 08:07:49,41.410461,-81.725853,,,0.0,Accident on Westlake Ave at Torrington Ave.,Westlake Ave,Cleveland,Cuyahoga,OH,44129-2344,US,US/Eastern,KCLE,2016-02-15 07:51:00,21.0,9.3,85.0,30.1,4.0,SSE,11.5,0.0,Light Snow,False,False,False,False,False,False,False,False,False,False,False,False,False,Day,Day,Day,Day
A-152,Source2,3,2016-02-15 07:46:58,2016-02-15 08:16:58,39.747753,-84.20558199999998,,,0.01,Lane blocked due to accident on I-75 Northbound at Exits 52 52B US-35.,I-75 S,Dayton,Montgomery,OH,45417,US,US/Eastern,KDAY,2016-02-15 07:56:00,24.1,18.2,96.0,30.02,0.8,SE,4.6,0.0,Light Freezing Drizzle,False,False,False,False,False,False,False,False,False,False,False,False,False,Day,Day,Day,Day
A-153,Source2,3,2016-02-15 07:52:29,2016-02-15 08:22:29,39.6395,-84.23136099999998,,,0.01,Lane blocked due to accident on I-75 Northbound at OH-725 Miamisburg Centerville Rd.,Miamisburg Centerville Rd,Dayton,Montgomery,OH,45449,US,US/Eastern,KMGY,2016-02-15 07:53:00,26.1,17.6,92.0,30.01,4.0,South,8.1,,Overcast,False,False,False,False,False,False,False,False,False,False,False,False,False,Day,Day,Day,Day
A-154,Source2,2,2016-02-15 08:00:58,2016-02-15 08:30:58,39.94537,-82.88744399999999,,,0.01,Lane blocked due to accident on Livingston Ave at Yearling Rd.,S Yearling Rd,Columbus,Franklin,OH,43227-2072,US,US/Eastern,KCMH,2016-02-15 07:51:00,24.1,17.0,91.0,30.06,1.0,SE,5.8,0.01,Light Freezing Drizzle,False,False,False,False,False,False,False,False,True,False,False,True,False,Day,Day,Day,Day
A-155,Source2,2,2016-02-15 08:11:33,2016-02-15 08:41:33,39.79813,-84.24479699999998,,,0.01,Lane blocked due to accident on Siebenthaler Ave at Klepinger Rd.,Klepinger Rd,Dayton,Montgomery,OH,45406,US,US/Eastern,KDAY,2016-02-15 08:23:00,25.0,17.1,96.0,29.99,0.8,South,6.9,0.0,Overcast,False,False,False,False,False,False,False,False,False,False,False,True,False,Day,Day,Day,Day
A-156,Source2,2,2016-02-15 08:10:15,2016-02-15 08:40:15,40.081715,-82.89576,,,0.01,Lane blocked due to accident on OH-161 New Albany Expy Eastbound at Sunbury Rd.,S Sunbury Rd,Westerville,Franklin,OH,43081,US,US/Eastern,KCMH,2016-02-15 07:51:00,24.1,17.0,91.0,30.06,1.0,SE,5.8,0.01,Light Freezing Drizzle,False,False,False,False,False,False,False,False,False,False,False,True,False,Day,Day,Day,Day
A-157,Source2,2,2016-02-15 08:15:01,2016-02-15 09:04:00,41.111031,-81.550728,,,0.0,Accident on Burning Tree Dr near Saint Andrews Dr.,Burning Tree Dr,Akron,Summit,OH,44303-1209,US,US/Eastern,KAKR,2016-02-15 08:03:00,23.0,15.8,85.0,30.03,2.0,SSE,5.8,,Overcast,False,False,False,False,False,False,False,False,False,False,False,False,False,Day,Day,Day,Day
A-158,Source2,2,2016-02-15 08:31:47,2016-02-15 09:01:47,40.082016,-82.937119,,,0.01,Accident on OH-161 Dublin Granville Rd at Ponderosa Dr.,E Dublin Granville Rd,Columbus,Franklin,OH,43231,US,US/Eastern,KCMH,2016-02-15 08:51:00,26.1,19.4,88.0,30.06,1.0,SSE,5.8,0.01,Light Freezing Drizzle,False,False,False,False,False,False,False,False,False,False,False,True,False,Day,Day,Day,Day
A-159,Source2,2,2016-02-15 08:39:04,2016-02-15 09:09:04,39.763363,-84.15535,,,0.0,Accident on 4th St at Philadelphia St.,E 4th St,Dayton,Montgomery,OH,45403-2111,US,US/Eastern,KFFO,2016-02-15 08:58:00,27.0,23.0,98.0,30.04,2.5,SSW,3.5,0.0,Light Freezing Drizzle,False,False,False,False,False,False,False,False,False,False,False,False,False,Day,Day,Day,Day
A-160,Source2,2,2016-02-15 11:31:02,2016-02-15 12:01:02,39.740063,-84.191833,,,0.01,Accident on Stewart St at Patterson Blvd.,W Stewart St,Dayton,Montgomery,OH,45402,US,US/Eastern,KFFO,2016-02-15 11:51:00,32.0,26.4,100.0,29.99,1.5,SSE,5.8,,Overcast,False,False,True,False,False,False,False,False,False,False,False,True,False,Day,Day,Day,Day
A-161,Source2,2,2016-02-15 12:30:47,2016-02-15 13:15:47,39.99876,-82.625221,,,0.01,Accident on County Hwy-39 York Rd at County Hwy-34 Blacks Rd.,Blacks Rd SW,Pataskala,Licking,OH,43062-8599,US,US/Eastern,KVTA,2016-02-15 12:54:00,32.0,24.8,85.0,29.99,5.0,South,8.1,,Overcast,False,False,False,False,False,False,False,False,False,False,False,False,False,Day,Day,Day,Day
A-162,Source2,2,2016-02-15 12:34:50,2016-02-15 13:19:50,39.740063,-84.191833,,,0.01,Accident on Stewart St at Patterson Blvd.,W Stewart St,Dayton,Montgomery,OH,45402,US,US/Eastern,KFFO,2016-02-15 12:27:00,32.0,26.4,100.0,29.98,4.0,South,5.8,,Overcast,False,False,True,False,False,False,False,False,False,False,False,True,False,Day,Day,Day,Day
A-163,Source2,2,2016-02-15 12:53:44,2016-02-15 13:23:44,39.99519,-82.86859100000002,,,0.01,Accident on OH-317 Hamilton Rd near Sawyer Rd.,Sawyer Rd,Columbus,Franklin,OH,43219,US,US/Eastern,KCMH,2016-02-15 12:51:00,30.9,23.5,89.0,29.99,2.0,South,8.1,0.0,Mostly Cloudy,False,False,False,False,False,False,False,False,False,False,False,True,False,Day,Day,Day,Day
A-164,Source2,1,2016-02-15 17:22:10,2016-02-15 18:07:10,41.395805,-81.935562,,,0.0,Accident on Westlawn Dr at Holly Dr.,Maplehurst Rd,North Olmsted,Cuyahoga,OH,44070-5152,US,US/Eastern,KCLE,2016-02-15 17:51:00,33.1,27.7,82.0,29.95,7.0,SSE,5.8,,Overcast,False,False,False,False,False,False,False,False,False,False,False,False,False,Day,Day,Day,Day
A-165,Source2,2,2016-02-15 18:27:18,2016-02-15 19:12:18,39.887058,-82.883263,,,0.01,Accident on OH-317 Hamilton Rd Southbound at Williams Rd. Approach with care.,Williams Rd,Groveport,Franklin,OH,43125,US,US/Eastern,KLCK,2016-02-15 18:35:00,33.6,30.6,94.0,29.86,7.0,East,3.5,,Light Drizzle,False,False,False,False,False,False,False,False,False,False,False,True,False,Night,Day,Day,Day
A-166,Source2,3,2016-02-15 19:37:18,2016-02-15 20:22:18,39.824703,-83.141228,,,0.01,Right lane blocked due to accident on I-71 Northbound at Exit 94 US-62 Harrisburg Pike. Approach with care.,I-71 N,Orient,Franklin,OH,43146,US,US/Eastern,KTZR,2016-02-15 19:35:00,32.9,,100.0,29.86,1.8,Calm,,,Overcast,False,False,False,False,False,False,False,False,False,False,False,False,False,Night,Night,Night,Day
A-167,Source2,2,2016-02-15 21:09:25,2016-02-15 21:39:25,40.977516,-82.790749,,,0.0,Accident on County Hwy-208 Auburn Rd at County Hwy-50 Scott Rd.,N Auburn Rd,Tiro,Crawford,OH,44887-9600,US,US/Eastern,KMFD,2016-02-15 20:52:00,32.0,26.4,100.0,29.88,0.5,ESE,5.8,,Fog,False,False,False,False,False,False,False,False,False,False,False,False,False,Night,Night,Night,Night
A-168,Source2,3,2016-02-16 04:05:51,2016-02-16 04:35:51,40.11195,-83.016663,,,0.01,One lane blocked due to accident on I-270 Outerbelt Westbound at Exit 23 US-23 High St. Expect delays.,N High St,Columbus,Franklin,OH,43235,US,US/Eastern,KOSU,2016-02-16 03:53:00,32.0,24.8,100.0,29.71,1.2,NW,8.1,0.04,Light Snow,False,False,False,False,True,False,False,False,False,False,False,False,False,Night,Night,Night,Night
A-169,Source2,3,2016-02-16 04:32:29,2016-02-16 05:02:29,41.150993,-81.631393,,,0.01,Accident on I-77 Northbound at Exit 138 Ghent Rd. Expect delays.,I-77 S,Akron,Summit,OH,44333,US,US/Eastern,KAKR,2016-02-16 04:54:00,34.0,28.0,89.0,29.67,1.2,North,6.9,0.03,Light Snow,False,False,False,False,True,False,False,False,False,False,False,False,False,Night,Night,Night,Night
A-170,Source2,3,2016-02-16 05:22:24,2016-02-16 05:52:24,39.824703,-83.141228,,,0.01,Accident on I-71 Northbound at Exit 94 US-62 Harrisburg Pike. Expect delays.,I-71 N,Orient,Franklin,OH,43146,US,US/Eastern,KTZR,2016-02-16 05:15:00,32.2,25.8,100.0,29.7,3.0,NW,6.9,,Light Snow,False,False,False,False,False,False,False,False,False,False,False,False,False,Night,Night,Night,Night
A-171,Source2,2,2016-02-16 05:37:52,2016-02-16 06:07:52,39.885872,-82.806198,,,0.0,Accident on Wright Rd at Bowen Rd. Expect delays.,Bowen Rd,Canal Winchester,Franklin,OH,43110,US,US/Eastern,KLCK,2016-02-16 05:35:00,32.0,26.4,99.0,29.69,2.5,NNW,5.8,,Light Snow,False,False,False,False,False,False,False,False,False,False,False,False,False,Night,Night,Night,Night
A-172,Source2,3,2016-02-16 06:05:20,2016-02-16 06:50:20,40.11195,-83.016663,,,0.01,One lane blocked due to accident on I-270 Outerbelt Westbound at Exit 23 US-23 High St.,N High St,Columbus,Franklin,OH,43235,US,US/Eastern,KOSU,2016-02-16 05:53:00,33.1,26.1,96.0,29.71,5.0,NNW,8.1,0.0,Overcast,False,False,False,False,True,False,False,False,False,False,False,False,False,Night,Night,Night,Day
A-173,Source2,3,2016-02-16 06:17:32,2016-02-16 06:47:32,40.09917100000001,-83.134499,,,0.01,Accident on I-270 Outerbelt Northbound at Exits 17A 17B US-33 Columbus Marysville Rd. Expect delays.,Columbus Marysville Rd N,Dublin,Franklin,OH,43017,US,US/Eastern,KOSU,2016-02-16 05:53:00,33.1,26.1,96.0,29.71,5.0,NNW,8.1,0.0,Overcast,False,False,False,False,False,False,False,False,False,False,False,False,False,Night,Night,Night,Day
A-174,Source2,2,2016-02-16 06:32:55,2016-02-16 07:02:55,40.012829,-83.109131,,,0.01,Accident on Scioto Darby Rd at Dublin Rd. Expect delays.,Scioto Darby Rd,Columbus,Franklin,OH,43221,US,US/Eastern,KOSU,2016-02-16 06:53:00,32.0,23.0,96.0,29.71,5.0,NNW,11.5,,Overcast,False,False,False,False,False,False,False,False,False,False,False,True,False,Night,Night,Day,Day
A-175,Source2,2,2016-02-16 06:29:15,2016-02-16 06:59:15,40.048183,-82.945183,,,0.01,Accident on OH-3 Westerville Rd at Ferris Rd / Walnut Creek Dr. Expect delays.,Westerville Rd,Columbus,Franklin,OH,43224-2585,US,US/Eastern,KCMH,2016-02-16 06:51:00,32.0,23.6,92.0,29.71,2.0,NNW,10.4,0.01,Overcast,False,False,False,False,False,False,False,False,False,False,False,False,False,Night,Night,Day,Day
A-176,Source2,2,2016-02-16 06:39:15,2016-02-16 07:09:15,39.77792,-84.246872,,,0.0,Accident on Karwin Dr at Otterbein Ave. Expect delays.,Otterbein Ave,Dayton,Montgomery,OH,45406-3629,US,US/Eastern,KDAY,2016-02-16 06:56:00,30.9,22.2,96.0,29.78,2.0,NW,10.4,,Overcast,False,False,False,False,False,False,False,False,False,False,False,False,False,Night,Night,Day,Day
A-177,Source2,3,2016-02-16 06:34:11,2016-02-16 07:04:11,39.917412,-83.014236,,,1.65,Left hand shoulder blocked due to accident on I-71 Southbound from Exit 105 Greenlawn Ave to Exit 104 OH-104 Frank Rd.,Frank Rd,Columbus,Franklin,OH,43223,US,US/Eastern,KTZR,2016-02-16 06:15:00,32.2,25.8,100.0,29.69,4.0,NNW,6.9,,Overcast,False,False,False,False,False,False,False,False,False,False,False,False,False,Night,Night,Day,Day
A-178,Source2,3,2016-02-16 06:47:00,2016-02-16 07:17:00,41.313236,-81.810959,,,0.01,One lane blocked due to jackknifed truck on I-71 Southbound at Exits 231 231A 231B OH-82 Royalton Rd. Expect delays.,I-71 N,Strongsville,Cuyahoga,OH,44136,US,US/Eastern,KCLE,2016-02-16 06:51:00,32.0,24.8,92.0,29.73,1.8,North,8.1,0.02,Light Snow,False,False,False,False,False,False,False,False,False,False,False,False,False,Night,Night,Day,Day
A-179,Source2,2,2016-02-16 06:50:07,2016-02-16 07:20:07,39.691998,-84.043655,,,0.01,Accident on Alpha Bellbrook Rd at Indian Ripple Rd. Expect delays.,Indian Ripple Rd,Beavercreek,Montgomery,OH,45440-3606,US,US/Eastern,KMGY,2016-02-16 06:53:00,32.0,24.8,88.0,29.76,3.0,NW,8.1,,Overcast,False,False,False,False,False,False,False,False,False,False,False,False,False,Night,Night,Day,Day
A-180,Source2,2,2016-02-16 06:50:44,2016-02-16 07:20:44,39.852417,-82.93860600000002,,,0.01,Accident on Alum Creek Dr at Toy Rd. Expect delays.,Toy Rd,Groveport,Franklin,OH,43125,US,US/Eastern,KLCK,2016-02-16 06:55:00,32.0,24.8,99.0,29.7,7.0,NW,8.1,,Overcast,False,False,False,False,False,False,False,False,False,False,False,True,False,Night,Night,Day,Day
A-181,Source2,3,2016-02-16 07:02:31,2016-02-16 07:32:31,39.956909,-83.044914,,,0.01,Left hand shoulder blocked due to accident on I-70 Westbound at Exit 97 US-40 Broad St.,I-70 E,Columbus,Franklin,OH,43223,US,US/Eastern,KTZR,2016-02-16 07:25:00,32.0,25.6,100.0,29.72,3.0,NNW,6.9,,Overcast,False,False,False,False,False,False,False,False,False,False,False,False,False,Night,Day,Day,Day
A-182,Source2,2,2016-02-16 07:10:35,2016-02-16 07:40:35,39.602947,-82.951836,,,0.01,One lane blocked due to accident on US-23 US Highway 23 Southbound at US-22 US Highway 22 / US-22. Expect delays.,OH-56,Circleville,Pickaway,OH,43113,US,US/Eastern,KLCK,2016-02-16 07:15:00,32.0,23.6,99.0,29.71,7.0,NW,10.4,,Overcast,False,False,False,False,False,False,False,False,False,False,False,False,False,Night,Day,Day,Day
A-183,Source2,2,2016-02-16 07:12:17,2016-02-16 07:42:17,39.89188400000001,-83.087547,,,0.01,Accident on Southwest Blvd at Farm Bank Way.,Southwest Blvd,Grove City,Franklin,OH,43123-2251,US,US/Eastern,KTZR,2016-02-16 07:25:00,32.0,25.6,100.0,29.72,3.0,NNW,6.9,,Overcast,False,False,False,False,False,False,False,False,False,False,False,False,False,Night,Day,Day,Day
A-184,Source2,2,2016-02-16 07:29:07,2016-02-16 07:59:07,39.78508400000001,-84.210564,,,0.01,Accident on OH-48 Main St at Fairview Ave. Expect delays.,N Main St,Dayton,Montgomery,OH,45405-3527,US,US/Eastern,KDAY,2016-02-16 07:27:00,30.0,21.1,100.0,29.75,2.0,NNW,10.4,,Overcast,False,False,False,False,False,False,False,False,False,False,False,True,False,Day,Day,Day,Day
A-185,Source2,3,2016-02-16 07:52:41,2016-02-16 08:22:41,40.1105,-82.977524,,,0.01,Accident on I-71 Northbound at Exits 119 119A 119B I-270 Outerbelt. Expect delays.,Outerbelt W,Columbus,Franklin,OH,43085,US,US/Eastern,KOSU,2016-02-16 07:53:00,32.0,24.2,96.0,29.75,3.0,NW,9.2,,Overcast,False,False,False,False,False,False,False,False,False,False,False,False,False,Day,Day,Day,Day
A-186,Source2,2,2016-02-16 07:55:23,2016-02-16 08:25:23,40.757088,-82.50975,,,0.01,Accident on US-42 2nd St at US-42 Hedges St / 2nd St. Expect delays.,E 2nd St,Mansfield,Richland,OH,44902-2068,US,US/Eastern,KMFD,2016-02-16 07:52:00,30.0,21.1,100.0,29.73,5.0,NNW,10.4,0.0,Overcast,False,False,False,False,False,False,False,False,False,True,False,False,False,Day,Day,Day,Day
A-187,Source2,3,2016-02-16 07:56:09,2016-02-16 08:26:09,41.063995,-81.57294499999998,,,0.01,Accident on I-77 Southbound at Exit 130 OH-261 Vernon Odom Blvd. Expect delays.,Vernon Odom Blvd,Akron,Summit,OH,44320-4026,US,US/Eastern,KAKR,2016-02-16 07:54:00,34.0,28.0,89.0,29.68,1.8,North,6.9,0.0,Light Snow,False,False,False,False,False,False,False,False,False,False,False,False,False,Day,Day,Day,Day
A-188,Source2,3,2016-02-16 07:58:47,2016-02-16 08:28:47,40.004749,-82.867638,,,0.01,One lane blocked due to accident on I-270 Outerbelt Northbound at Exit 37 OH-317 Hamilton Rd. Expect delays.,N Hamilton Rd,Columbus,Franklin,OH,43230,US,US/Eastern,KCMH,2016-02-16 07:51:00,32.0,24.8,88.0,29.75,5.0,NNW,8.1,,Overcast,False,False,False,False,False,False,False,False,False,False,False,False,False,Day,Day,Day,Day
A-189,Source2,2,2016-02-16 08:13:51,2016-02-16 08:43:51,40.033955,-83.000862,,,0.01,Accident on US-23 Indianola Ave at Dunedin Rd.,Indianola Ave,Columbus,Franklin,OH,43214-3810,US,US/Eastern,KOSU,2016-02-16 07:53:00,32.0,24.2,96.0,29.75,3.0,NW,9.2,,Overcast,False,False,False,False,False,False,False,False,True,False,False,False,False,Day,Day,Day,Day
A-190,Source2,2,2016-02-16 08:20:32,2016-02-16 08:50:32,38.929512,-83.495262,,,1.65,One lane blocked due to accident on OH-32 Appalachian Hwy Westbound from County Hwy-13 Lawshe Rd to Barry McFarland Dr.,Appalachian Hwy,Peebles,Adams,OH,45660,US,US/Eastern,KILN,2016-02-16 08:12:00,30.9,22.8,100.0,29.76,1.0,WNW,9.2,,Overcast,False,False,False,False,False,False,False,False,False,False,False,False,False,Day,Day,Day,Day
A-191,Source2,3,2016-02-16 08:26:30,2016-02-16 08:56:30,39.973419,-83.081558,,,0.01,One lane blocked due to accident on I-70 Westbound at Exit 95 Fisher Rd. Expect delays.,N Hague Ave,Columbus,Franklin,OH,43204-2174,US,US/Eastern,KTZR,2016-02-16 08:47:00,32.0,28.7,100.0,29.77,2.5,NW,3.5,,Overcast,False,False,False,False,False,False,False,False,False,False,False,False,False,Day,Day,Day,Day
A-192,Source2,2,2016-02-16 08:36:20,2016-02-16 09:06:20,39.797958,-84.255135,,,0.01,Accident on Gettysburg Ave at Free Pike. Expect delays.,Free Pike,Dayton,Montgomery,OH,45416-1234,US,US/Eastern,KDAY,2016-02-16 08:41:00,30.0,23.2,96.0,29.79,1.5,NW,6.9,,Overcast,False,False,False,False,False,False,False,False,False,False,False,True,False,Day,Day,Day,Day
A-193,Source2,3,2016-02-16 08:42:17,2016-02-16 09:12:17,40.057369,-82.903717,,,0.01,Accident on I-270 Outerbelt Northbound at Exit 32 Morse Rd. Expect delays.,Outerbelt S,Columbus,Franklin,OH,43230,US,US/Eastern,KCMH,2016-02-16 08:51:00,32.0,24.8,88.0,29.78,4.0,NW,8.1,,Overcast,False,False,False,False,False,False,False,False,False,False,False,False,False,Day,Day,Day,Day
A-194,Source2,2,2016-02-16 08:41:46,2016-02-16 09:11:46,39.847927,-82.848274,,,0.01,Accident on Groveport Rd at Rager Rd. Expect delays.,Groveport Rd,Canal Winchester,Franklin,OH,43110,US,US/Eastern,KLCK,2016-02-16 08:35:00,32.0,26.4,97.0,29.76,3.0,NW,5.8,,Overcast,False,False,False,False,False,False,False,False,False,False,False,False,False,Day,Day,Day,Day
A-195,Source2,2,2016-02-16 08:57:31,2016-02-16 09:27:31,40.051949,-83.03280600000002,,,0.01,One lane blocked due to accident on OH-315 Olentangy Fwy Southbound at Exit 7 Olentangy River Rd. Expect delays.,W Henderson Rd,Columbus,Franklin,OH,43214,US,US/Eastern,KOSU,2016-02-16 08:53:00,32.0,26.4,96.0,29.78,2.5,NW,5.8,,Overcast,False,False,False,False,False,False,False,False,False,False,False,False,False,Day,Day,Day,Day
A-196,Source2,2,2016-02-16 10:03:00,2016-02-16 13:00:00,40.051949,-83.03280600000002,,,0.01,Lane blocked on exit ramp due to accident on Olentangy River Rd Northbound at Olentangy River Rd / Henderson Rd.,W Henderson Rd,Columbus,Franklin,OH,43214,US,US/Eastern,KOSU,2016-02-16 10:00:00,33.1,24.9,92.0,29.77,2.5,WNW,10.4,,Overcast,False,False,False,False,False,False,False,False,False,False,False,False,False,Day,Day,Day,Day
A-197,Source2,2,2016-02-16 10:58:52,2016-02-16 11:28:52,39.772823,-84.135612,,,0.0,Accident on Radio Rd at Smithville Rd. Expect delays.,Radio Rd,Dayton,Greene,OH,45431-1035,US,US/Eastern,KFFO,2016-02-16 10:58:00,31.1,25.4,88.0,29.86,6.0,WNW,5.8,,Overcast,False,False,False,False,False,False,False,False,False,False,False,False,False,Day,Day,Day,Day
A-198,Source2,2,2016-02-16 11:12:18,2016-02-16 11:42:18,39.673203,-84.221886,,,0.01,Accident on Alex Bell Rd at OH-741 Springboro Pike. Expect delays.,Springboro Pike,Dayton,Montgomery,OH,45449-2808,US,US/Eastern,KMGY,2016-02-16 11:29:00,30.9,22.8,76.0,29.81,6.0,WNW,9.2,,Haze,False,False,False,False,False,False,False,False,False,False,False,True,False,Day,Day,Day,Day
A-199,Source2,2,2016-02-16 11:11:35,2016-02-16 11:41:35,39.76244000000001,-84.20506999999998,,,0.01,Accident on Riverview Ave at Salem Ave. Expect delays.,Salem Ave,Dayton,Montgomery,OH,45406,US,US/Eastern,KDAY,2016-02-16 11:06:00,30.0,24.1,92.0,29.82,1.8,NW,5.8,0.0,Light Snow,False,False,True,False,False,False,False,False,False,False,False,True,False,Day,Day,Day,Day
A-200,Source2,2,2016-02-16 11:10:17,2016-02-16 11:40:17,39.79166,-84.169342,,,0.0,Accident on Kuntz Rd at Janney Rd. Expect delays.,Kuntz Rd,Dayton,Montgomery,OH,45404-1222,US,US/Eastern,KFFO,2016-02-16 10:58:00,31.1,25.4,88.0,29.86,6.0,WNW,5.8,,Overcast,False,False,False,False,False,False,False,False,False,False,False,False,False,Day,Day,Day,Day
A-201,Source2,2,2016-02-16 11:11:03,2016-02-16 11:41:03,39.72757,-84.13549,,,0.0,Accident on Hazel Ave at Russell Ave. Expect delays.,Russell Ave,Dayton,Montgomery,OH,45420,US,US/Eastern,KFFO,2016-02-16 10:58:00,31.1,25.4,88.0,29.86,6.0,WNW,5.8,,Overcast,False,False,False,False,False,False,False,False,False,False,False,False,False,Day,Day,Day,Day
A-202,Source2,3,2016-02-16 11:32:10,2016-02-16 12:02:10,40.09917100000001,-83.134499,,,0.01,Accident on I-270 Outerbelt Westbound at Exits 17A 17B US-33 Columbus Marysville Rd. Expect delays.,Columbus Marysville Rd N,Dublin,Franklin,OH,43017,US,US/Eastern,KOSU,2016-02-16 11:36:00,32.0,23.0,92.0,29.78,2.5,West,11.5,,Overcast,False,False,False,False,False,False,False,False,False,False,False,False,False,Day,Day,Day,Day
A-203,Source2,3,2016-02-16 13:46:09,2016-02-16 14:16:09,38.455898,-81.93562299999998,,,0.01,One lane blocked and queueing traffic due to accident on I-64 Eastbound at Exit 39 WV-34.,WV-34,Hurricane,Putnam,WV,25526,US,US/Eastern,KCRW,2016-02-16 13:54:00,35.1,27.9,89.0,29.81,2.0,WSW,9.2,,Overcast,False,False,False,False,False,False,False,False,False,False,False,False,False,Day,Day,Day,Day
A-204,Source2,2,2016-02-16 14:02:11,2016-02-16 14:47:11,39.764778,-84.177193,,,0.01,Accident on OH-4 Keowee St at OH-4 Keowee St.,N Keowee St,Dayton,Montgomery,OH,45402,US,US/Eastern,KFFO,2016-02-16 13:58:00,32.4,25.3,79.0,29.81,10.0,West,8.1,,Overcast,False,False,False,False,False,False,False,False,False,False,False,True,False,Day,Day,Day,Day
A-205,Source2,3,2016-02-16 16:47:00,2016-02-16 21:00:00,40.016014,-82.903442,,,0.01,Entry ramp closed due to accident on I-270 Outerbelt Westbound at Exits 35A 35B I-670 Northeast Fwy.,Northeast Fwy S,Columbus,Franklin,OH,43230,US,US/Eastern,KCMH,2016-02-16 16:51:00,32.0,24.2,75.0,29.82,7.0,WNW,9.2,0.0,Overcast,False,False,False,False,True,False,False,False,False,False,False,False,False,Day,Day,Day,Day
A-206,Source2,2,2016-02-17 05:31:16,2016-02-17 06:01:16,39.686901,-83.911812,,,0.01,Accident on Main St at Jasper Ave / Patton St. Expect delays.,E Main St,Xenia,Greene,OH,45385-3309,US,US/Eastern,KFFO,2016-02-17 05:58:00,30.4,26.9,90.0,30.08,10.0,West,3.5,,Overcast,False,False,True,False,False,False,False,False,False,False,False,True,False,Night,Night,Night,Night
A-207,Source2,2,2016-02-17 05:45:55,2016-02-17 06:15:55,39.74403,-84.214638,,,0.01,Accident on Dona Ave at Broadway St. Expect delays.,S Broadway St,Dayton,Montgomery,OH,45417-3913,US,US/Eastern,KDAY,2016-02-17 05:56:00,30.0,23.2,88.0,30.07,6.0,WNW,6.9,,Overcast,False,False,False,False,False,False,False,False,False,False,False,False,False,Night,Night,Night,Night
A-208,Source2,2,2016-02-17 06:27:01,2016-02-17 06:57:01,39.955738,-83.002953,,,0.01,Accident on US-62 Main St at 2nd St / Civic Center Dr. Expect delays.,S 2nd St,Columbus,Franklin,OH,43215,US,US/Eastern,KCMH,2016-02-17 06:46:00,28.4,21.2,80.0,30.05,7.0,WNW,6.9,,Overcast,True,False,True,False,False,False,False,False,False,False,False,True,False,Night,Night,Day,Day
A-209,Source2,2,2016-02-17 06:32:23,2016-02-17 07:02:23,38.98587,-84.052551,,,0.01,Accident on OH-133 State Route 133 near Tudor Ln. Expect delays.,State Route 133,Bethel,Clermont,OH,45106-8345,US,US/Eastern,KI69,2016-02-17 06:37:00,30.9,27.5,91.0,30.07,7.0,West,3.5,,Overcast,False,False,False,False,False,False,False,False,False,False,False,False,False,Night,Night,Day,Day
A-210,Source2,2,2016-02-17 06:44:13,2016-02-17 07:14:13,41.12336,-81.652626,,,0.01,Accident on OH-21 Northbound at I-77. Expect delays.,I-77 N,Akron,Summit,OH,44321,US,US/Eastern,KAKR,2016-02-17 06:54:00,28.0,21.7,81.0,30.03,7.0,SW,5.8,0.0,Overcast,False,False,False,False,False,False,False,False,False,False,False,False,False,Night,Night,Day,Day
A-211,Source2,3,2016-02-17 07:10:58,2016-02-17 07:40:58,41.403664,-82.13942,,,0.01,Right hand shoulder blocked due to accident on I-90 Eastbound at OH-2.,OH-2 W,Elyria,Lorain,OH,44035,US,US/Eastern,KLPR,2016-02-17 07:20:00,28.0,20.8,85.0,30.03,6.0,West,6.9,,Overcast,False,False,False,False,False,False,False,False,False,False,False,False,False,Night,Day,Day,Day
A-212,Source2,3,2016-02-17 07:14:08,2016-02-17 07:44:08,39.719009,-84.21461500000002,,,0.01,Accident on I-75 Southbound before Exit 50B OH-741 Springboro Rd. Expect delays.,I-75 N,Dayton,Montgomery,OH,45439,US,US/Eastern,KMGY,2016-02-17 07:06:00,30.0,24.1,82.0,30.07,5.0,West,5.8,,Haze,False,False,False,False,False,False,False,False,False,False,False,False,False,Night,Day,Day,Day
A-213,Source2,3,2016-02-17 07:22:56,2016-02-17 07:52:56,41.063995,-81.57294499999998,,,0.01,Accident on I-77 Northbound at Exit 130 OH-261 Vernon Odom Blvd. Expect delays.,Vernon Odom Blvd,Akron,Summit,OH,44320-4026,US,US/Eastern,KAKR,2016-02-17 06:54:00,28.0,21.7,81.0,30.03,7.0,SW,5.8,0.0,Overcast,False,False,False,False,False,False,False,False,False,False,False,False,False,Day,Day,Day,Day
A-214,Source2,2,2016-02-17 07:29:02,2016-02-17 07:59:02,39.741764,-84.209923,,,0.0,Accident on Wildwood Ave at Stewart St. Expect delays.,W Stewart St,Dayton,Montgomery,OH,45417-3933,US,US/Eastern,KDAY,2016-02-17 07:56:00,30.0,22.4,92.0,30.14,3.0,NW,8.1,,Overcast,False,False,False,False,False,False,False,False,False,False,False,False,False,Day,Day,Day,Day
A-215,Source2,3,2016-02-17 07:30:19,2016-02-17 08:00:19,39.933804,-82.78944399999997,,,0.01,Accident on I-70 Westbound at Exits 112 112A 112B OH-256 Hill Rd. Expect delays.,Hill Rd N,Pickerington,Fairfield,OH,43147,US,US/Eastern,KLHQ,2016-02-17 07:28:00,30.0,26.5,79.0,30.08,7.0,WSW,3.5,,Overcast,False,False,False,False,False,False,False,False,False,False,False,False,False,Day,Day,Day,Day
A-216,Source2,2,2016-02-17 07:40:55,2016-02-17 08:10:55,39.673203,-84.221886,,,0.01,Accident on Alex Bell Rd at OH-741 Springboro Pike. Expect delays.,Springboro Pike,Dayton,Montgomery,OH,45449-2808,US,US/Eastern,KMGY,2016-02-17 07:53:00,30.0,25.2,85.0,30.12,3.0,West,4.6,,Overcast,False,False,False,False,False,False,False,False,False,False,False,True,False,Day,Day,Day,Day
A-217,Source2,2,2016-02-17 07:39:25,2016-02-17 08:09:25,38.997852,-84.043739,,,1.73,Accident on OH-133 State Route 133 from Macedonia Rd to Clover Rd. Expect delays.,Clover Rd,Bethel,Clermont,OH,45106-8301,US,US/Eastern,KI69,2016-02-17 07:37:00,31.1,24.5,92.0,30.11,7.0,West,6.9,,Overcast,False,False,False,False,False,False,False,False,False,False,False,False,False,Day,Day,Day,Day
A-218,Source2,2,2016-02-17 07:43:28,2016-02-17 08:13:28,40.080402,-82.87745699999998,,,0.01,Right hand shoulder blocked due to accident on OH-161 New Albany Expy Westbound at Little Turtle Way / Dublin Granville Rd.,New Albany Expy W,Westerville,Franklin,OH,43081,US,US/Eastern,KCMH,2016-02-17 07:44:00,30.2,23.4,75.0,30.08,5.0,West,6.9,,Haze,False,False,False,False,False,False,False,False,False,False,False,False,False,Day,Day,Day,Day
A-219,Source2,3,2016-02-17 07:52:09,2016-02-17 08:22:09,41.04023,-81.608711,,,0.01,Accident on I-76 Eastbound at Exit 16 Barber Rd. Expect delays.,Barber Rd,Barberton,Summit,OH,44203,US,US/Eastern,KAKR,2016-02-17 07:54:00,28.0,22.8,81.0,30.06,6.0,WSW,4.6,,Haze,False,False,False,False,True,False,False,False,False,False,False,False,False,Day,Day,Day,Day
A-220,Source2,2,2016-02-17 08:02:55,2016-02-17 08:32:55,39.749664,-84.201012,,,0.0,Accident on Washington St at Cincinnati St. Expect delays.,Washington St,Dayton,Montgomery,OH,45402-8457,US,US/Eastern,KFFO,2016-02-17 07:58:00,30.7,24.9,90.0,30.14,4.0,WNW,5.8,,Overcast,False,False,False,False,False,False,False,False,False,False,False,False,False,Day,Day,Day,Day
A-221,Source2,2,2016-02-17 08:04:44,2016-02-17 08:34:44,39.749916,-84.139359,,,0.01,Accident on US-35 Eastbound at Smithville Rd. Expect delays.,US-35 E,Dayton,Montgomery,OH,45410,US,US/Eastern,KFFO,2016-02-17 07:58:00,30.7,24.9,90.0,30.14,4.0,WNW,5.8,,Overcast,False,False,False,False,False,False,False,False,False,False,False,False,False,Day,Day,Day,Day
A-222,Source2,3,2016-02-17 07:49:00,2016-02-17 21:00:00,41.039204,-81.631744,,,0.01,One lane blocked due to accident on I-76 Eastbound at Exit 14 Cleveland Massillon Rd.,US-224 E,Barberton,Summit,OH,44203,US,US/Eastern,KAKR,2016-02-17 07:50:00,28.4,21.2,80.0,30.02,6.0,WSW,6.9,,Haze,False,False,False,False,False,False,False,False,False,False,False,False,False,Day,Day,Day,Day
A-223,Source2,2,2016-02-17 08:17:11,2016-02-17 08:47:11,40.993484,-82.03600300000002,,,0.0,Accident on Repp Rd at County Hwy-34 Franchester Rd.,Franchester Rd,Burbank,Wayne,OH,44214-9603,US,US/Eastern,KBJJ,2016-02-17 07:56:00,27.0,18.0,85.0,30.08,4.0,WSW,9.2,,Overcast,False,False,False,False,False,False,False,False,False,False,False,False,False,Day,Day,Day,Day
A-224,Source2,3,2016-02-17 08:28:56,2016-02-17 08:58:56,41.407391,-81.64676700000003,,,0.01,Accident on I-480 Eastbound at Exit 20A-B I-77. Expect delays.,Outerbelt South Fwy W,Independence,Cuyahoga,OH,44131,US,US/Eastern,KBKL,2016-02-17 08:15:00,30.0,21.1,82.0,30.05,6.0,WSW,10.4,0.0,Light Snow,False,False,False,False,False,False,False,False,False,False,False,False,False,Day,Day,Day,Day
A-225,Source2,2,2016-02-17 08:33:39,2016-02-17 09:03:39,39.732441,-84.224243,,,0.01,Accident on Nicholas Rd at Danner Ave. Expect delays.,Nicholas Rd,Dayton,Montgomery,OH,45417-6720,US,US/Eastern,KDAY,2016-02-17 08:56:00,30.0,22.4,96.0,30.18,2.5,NW,8.1,,Overcast,False,False,False,False,False,False,False,False,False,False,False,False,False,Day,Day,Day,Day
A-226,Source2,3,2016-02-17 08:59:18,2016-02-17 09:29:18,39.773193,-84.187454,,,0.01,Accident on I-75 Southbound at Exits 54A 54B OH-4. Expect delays.,I-75 S,Dayton,Montgomery,OH,45404,US,US/Eastern,KFFO,2016-02-17 08:58:00,31.1,25.4,92.0,30.18,6.0,WNW,5.8,,Overcast,False,False,False,False,False,False,False,False,False,False,False,False,False,Day,Day,Day,Day
A-227,Source2,2,2016-02-17 10:00:29,2016-02-17 10:30:29,39.792931,-84.215195,,,0.01,Accident on OH-48 Main St at Pointview Ave. Expect delays.,N Main St,Dayton,Montgomery,OH,45405-2858,US,US/Eastern,KDAY,2016-02-17 09:56:00,32.0,26.4,88.0,30.2,4.0,West,5.8,,Overcast,False,False,False,False,False,False,False,False,False,False,False,False,False,Day,Day,Day,Day
A-228,Source2,3,2016-02-17 10:19:04,2016-02-17 10:49:05,39.948299,-82.047081,,,0.01,One lane blocked due to accident on I-70 Westbound at Exit 152 US-40 West Pike. Expect delays.,I-70 W,Zanesville,Muskingum,OH,43701,US,US/Eastern,KZZV,2016-02-17 09:53:00,33.1,27.7,72.0,30.16,5.0,West,5.8,,Haze,False,False,False,False,False,False,False,False,False,False,False,False,False,Day,Day,Day,Day
A-229,Source2,2,2016-02-17 10:32:29,2016-02-17 11:02:29,39.67263,-84.216522,,,0.0,Accident on Cobblegate Dr at Alex Bell Rd. Expect delays.,W Alex Bell Rd,Dayton,Montgomery,OH,45459-1122,US,US/Eastern,KMGY,2016-02-17 10:30:00,32.0,26.4,82.0,30.18,4.0,West,5.8,,Haze,False,False,False,False,False,False,False,False,False,False,False,False,False,Day,Day,Day,Day
A-230,Source2,2,2016-02-17 10:22:00,2016-02-17 21:00:00,41.172302,-83.64917,,,0.01,Entry ramp closed due to accident on OH-18 Deshler Rd at I-75.,I-75 N,North Baltimore,Wood,OH,45872,US,US/Eastern,KFDY,2016-02-17 09:53:00,33.1,23.9,82.0,30.14,3.0,West,12.7,,Haze,False,False,False,False,False,False,False,False,False,False,False,False,False,Day,Day,Day,Day
A-231,Source2,2,2016-02-17 12:57:34,2016-02-17 13:27:34,39.615208,-84.22731800000003,,,0.01,Accident on OH-741 Springboro Pike at Ferndown Dr.,Ferndown Dr,Miamisburg,Montgomery,OH,45342,US,US/Eastern,KMGY,2016-02-17 12:53:00,35.1,32.2,67.0,30.23,9.0,NW,3.5,,Overcast,False,False,True,False,False,False,False,False,False,False,False,True,False,Day,Day,Day,Day
A-232,Source2,2,2016-02-17 13:25:09,2016-02-17 14:10:09,39.790604,-84.25140400000002,,,0.01,Accident on Hillcrest Ave at Falmouth Ave.,W Hillcrest Ave,Dayton,Montgomery,OH,45406-2543,US,US/Eastern,KDAY,2016-02-17 12:56:00,36.0,28.5,59.0,30.23,10.0,NNW,10.4,,Mostly Cloudy,False,False,False,False,False,False,False,False,False,False,False,False,False,Day,Day,Day,Day
A-233,Source2,2,2016-02-17 17:17:12,2016-02-17 18:02:12,39.968788,-83.003754,,,0.0,Accident on Nationwide Blvd at Front St. Approach with care.,W Nationwide Blvd,Columbus,Franklin,OH,43215,US,US/Eastern,KCMH,2016-02-17 16:51:00,35.1,26.4,61.0,30.26,9.0,West,12.7,,Overcast,False,False,True,False,False,False,False,False,False,False,False,True,False,Day,Day,Day,Day
A-234,Source2,2,2016-02-18 04:25:02,2016-02-18 04:55:02,39.905334,-82.968689,,,0.01,Accident on Groveport Rd at Watkins Rd.,Watkins Rd,Columbus,Franklin,OH,43207-2661,US,US/Eastern,KLCK,2016-02-18 04:35:00,31.1,27.7,69.0,30.39,10.0,NW,3.5,,Overcast,False,False,False,False,False,False,False,False,False,False,False,False,False,Night,Night,Night,Night
A-235,Source2,2,2016-02-18 05:46:52,2016-02-18 06:16:52,39.855103,-84.183678,,,0.01,Accident on Little York Rd at Webster St. Expect delays.,Little York Rd,Dayton,Montgomery,OH,45414-2507,US,US/Eastern,KDAY,2016-02-18 05:56:00,27.0,,81.0,30.45,7.0,Calm,,,Mostly Cloudy,False,False,False,False,False,False,False,False,False,False,False,True,False,Night,Night,Night,Night
A-236,Source2,2,2016-02-18 06:27:59,2016-02-18 06:57:59,41.414131,-81.632141,,,0.01,Accident on OH-17 Granger Rd at Canal Rd. Expect delays.,Granger Rd,Cleveland,Cuyahoga,OH,44125-4827,US,US/Eastern,KBKL,2016-02-18 06:53:00,19.0,11.1,71.0,30.52,10.0,SE,5.8,,Clear,False,False,False,False,False,False,False,False,False,False,False,True,False,Night,Night,Day,Day
A-237,Source2,3,2016-02-18 07:00:26,2016-02-18 07:30:26,39.933804,-82.78944399999997,,,0.01,One lane blocked due to accident on I-70 Westbound at Exits 112 112A 112B OH-256 Hill Rd. Expect delays.,Hill Rd N,Pickerington,Fairfield,OH,43147,US,US/Eastern,KLHQ,2016-02-18 06:53:00,28.0,21.7,78.0,30.48,9.0,NNE,5.8,,Overcast,False,False,False,False,False,False,False,False,False,False,False,False,False,Night,Day,Day,Day
A-238,Source2,3,2016-02-18 07:47:17,2016-02-18 08:17:17,41.063995,-81.57294499999998,,,0.01,Accident on I-77 Southbound at Exit 130 OH-261 Vernon Odom Blvd. Expect delays.,Vernon Odom Blvd,Akron,Summit,OH,44320-4026,US,US/Eastern,KAKR,2016-02-18 07:43:00,3.9,,91.0,30.49,1.8,Calm,,,Clear,False,False,False,False,False,False,False,False,False,False,False,False,False,Day,Day,Day,Day
A-239,Source2,3,2016-02-18 07:51:15,2016-02-18 08:21:15,39.75782,-83.303154,,,0.01,One lane blocked due to accident on I-71 Southbound at Exit 84 OH-56 State Route 56. Expect delays.,State Route 56 SE,Mount Sterling,Madison,OH,43143,US,US/Eastern,KTZR,2016-02-18 07:50:00,23.0,,86.0,30.48,7.0,Calm,,,Mostly Cloudy,False,False,False,False,False,False,False,False,False,False,False,False,False,Day,Day,Day,Day
A-240,Source2,3,2016-02-18 07:49:43,2016-02-18 08:19:43,41.42181,-81.734482,,,0.01,Accident on I-480 Eastbound at Exit 15 Ridge Rd. Expect delays.,Ridge Rd,Cleveland,Cuyahoga,OH,44144,US,US/Eastern,KCLE,2016-02-18 07:51:00,12.9,6.9,88.0,30.58,8.0,SSE,3.5,,Clear,False,False,False,False,False,False,False,False,False,False,False,False,False,Day,Day,Day,Day
A-241,Source2,3,2016-02-18 07:55:22,2016-02-18 08:25:22,41.422199,-81.843018,,,0.01,Accident on I-480 Eastbound at Exit 9 OH-17 Brookpark Rd. Expect delays.,Grayton Rd,Cleveland,Cuyahoga,OH,44135,US,US/Eastern,KCLE,2016-02-18 07:51:00,12.9,6.9,88.0,30.58,8.0,SSE,3.5,,Clear,False,False,False,False,False,False,False,False,False,False,False,False,False,Day,Day,Day,Day
A-242,Source3,3,2016-02-18 07:50:11,2016-02-18 08:20:11,39.819839,-84.189087,,,0.01,One lane blocked due to accident on I-75 Northbound at Exit 58 Needmore Rd.,Needmore Rd,Dayton,Montgomery,OH,45414,US,US/Eastern,KDAY,2016-02-18 07:56:00,26.1,,81.0,30.5,5.0,Calm,,,Haze,False,False,False,False,False,False,False,False,False,False,False,False,False,Day,Day,Day,Day
A-243,Source3,2,2016-02-18 08:01:09,2016-02-18 08:31:09,39.745735,-84.120644,,,0.01,One lane blocked due to accident on US-35 Westbound at Woodman Dr.,Woodman Dr,Dayton,Montgomery,OH,45432,US,US/Eastern,KFFO,2016-02-18 07:58:00,25.9,,86.0,30.5,10.0,Calm,,,Mostly Cloudy,False,False,False,False,False,False,False,False,False,False,False,False,False,Day,Day,Day,Day
A-244,Source2,3,2016-02-18 08:00:26,2016-02-18 08:30:26,40.004749,-82.867638,,,0.01,Right hand shoulder blocked due to accident on I-270 Outerbelt Northbound at Exit 37 OH-317 Hamilton Rd.,N Hamilton Rd,Columbus,Franklin,OH,43230,US,US/Eastern,KCMH,2016-02-18 07:51:00,27.0,23.0,75.0,30.51,7.0,East,3.5,,Scattered Clouds,False,False,False,False,False,False,False,False,False,False,False,False,False,Day,Day,Day,Day
A-245,Source2,2,2016-02-18 08:15:01,2016-02-18 08:45:01,39.626396,-84.20768699999998,,,0.01,Accident on Washington Church Rd near Lyons Rd. Expect delays.,Lyons Rd,Miamisburg,Montgomery,OH,45342-5453,US,US/Eastern,KMGY,2016-02-18 07:53:00,27.0,23.0,78.0,30.48,5.0,South,3.5,,Haze,False,False,False,False,False,False,False,False,False,False,False,False,False,Day,Day,Day,Day
A-246,Source2,2,2016-02-18 08:12:56,2016-02-18 08:42:56,39.761005,-84.15855400000002,,,0.01,Accident on 5th St at Torrence St. Expect delays.,E 5th St,Dayton,Montgomery,OH,45403-2633,US,US/Eastern,KFFO,2016-02-18 07:58:00,25.9,,86.0,30.5,10.0,Calm,,,Mostly Cloudy,False,False,False,False,False,False,False,False,False,False,False,False,False,Day,Day,Day,Day
A-247,Source2,2,2016-02-18 08:15:59,2016-02-18 08:45:59,39.765377,-84.155914,,,0.0,Accident on Philadelphia St near 3rd St. Expect delays.,E 3rd St,Dayton,Montgomery,OH,45403-2021,US,US/Eastern,KFFO,2016-02-18 07:58:00,25.9,,86.0,30.5,10.0,Calm,,,Mostly Cloudy,False,False,False,False,False,False,False,False,False,False,False,False,False,Day,Day,Day,Day
A-248,Source2,3,2016-02-18 08:20:00,2016-02-18 08:50:00,39.936871,-82.936317,,,0.01,Accident on I-70 Eastbound at Exit 103B Alum Creek Dr. Expect delays.,I-70 E,Columbus,Franklin,OH,43209,US,US/Eastern,KCMH,2016-02-18 07:51:00,27.0,23.0,75.0,30.51,7.0,East,3.5,,Scattered Clouds,False,False,False,False,False,False,False,False,False,False,False,False,False,Day,Day,Day,Day
A-249,Source2,3,2016-02-18 08:22:38,2016-02-18 08:52:38,41.420666,-81.81644399999998,,,0.01,Accident on I-71 at Exit 238 I-480.,Outerbelt South Fwy W,Cleveland,Cuyahoga,OH,44135,US,US/Eastern,KCLE,2016-02-18 08:51:00,16.0,6.3,81.0,30.62,10.0,ESE,6.9,,Clear,False,False,False,False,False,False,False,False,False,False,False,False,False,Day,Day,Day,Day
A-250,Source2,2,2016-02-18 08:29:38,2016-02-18 08:59:38,39.607605,-84.15598299999998,,,0.0,Accident on Marco Ln at Mandel Dr. Expect delays.,Marco Ln,Dayton,Montgomery,OH,45458-3853,US,US/Eastern,KMGY,2016-02-18 08:53:00,28.9,,75.0,30.5,6.0,Calm,,,Haze,False,False,False,False,False,False,False,False,False,False,False,False,False,Day,Day,Day,Day
A-251,Source2,2,2016-02-18 08:37:28,2016-02-18 09:07:28,39.819809,-84.18710300000002,,,0.0,Accident on Wadsworth Rd at Needmore Rd. Expect delays.,Needmore Rd,Dayton,Montgomery,OH,45414-4203,US,US/Eastern,KDAY,2016-02-18 08:56:00,30.9,27.5,79.0,30.51,5.0,SE,3.5,,Haze,False,False,False,False,False,False,False,False,False,False,False,True,False,Day,Day,Day,Day
A-252,Source2,3,2016-02-18 08:39:27,2016-02-18 09:09:27,41.371895,-81.820786,,,0.01,Accident on I-71 Northbound at Exit 235 Bagley Rd. Expect delays.,I-71 N,Cleveland,Cuyahoga,OH,44130,US,US/Eastern,KCLE,2016-02-18 08:51:00,16.0,6.3,81.0,30.62,10.0,ESE,6.9,,Clear,False,False,False,False,False,False,False,False,False,False,False,False,False,Day,Day,Day,Day
A-253,Source2,2,2016-02-18 08:48:51,2016-02-18 09:18:51,39.999187,-83.075813,,,0.01,Accident on US-33 Riverside Dr at Trabue Rd / Cambridge Blvd. Expect delays.,Riverside Dr,Columbus,Franklin,OH,43221-4020,US,US/Eastern,KOSU,2016-02-18 08:53:00,27.0,19.5,85.0,30.53,8.0,East,6.9,,Clear,False,False,False,False,False,False,False,False,False,False,False,True,False,Day,Day,Day,Day
A-254,Source2,2,2016-02-18 08:51:29,2016-02-18 09:21:29,39.741695,-84.163101,,,0.0,Accident on Illinois Ave at Buchanan Ave. Expect delays.,Illinois Ave,Dayton,Montgomery,OH,45410-2036,US,US/Eastern,KFFO,2016-02-18 08:58:00,30.4,,82.0,30.52,10.0,Calm,,,Mostly Cloudy,False,False,False,False,False,False,False,False,False,False,False,False,False,Day,Day,Day,Day
A-255,Source2,3,2016-02-18 09:00:07,2016-02-18 09:30:07,39.917412,-83.014236,,,0.01,Right hand shoulder blocked due to accident on I-71 Northbound at Exit 104 OH-104 Frank Rd.,Frank Rd,Columbus,Franklin,OH,43223,US,US/Eastern,KTZR,2016-02-18 08:50:00,26.6,,80.0,30.5,7.0,Calm,,,Clear,False,False,False,False,False,False,False,False,False,False,False,False,False,Day,Day,Day,Day
A-256,Source2,2,2016-02-18 09:03:24,2016-02-18 09:48:24,41.423275,-81.76001,,,0.01,Accident on Tiedeman Rd Southbound at Cascade Xing.,Cascade Xing,Cleveland,Cuyahoga,OH,44144-2320,US,US/Eastern,KCLE,2016-02-18 08:51:00,16.0,6.3,81.0,30.62,10.0,ESE,6.9,,Clear,False,False,False,False,False,False,False,False,False,False,False,True,False,Day,Day,Day,Day
A-257,Source3,3,2016-02-18 09:25:10,2016-02-18 09:55:10,39.993843,-82.985054,,,0.01,Two lanes blocked due to accident on I-71 Southbound at Exit 110B 11th Ave. Expect delays.,North Fwy N,Columbus,Franklin,OH,43211,US,US/Eastern,KCMH,2016-02-18 09:51:00,30.0,23.2,72.0,30.53,7.0,East,6.9,,Mostly Cloudy,False,False,False,False,False,False,False,False,False,False,False,False,False,Day,Day,Day,Day
A-258,Source2,3,2016-02-18 09:22:26,2016-02-18 09:52:26,41.36974,-81.821457,,,0.01,Accident on I-71 Southbound at Exit 235 Bagley Rd.,I-71 S,Cleveland,Cuyahoga,OH,44130,US,US/Eastern,KCLE,2016-02-18 09:51:00,21.9,12.5,63.0,30.62,10.0,ESE,8.1,,Clear,False,False,False,False,False,False,False,False,False,False,False,False,False,Day,Day,Day,Day
A-259,Source2,3,2016-02-18 09:26:39,2016-02-18 09:56:39,41.420506,-81.816078,,,0.01,One lane blocked due to accident on I-71 Northbound near Exit 238 I-480. Expect delays.,I-480 E,Cleveland,Cuyahoga,OH,44135,US,US/Eastern,KCLE,2016-02-18 09:51:00,21.9,12.5,63.0,30.62,10.0,ESE,8.1,,Clear,False,False,False,False,False,False,False,False,False,False,False,False,False,Day,Day,Day,Day
A-260,Source2,3,2016-02-18 09:26:00,2016-02-18 09:56:00,41.407391,-81.64676700000003,,,0.01,One lane blocked due to accident on I-480 Eastbound at Exit 20A-B I-77. Expect delays.,Outerbelt South Fwy W,Independence,Cuyahoga,OH,44131,US,US/Eastern,KBKL,2016-02-18 09:53:00,24.1,17.0,62.0,30.59,10.0,SSE,5.8,,Clear,False,False,False,False,False,False,False,False,False,False,False,False,False,Day,Day,Day,Day
A-261,Source2,2,2016-02-18 09:45:05,2016-02-18 10:15:05,39.869961,-84.137642,,,0.01,Accident on OH-202 Troy Pike Southbound at I-70 Exit 36.,Troy Pike,Dayton,Montgomery,OH,45424,US,US/Eastern,KFFO,2016-02-18 08:58:00,30.4,,82.0,30.52,10.0,Calm,,,Mostly Cloudy,False,False,False,False,False,False,False,False,False,False,False,False,False,Day,Day,Day,Day
A-262,Source2,3,2016-02-18 10:15:59,2016-02-18 10:45:59,39.75782,-83.303154,,,0.01,One lane blocked due to accident on I-71 Southbound at Exit 84 OH-56 State Route 56. Expect delays.,State Route 56 SE,Mount Sterling,Madison,OH,43143,US,US/Eastern,KTZR,2016-02-18 09:50:00,32.0,26.4,75.0,30.51,7.0,ESE,5.8,,Scattered Clouds,False,False,False,False,False,False,False,False,False,False,False,False,False,Day,Day,Day,Day
A-263,Source2,3,2016-02-18 11:27:16,2016-02-18 11:57:16,39.84182,-84.18960600000003,,,0.01,Right hand shoulder blocked due to accident on I-75 Southbound at Exit 59 Wyse Rd.,Benchwood Rd,Dayton,Montgomery,OH,45414,US,US/Eastern,KDAY,2016-02-18 11:56:00,39.0,33.4,60.0,30.53,9.0,South,8.1,,Mostly Cloudy,False,False,False,False,False,False,False,False,False,False,False,True,False,Day,Day,Day,Day
A-264,Source2,2,2016-02-18 13:44:49,2016-02-18 14:14:49,39.695045,-84.10419499999998,,,0.0,Accident on Walnut St at Birch Aly.,Walnut St,Beavercreek,Montgomery,OH,45440-1379,US,US/Eastern,KMGY,2016-02-18 13:53:00,37.9,31.5,57.0,30.47,10.0,South,9.2,,Clear,False,False,False,False,False,False,False,False,False,False,False,False,False,Day,Day,Day,Day
A-265,Source2,2,2016-02-18 15:31:55,2016-02-18 16:16:55,39.754223,-84.224075,,,0.01,Accident on James H McGee Blvd at 3rd St.,N James H McGee Blvd,Dayton,Montgomery,OH,45402,US,US/Eastern,KFFO,2016-02-18 15:58:00,39.9,33.4,53.0,30.45,10.0,SE,10.4,,Mostly Cloudy,False,False,False,False,False,False,False,False,False,False,False,True,False,Day,Day,Day,Day
A-266,Source2,2,2016-02-18 15:46:33,2016-02-18 16:31:33,39.759544,-84.191811,,,0.01,Accident on Ludlow St at OH-48 Main St.,S Main St,Dayton,Montgomery,OH,45402,US,US/Eastern,KFFO,2016-02-18 15:58:00,39.9,33.4,53.0,30.45,10.0,SE,10.4,,Mostly Cloudy,True,False,True,False,False,False,False,False,False,False,False,True,False,Day,Day,Day,Day
A-267,Source2,2,2016-02-18 15:46:10,2016-02-18 16:31:10,39.755566,-84.180534,,,0.01,Accident on Wayne Ave at Cass St.,Wayne Ave,Dayton,Montgomery,OH,45410-1117,US,US/Eastern,KFFO,2016-02-18 15:58:00,39.9,33.4,53.0,30.45,10.0,SE,10.4,,Mostly Cloudy,False,False,False,False,False,False,False,False,False,False,False,False,False,Day,Day,Day,Day
A-268,Source2,3,2016-02-18 16:40:55,2016-02-18 17:10:55,39.960938,-84.189583,,,0.01,Delays expected due to accident on I-75 Northbound at Exit 68 OH-571 Main St.,W Main St,Tipp City,Miami,OH,45371,US,US/Eastern,KDAY,2016-02-18 16:56:00,37.9,28.2,60.0,30.41,10.0,SSE,18.4,,Overcast,False,False,False,False,False,False,False,False,False,False,False,False,False,Day,Day,Day,Day
A-269,Source2,2,2016-02-18 16:43:30,2016-02-18 17:13:30,39.609039,-84.155869,,,0.0,Accident on Mandel Dr at Box Elder Dr.,Mandel Dr,Dayton,Montgomery,OH,45458-3876,US,US/Eastern,KMGY,2016-02-18 16:53:00,37.9,28.9,55.0,30.41,10.0,SE,16.1,,Clear,False,False,False,False,False,False,False,False,False,False,False,False,False,Day,Day,Day,Day
A-270,Source2,3,2016-02-18 17:16:50,2016-02-18 17:46:50,39.953472,-82.960274,,,0.01,Accident on I-70 Eastbound at Exit 102 Kelton Ave. Approach with care.,I-70 E,Columbus,Franklin,OH,43205,US,US/Eastern,KCMH,2016-02-18 16:51:00,35.1,29.3,57.0,30.47,9.0,ESE,6.9,,Overcast,False,False,False,False,False,False,False,False,False,False,False,False,False,Day,Day,Day,Day
A-271,Source2,2,2016-02-18 17:24:32,2016-02-18 18:09:32,40.106297,-83.036079,,,0.01,Accident on OH-315 Olentangy Fwy at I-270 Outerbelt.,Olentangy Fwy S,Columbus,Franklin,OH,43235,US,US/Eastern,KOSU,2016-02-18 17:53:00,36.0,28.5,59.0,30.43,10.0,ESE,10.4,,Clear,False,False,False,False,False,False,False,False,False,False,False,False,False,Day,Day,Day,Day
A-272,Source2,2,2016-02-19 04:22:53,2016-02-19 04:52:53,39.812687,-84.22734799999998,,,0.01,Accident on Shoup Mill Rd at Turner Rd. Expect delays.,N Main St,Dayton,Montgomery,OH,45405,US,US/Eastern,KDAY,2016-02-19 03:56:00,39.9,30.8,63.0,30.13,10.0,SSE,18.4,,Overcast,False,False,True,False,False,False,False,False,False,False,False,True,False,Night,Night,Night,Night
A-273,Source2,2,2016-02-19 04:23:43,2016-02-19 04:53:43,39.724258,-84.213142,,,0.01,Accident on Springboro Rd at Arbor Blvd. Expect delays.,Arbor Blvd,Moraine,Montgomery,OH,45439-1510,US,US/Eastern,KMGY,2016-02-19 04:53:00,39.9,32.9,60.0,30.12,10.0,South,11.5,,Clear,False,False,False,False,False,False,False,False,False,False,False,False,False,Night,Night,Night,Night
A-274,Source2,2,2016-02-19 05:00:42,2016-02-19 05:30:42,39.929554,-82.995773,,,0.01,Accident on US-23 High St at Morrill Ave. Expect delays.,W Morrill Ave,Columbus,Franklin,OH,43207-1850,US,US/Eastern,KLCK,2016-02-19 04:55:00,35.4,28.4,68.0,30.18,10.0,SE,9.2,,Clear,False,False,True,False,False,False,False,False,False,False,False,False,False,Night,Night,Night,Night
A-275,Source2,3,2016-02-19 05:24:23,2016-02-19 05:54:23,39.976398,-83.119225,,,0.01,One lane blocked due to accident on I-70 Westbound at Exits 93 93A 93B I-270 Outerbelt. Expect delays.,Outerbelt S,Columbus,Franklin,OH,43204,US,US/Eastern,KTZR,2016-02-19 05:15:00,34.9,27.1,70.0,30.16,10.0,SSE,10.4,,Clear,False,False,False,False,False,False,False,False,False,False,False,False,False,Night,Night,Night,Night
A-276,Source2,2,2016-02-19 06:08:10,2016-02-19 06:53:10,39.915928,-82.98246800000003,,,0.01,Accident on Groveport Rd at OH-104 Frank Rd.,Groveport Rd,Columbus,Franklin,OH,43207,US,US/Eastern,KLCK,2016-02-19 06:15:00,35.4,29.7,68.0,30.15,10.0,SSE,6.9,,Clear,False,False,False,False,False,False,False,False,False,False,False,False,False,Night,Night,Night,Day
A-277,Source2,2,2016-02-19 06:33:33,2016-02-19 07:03:33,39.009884,-84.173073,,,0.01,Accident on OH-125 State Route 125 at OH-222 State Route 222 / OH-125 Ohio Pike. Expect delays.,State Route 125,Batavia,Clermont,OH,45103,US,US/Eastern,KI69,2016-02-19 06:36:00,43.5,37.1,57.0,30.11,10.0,South,12.7,,Clear,False,False,False,False,False,False,False,False,False,False,False,True,False,Night,Night,Day,Day
A-278,Source2,2,2016-02-19 06:36:02,2016-02-19 07:06:02,39.737701,-84.134987,,,0.0,Accident on Meriline Ave at Farnham Ave. Expect delays.,Meriline Ave,Dayton,Montgomery,OH,45420-2827,US,US/Eastern,KFFO,2016-02-19 06:58:00,41.0,34.7,61.0,30.1,10.0,SSE,10.4,,Clear,False,False,False,False,False,False,False,False,False,False,False,False,False,Night,Night,Day,Day
A-279,Source2,2,2016-02-19 07:06:51,2016-02-19 07:36:51,39.974285,-82.961174,,,0.0,Accident on Taylor Ave at Greenway Ave. Expect delays.,Taylor Ave,Columbus,Franklin,OH,43203-1222,US,US/Eastern,KCMH,2016-02-19 06:51:00,36.0,27.5,57.0,30.16,10.0,SE,12.7,,Mostly Cloudy,False,False,False,False,False,False,False,False,True,False,False,True,False,Night,Day,Day,Day
A-280,Source2,2,2016-02-19 07:23:09,2016-02-19 07:53:09,40.152611,-82.686996,,,0.01,Accident on US-62 Coshocton St at Williams St.,N Williams St,Johnstown,Licking,OH,43031-1037,US,US/Eastern,KCMH,2016-02-19 07:51:00,37.0,28.9,57.0,30.15,10.0,SE,12.7,,Overcast,True,False,False,False,False,False,False,False,False,False,False,False,False,Day,Day,Day,Day
A-281,Source2,2,2016-02-19 07:39:56,2016-02-19 08:09:56,39.786629,-84.18869000000002,,,0.01,Accident on Stanley Ave at Keowee St. Expect delays.,N Keowee St,Dayton,Montgomery,OH,45404-1104,US,US/Eastern,KFFO,2016-02-19 07:58:00,42.8,37.0,60.0,30.08,10.0,SSE,10.4,,Mostly Cloudy,False,False,True,False,False,False,False,False,False,False,False,True,False,Day,Day,Day,Day
A-282,Source2,2,2016-02-19 07:38:00,2016-02-19 08:08:00,40.016937,-83.156601,,,0.01,Accident on Hilliard Rome Rd at Tinapple Rd. Expect delays.,Hilliard Rome Rd,Hilliard,Franklin,OH,43026-9601,US,US/Eastern,KOSU,2016-02-19 07:53:00,37.0,29.3,62.0,30.12,10.0,SE,11.5,,Clear,False,False,False,False,False,False,False,False,False,False,False,True,False,Day,Day,Day,Day
A-283,Source2,2,2016-02-19 07:51:29,2016-02-19 08:21:29,40.003746,-83.15389300000002,,,0.01,Accident on Roberts Rd at Hilliard Rome Rd. Expect delays.,Hilliard Rome Rd,Hilliard,Franklin,OH,43026-9468,US,US/Eastern,KOSU,2016-02-19 07:53:00,37.0,29.3,62.0,30.12,10.0,SE,11.5,,Clear,False,False,True,False,False,False,False,False,False,False,False,True,False,Day,Day,Day,Day
A-284,Source2,3,2016-02-19 07:52:38,2016-02-19 08:22:38,39.736061,-84.093002,,,0.01,Accident on I-675 Northbound near Exits 13A 13A-B 13B US-35. Expect delays.,I-675 S,Dayton,Greene,OH,45430,US,US/Eastern,KFFO,2016-02-19 07:58:00,42.8,37.0,60.0,30.08,10.0,SSE,10.4,,Mostly Cloudy,False,False,False,False,False,False,False,False,False,False,False,False,False,Day,Day,Day,Day
A-285,Source2,2,2016-02-19 08:05:52,2016-02-19 08:35:52,41.375961,-83.647453,,,0.0,Accident on Court St at Summit St.,E Court St,Bowling Green,Wood,OH,43402-2428,US,US/Eastern,KTDZ,2016-02-19 07:53:00,43.0,34.5,53.0,29.98,10.0,South,19.6,,Clear,False,False,True,False,False,False,False,False,False,True,False,False,False,Day,Day,Day,Day
A-286,Source2,3,2016-02-19 08:18:42,2016-02-19 08:48:42,39.953648,-82.960373,,,0.01,Accident on I-70 Westbound at Exit 102 Kelton Ave. Expect delays.,East Fwy W,Columbus,Franklin,OH,43205,US,US/Eastern,KCMH,2016-02-19 07:51:00,37.0,28.9,57.0,30.15,10.0,SE,12.7,,Overcast,False,False,False,False,False,False,False,False,False,False,False,False,False,Day,Day,Day,Day
A-287,Source2,2,2016-02-19 08:28:12,2016-02-19 08:58:12,39.767757,-84.231712,,,0.0,Accident on Lexington Ave at Wilson Dr. Expect delays.,Wilson Dr,Dayton,Montgomery,OH,45402-5619,US,US/Eastern,KFFO,2016-02-19 08:58:00,47.7,,52.0,30.06,10.0,South,17.3,,Overcast,False,False,False,False,False,False,False,False,False,False,False,False,False,Day,Day,Day,Day
A-288,Source2,2,2016-02-19 08:32:47,2016-02-19 09:02:47,39.800312,-84.218811,,,0.0,Accident on Redwood Ave at OH-48 Main St. Expect delays.,N Main St,Dayton,Montgomery,OH,45405-5105,US,US/Eastern,KDAY,2016-02-19 08:56:00,48.0,,52.0,30.03,10.0,South,27.6,,Overcast,False,False,False,False,False,False,False,False,False,False,False,False,False,Day,Day,Day,Day
A-289,Source2,2,2016-02-19 08:58:38,2016-02-19 09:28:38,39.754055,-84.17588,,,0.01,Accident on Wayne Ave at /Keowee St / Wayne Ave. Expect delays.,US-35 E,Dayton,Montgomery,OH,45410,US,US/Eastern,KFFO,2016-02-19 08:58:00,47.7,,52.0,30.06,10.0,South,17.3,,Overcast,False,False,False,False,False,False,False,False,False,False,False,False,False,Day,Day,Day,Day
A-290,Source2,2,2016-02-19 10:24:05,2016-02-19 10:54:05,39.712257,-84.201782,,,0.0,Accident on Cardington Rd at Lance Dr. Expect delays.,Cardington Rd,Dayton,Montgomery,OH,45409,US,US/Eastern,KFFO,2016-02-19 09:58:00,49.6,,50.0,30.03,10.0,South,23.0,,Overcast,False,False,False,False,False,False,False,False,False,False,False,False,False,Day,Day,Day,Day
A-291,Source2,2,2016-02-19 11:23:40,2016-02-19 11:53:40,39.759201,-84.149101,,,0.0,Accident on Pleasant Ave at Harbine Ave. Expect delays.,Pleasant Ave,Dayton,Montgomery,OH,45403-2728,US,US/Eastern,KFFO,2016-02-19 10:58:00,53.8,,45.0,29.97,10.0,South,25.3,,Mostly Cloudy,False,False,False,False,False,False,False,False,False,False,False,False,False,Day,Day,Day,Day
A-292,Source2,2,2016-02-19 11:45:16,2016-02-19 12:15:16,39.759472,-84.243698,,,0.0,Accident on Walton Ave at Kammer Ave. Expect delays.,Walton Ave,Dayton,Montgomery,OH,45417-1525,US,US/Eastern,KDAY,2016-02-19 11:56:00,57.0,,44.0,29.91,10.0,SSW,27.6,,Scattered Clouds,False,False,False,False,False,False,False,False,False,False,False,False,False,Day,Day,Day,Day
A-293,Source2,2,2016-02-19 11:37:32,2016-02-19 12:07:32,39.797668,-84.217506,,,0.01,Accident on OH-48 Main St at Ashwood Ave. Expect delays.,N Main St,Dayton,Montgomery,OH,45405-2402,US,US/Eastern,KDAY,2016-02-19 11:56:00,57.0,,44.0,29.91,10.0,SSW,27.6,,Scattered Clouds,False,False,False,False,False,False,False,False,False,False,False,False,False,Day,Day,Day,Day
A-294,Source2,2,2016-02-19 11:29:02,2016-02-19 12:14:14,39.763664,-84.193298,,,0.01,Accident on OH-48 Main St at OH-4 Monument Ave. Expect delays.,W Monument Ave,Dayton,Montgomery,OH,45402-1201,US,US/Eastern,KFFO,2016-02-19 11:58:00,59.4,,37.0,29.93,10.0,SSW,29.9,,Clear,True,False,True,False,False,False,False,False,False,False,False,True,False,Day,Day,Day,Day
A-295,Source2,2,2016-02-19 11:38:14,2016-02-19 12:08:14,39.758121,-84.191414,,,0.01,Accident on OH-48 Main St at 4th St. Expect delays.,E 4th St,Dayton,Montgomery,OH,45402,US,US/Eastern,KFFO,2016-02-19 11:58:00,59.4,,37.0,29.93,10.0,SSW,29.9,,Clear,False,False,True,False,False,False,False,False,False,False,False,True,False,Day,Day,Day,Day
A-296,Source2,3,2016-02-19 11:27:47,2016-02-19 12:14:05,40.266499,-82.927544,,,0.01,Accident on I-71 Northbound at Exit 131 US-36 State Route 37. Expect delays.,I-71 S,Galena,Delaware,OH,43021,US,US/Eastern,KDLZ,2016-02-19 11:36:00,46.4,39.2,57.0,29.95,10.0,South,18.4,,Clear,False,False,False,False,False,False,False,False,False,False,False,False,False,Day,Day,Day,Day
A-297,Source2,2,2016-02-19 15:12:04,2016-02-19 15:42:04,40.099384,-83.155396,,,0.01,Accident on US-33 Columbus Marysville Rd at Avery Rd.,Columbus Marysville Rd N,Dublin,Franklin,OH,43017,US,US/Eastern,KOSU,2016-02-19 14:53:00,57.0,,47.0,29.81,10.0,South,21.9,,Overcast,False,False,False,False,False,False,False,False,False,False,False,False,False,Day,Day,Day,Day
A-298,Source2,2,2016-02-19 15:15:38,2016-02-19 15:45:38,39.981926,-83.046265,,,0.01,Accident on 1st Ave Westbound at Broadview Ave.,W 1st Ave,Columbus,Franklin,OH,43212-3426,US,US/Eastern,KOSU,2016-02-19 14:53:00,57.0,,47.0,29.81,10.0,South,21.9,,Overcast,False,False,False,False,False,False,False,False,False,False,False,False,False,Day,Day,Day,Day
A-299,Source2,2,2016-02-19 15:30:32,2016-02-19 16:15:32,39.786633,-84.170837,,,0.01,Accident on OH-202 Troy St at Stanley Ave.,Troy St,Dayton,Montgomery,OH,45404-2726,US,US/Eastern,KFFO,2016-02-19 15:58:00,65.1,,34.0,29.79,10.0,SSW,24.2,,Clear,False,False,True,False,False,False,False,False,False,False,False,True,False,Day,Day,Day,Day
A-300,Source2,2,2016-02-19 16:16:51,2016-02-19 17:01:51,39.765259,-84.13780200000002,,,0.01,Accident on Smithville Rd at 3rd St.,Smithville Rd,Dayton,Montgomery,OH,45403,US,US/Eastern,KFFO,2016-02-19 15:58:00,65.1,,34.0,29.79,10.0,SSW,24.2,,Clear,False,False,False,False,False,False,False,False,False,False,False,True,False,Day,Day,Day,Day
A-301,Source2,3,2016-02-19 17:41:00,2016-02-19 21:00:00,40.10564,-82.949692,,,1.28,Right lane blocked due to accident on I-270 Outerbelt Westbound between Exit 29 OH-3 State St and Exit 27 Cleveland Ave.,Outerbelt W,Columbus,Franklin,OH,43229,US,US/Eastern,KOSU,2016-02-19 17:53:00,57.0,,49.0,29.82,10.0,SSW,15.0,,Clear,False,False,False,False,False,False,False,False,False,False,False,False,False,Day,Day,Day,Day
A-302,Source2,2,2016-02-22 05:20:31,2016-02-22 05:50:31,39.762531,-84.1427,,,0.01,Accident on Wright Ave at 5th St.,S Wright Ave,Dayton,Montgomery,OH,45403-2849,US,US/Eastern,KFFO,2016-02-22 04:58:00,29.5,23.4,94.0,30.14,10.0,North,5.8,,Clear,False,False,False,False,False,False,False,False,False,False,False,False,False,Night,Night,Night,Night
A-303,Source2,2,2016-02-22 06:11:53,2016-02-22 06:41:53,41.428753,-83.61036700000002,,,0.0,Accident on County Hwy-19 Sugar Ridge Rd at Dunbridge Rd. Expect delays.,Sugar Ridge Rd,Bowling Green,Wood,OH,43402-9687,US,US/Eastern,KTDZ,2016-02-22 05:53:00,28.0,21.7,85.0,30.21,10.0,NNE,5.8,,Clear,False,False,False,False,False,False,False,False,False,False,False,False,False,Night,Night,Night,Day
A-304,Source2,2,2016-02-22 06:54:32,2016-02-22 07:24:32,39.985336,-82.78984100000002,,,0.01,Accident on Waggoner Rd at OH-16 Broad St. Expect delays.,E Broad St,Reynoldsburg,Franklin,OH,43068,US,US/Eastern,KCMH,2016-02-22 06:51:00,30.9,27.5,82.0,30.16,10.0,NE,3.5,,Partly Cloudy,False,False,False,False,False,False,False,False,False,False,False,False,False,Night,Day,Day,Day
A-305,Source2,2,2016-02-22 07:09:58,2016-02-22 07:39:58,39.955517,-82.87687700000002,,,0.01,Accident on US-40 Main St at OH-317 Hamilton Rd. Expect delays.,S Hamilton Rd,Columbus,Franklin,OH,43227-1309,US,US/Eastern,KCMH,2016-02-22 06:51:00,30.9,27.5,82.0,30.16,10.0,NE,3.5,,Partly Cloudy,False,False,False,False,False,False,False,False,True,False,False,True,False,Night,Day,Day,Day
A-306,Source2,2,2016-02-22 07:14:44,2016-02-22 07:44:44,39.858089,-82.827904,,,0.01,Accident on US-33 Columbus Lancaster Rd Westbound at OH-674 Gender Rd.,Gender Rd,Canal Winchester,Franklin,OH,43110,US,US/Eastern,KLCK,2016-02-22 07:15:00,32.0,26.4,91.0,30.15,10.0,NNE,5.8,,Overcast,False,False,False,False,False,False,False,False,False,False,False,False,False,Night,Day,Day,Day
A-307,Source2,2,2016-02-22 07:26:02,2016-02-22 07:56:02,39.763615,-84.142586,,,0.0,Accident on Wright Ave at Kittyhawk Dr.,S Wright Ave,Dayton,Montgomery,OH,45403-2857,US,US/Eastern,KFFO,2016-02-22 07:28:00,28.4,,93.0,30.17,10.0,NE,2.3,,Shallow Fog,False,False,False,False,False,False,False,False,False,False,False,False,False,Day,Day,Day,Day
A-308,Source3,3,2016-02-22 07:24:22,2016-02-22 07:54:22,39.933804,-82.78944399999997,,,0.01,Left hand shoulder blocked due to accident on I-70 Westbound at Exits 112 112A 112B OH-256 Hill Rd.,Hill Rd N,Pickerington,Fairfield,OH,43147,US,US/Eastern,KLHQ,2016-02-22 07:53:00,33.1,26.9,85.0,30.17,10.0,NE,6.9,,Overcast,False,False,False,False,False,False,False,False,False,False,False,False,False,Day,Day,Day,Day
A-309,Source2,2,2016-02-22 07:37:59,2016-02-22 08:07:59,40.136345,-83.00573,,,0.01,Accident on Lazelle Rd at Flint Rd. Expect delays.,Lazelle Rd,Columbus,Franklin,OH,43235-4661,US,US/Eastern,KOSU,2016-02-22 07:53:00,28.9,25.2,96.0,30.18,10.0,NNW,3.5,,Clear,False,False,False,False,False,False,False,False,False,False,False,False,False,Day,Day,Day,Day
A-310,Source2,2,2016-02-22 07:52:06,2016-02-22 08:22:06,39.76516,-84.157234,,,0.01,Accident on Findlay St at 3rd St. Expect delays.,S Findlay St,Dayton,Montgomery,OH,45403-2022,US,US/Eastern,KFFO,2016-02-22 07:58:00,27.9,24.0,97.0,30.18,10.0,NE,3.5,,Clear,False,False,False,False,False,False,False,False,False,False,False,True,False,Day,Day,Day,Day
A-311,Source2,2,2016-02-22 07:51:22,2016-02-22 08:21:22,39.772438,-84.14218100000002,,,0.0,Accident on Westview Ave at Rangeley Ave. Expect delays.,Rangeley Ave,Dayton,Montgomery,OH,45403-1612,US,US/Eastern,KFFO,2016-02-22 07:58:00,27.9,24.0,97.0,30.18,10.0,NE,3.5,,Clear,False,False,False,False,False,False,False,False,False,False,False,False,False,Day,Day,Day,Day
A-312,Source2,2,2016-02-22 08:04:43,2016-02-22 08:34:43,39.981968,-83.008698,,,0.0,Accident on Dennison Ave at 2nd Ave. Expect delays.,W 2nd Ave,Columbus,Franklin,OH,43201-3409,US,US/Eastern,KCMH,2016-02-22 07:51:00,32.0,,82.0,30.17,10.0,Calm,,,Partly Cloudy,False,False,True,False,False,False,False,False,False,True,False,False,False,Day,Day,Day,Day
A-313,Source2,2,2016-02-22 08:13:51,2016-02-22 08:43:51,39.232101,-84.16014100000002,,,0.01,Accident on OH-28 State Route 28 at Goshen Rd. Expect delays.,Goshen Rd,Goshen,Clermont,OH,45122-9208,US,US/Eastern,KI69,2016-02-22 08:17:00,32.5,28.1,94.0,30.14,10.0,NNE,4.6,,Clear,False,False,True,False,False,False,False,False,False,False,False,True,False,Day,Day,Day,Day
A-314,Source2,3,2016-02-22 08:19:52,2016-02-22 08:49:52,40.061661,-82.99807,,,0.01,Accident on I-71 Southbound at Exit 116 Sinclair Rd. Expect delays.,Morse Rd,Columbus,Franklin,OH,43229,US,US/Eastern,KOSU,2016-02-22 07:53:00,28.9,25.2,96.0,30.18,10.0,NNW,3.5,,Clear,False,False,False,False,False,False,False,False,False,False,False,False,False,Day,Day,Day,Day
A-315,Source2,3,2016-02-22 08:41:13,2016-02-22 09:11:13,40.082397,-82.906921,,,0.01,One lane blocked due to accident on I-270 Outerbelt Southbound at Exit 30 OH-161 New Albany Expy. Expect delays.,New Albany Expy W,Westerville,Franklin,OH,43081,US,US/Eastern,KCMH,2016-02-22 08:51:00,35.1,30.1,76.0,30.17,10.0,NE,5.8,,Scattered Clouds,False,False,False,False,False,False,False,False,False,False,False,False,False,Day,Day,Day,Day
A-316,Source2,2,2016-02-22 08:54:16,2016-02-22 09:24:16,39.317173,-84.220894,,,0.01,Accident on OH-48 State Route 48 near Deershadow Rd. Expect delays.,Deershadow Rd,Maineville,Warren,OH,45039,US,US/Eastern,KHAO,2016-02-22 08:53:00,36.0,33.3,79.0,30.17,10.0,NE,3.5,,Clear,False,False,False,False,False,False,False,False,False,False,False,False,False,Day,Day,Day,Day
A-317,Source2,2,2016-02-22 09:06:02,2016-02-22 09:36:02,39.690781,-84.205147,,,0.0,Accident on Lynpark Ave at Cordell Dr.,Lynpark Ave,Dayton,Montgomery,OH,45439-2729,US,US/Eastern,KMGY,2016-02-22 08:53:00,34.0,26.6,79.0,30.16,10.0,ENE,9.2,,Clear,False,False,False,False,False,False,False,False,False,False,False,False,False,Day,Day,Day,Day
A-318,Source2,2,2016-02-22 09:06:53,2016-02-22 09:36:53,39.803726,-84.18514300000002,,,0.0,Accident on Neff Rd at Norledge Dr.,Neff Rd,Dayton,Montgomery,OH,45414-5025,US,US/Eastern,KDAY,2016-02-22 08:56:00,33.1,26.9,89.0,30.18,10.0,NE,6.9,,Scattered Clouds,False,False,False,False,False,False,False,False,False,False,False,False,False,Day,Day,Day,Day
A-319,Source2,2,2016-02-22 09:36:13,2016-02-22 10:21:13,39.838779,-84.25831600000002,,,0.01,Accident on OH-48 Main St at Vinway Ct.,N Main St,Dayton,Montgomery,OH,45415-2328,US,US/Eastern,KDAY,2016-02-22 09:56:00,36.0,29.6,82.0,30.18,10.0,NE,8.1,,Scattered Clouds,False,False,False,False,False,False,False,False,False,False,False,False,False,Day,Day,Day,Day
A-320,Source2,2,2016-02-22 09:37:13,2016-02-22 10:22:13,39.76144,-84.167038,,,0.0,Accident on Huffman Ave at 4th St.,Huffman Ave,Dayton,Montgomery,OH,45403-1913,US,US/Eastern,KFFO,2016-02-22 09:58:00,37.0,32.4,77.0,30.18,10.0,NE,5.8,,Clear,False,False,False,False,False,False,False,False,False,False,False,False,False,Day,Day,Day,Day
A-321,Source2,2,2016-02-22 10:03:03,2016-02-22 10:33:03,39.740906,-84.182121,,,0.01,Accident on Brown St at Stewart St. Expect delays.,E Stewart St,Dayton,Montgomery,OH,45409-2666,US,US/Eastern,KFFO,2016-02-22 09:58:00,37.0,32.4,77.0,30.18,10.0,NE,5.8,,Clear,False,False,True,False,False,False,False,False,False,False,False,True,False,Day,Day,Day,Day
A-322,Source2,2,2016-02-22 10:09:01,2016-02-22 10:39:01,39.81963,-84.198273,,,0.01,Accident on Dixie Dr at Needmore Rd. Expect delays.,N Dixie Dr,Dayton,Montgomery,OH,45414-4012,US,US/Eastern,KDAY,2016-02-22 09:56:00,36.0,29.6,82.0,30.18,10.0,NE,8.1,,Scattered Clouds,False,False,False,False,False,False,False,False,False,False,False,True,False,Day,Day,Day,Day
A-323,Source2,2,2016-02-22 10:27:46,2016-02-22 10:57:46,39.79969000000001,-84.186996,,,0.0,Accident on Rolfe Ave Eastbound at Wagoner Ford Rd. Expect delays.,Wagoner Ford Rd,Dayton,Montgomery,OH,45414,US,US/Eastern,KDAY,2016-02-22 10:56:00,41.0,34.3,62.0,30.17,10.0,NE,11.5,,Mostly Cloudy,False,False,False,False,False,False,False,False,False,False,False,True,False,Day,Day,Day,Day
A-324,Source2,2,2016-02-22 11:17:40,2016-02-22 11:47:40,39.72364,-84.1418,,,0.01,Accident on Patterson Rd at Smithville Rd. Expect delays.,S Smithville Rd,Dayton,Montgomery,OH,45420-1530,US,US/Eastern,KFFO,2016-02-22 11:29:00,42.8,38.0,57.0,30.13,10.0,East,8.1,,Scattered Clouds,False,False,False,False,False,False,False,False,False,False,False,False,False,Day,Day,Day,Day
A-325,Source2,2,2016-02-22 11:21:55,2016-02-22 11:51:55,39.754055,-84.13889300000002,,,0.01,Accident on Smithville Rd at Tuttle Ave. Expect delays.,S Smithville Rd,Dayton,Montgomery,OH,45403-3345,US,US/Eastern,KFFO,2016-02-22 11:29:00,42.8,38.0,57.0,30.13,10.0,East,8.1,,Scattered Clouds,False,False,False,False,False,False,False,False,False,False,False,True,False,Day,Day,Day,Day
A-326,Source2,2,2016-02-22 11:40:35,2016-02-22 12:10:35,39.831997,-84.223694,,,0.01,Accident on Frederick Pike at Beejay Ct. Expect delays.,Frederick Pike,Dayton,Montgomery,OH,45414-2928,US,US/Eastern,KDAY,2016-02-22 11:56:00,43.0,38.8,53.0,30.16,10.0,NNE,6.9,,Mostly Cloudy,False,False,False,False,False,False,False,False,False,False,False,False,False,Day,Day,Day,Day
A-327,Source2,2,2016-02-22 14:21:00,2016-02-22 15:30:00,41.403744,-82.282776,,,0.01,Entry ramp closed due to accident on OH-2 Westbound at Baumhart Rd.,Baumhart Rd,Vermilion,Lorain,OH,44089,US,US/Eastern,KLPR,2016-02-22 13:53:00,41.0,34.3,62.0,30.18,10.0,NE,11.5,,Mostly Cloudy,False,False,False,False,False,False,False,False,False,False,False,False,False,Day,Day,Day,Day
A-328,Source2,2,2016-02-22 15:34:53,2016-02-22 16:19:53,39.754055,-84.17588,,,0.01,Accident on Keowee St at US-35.,US-35 E,Dayton,Montgomery,OH,45410,US,US/Eastern,KFFO,2016-02-22 15:58:00,48.7,,47.0,30.1,10.0,NNE,6.9,,Clear,False,False,False,False,False,False,False,False,False,False,False,False,False,Day,Day,Day,Day
A-329,Source2,2,2016-02-22 16:57:30,2016-02-22 17:57:30,39.630444,-84.19626600000002,,,0.0,Accident on Washington Village Dr at OH-725 Miamisburg Centerville Rd.,Washington Village Dr,Dayton,Montgomery,OH,45459,US,US/Eastern,KMGY,2016-02-22 16:53:00,48.0,,50.0,30.06,10.0,ENE,5.8,,Clear,False,False,False,False,False,False,False,False,False,False,False,False,False,Day,Day,Day,Day
A-330,Source2,2,2016-02-22 16:57:56,2016-02-22 17:57:56,39.801601,-84.194542,,,0.01,Accident on Dixie Dr at Ridge Ave.,Ridge Ave,Dayton,Montgomery,OH,45414-5328,US,US/Eastern,KDAY,2016-02-22 16:56:00,46.9,,52.0,30.09,10.0,NE,9.2,,Scattered Clouds,False,False,False,False,False,False,False,False,False,False,False,True,False,Day,Day,Day,Day
A-331,Source2,2,2016-02-22 16:58:37,2016-02-22 17:43:37,39.752647,-84.189774,,,0.01,Accident on OH-48 Main St at Washington St.,S Main St,Dayton,Montgomery,OH,45402-2717,US,US/Eastern,KFFO,2016-02-22 16:58:00,47.5,,49.0,30.09,10.0,NE,11.5,,Clear,False,False,True,False,False,False,False,False,False,False,False,True,False,Day,Day,Day,Day
A-332,Source2,3,2016-02-23 06:53:21,2016-02-23 07:23:21,39.933804,-82.78944399999997,,,0.01,One lane blocked due to accident on I-70 Westbound at Exits 112 112A 112B OH-256 Hill Rd. Expect delays.,Hill Rd N,Pickerington,Fairfield,OH,43147,US,US/Eastern,KLHQ,2016-02-23 06:53:00,30.9,27.5,72.0,30.07,10.0,NE,3.5,,Mostly Cloudy,False,False,False,False,False,False,False,False,False,False,False,False,False,Night,Day,Day,Day
A-333,Source2,2,2016-02-23 07:02:00,2016-02-23 07:32:00,39.571163,-84.202606,,,0.0,Accident on Crosley Rd between Red Lion 5 Points Rd and County Hwy-46 Lytle 5 Points Rd. Expect delays.,W Lytle 5 Points Rd,Springboro,Warren,OH,45066-9609,US,US/Eastern,KMGY,2016-02-23 06:53:00,30.0,21.1,69.0,30.02,10.0,ENE,10.4,,Clear,False,False,True,False,False,False,False,False,False,False,False,True,False,Night,Day,Day,Day
A-334,Source2,2,2016-02-23 07:15:48,2016-02-23 07:45:48,39.17505300000001,-84.236313,,,0.01,Accident on Pleasant Hill Rd at OH-131 State Route 131. Expect delays.,State Route 131,Milford,Clermont,OH,45150-2718,US,US/Eastern,KI69,2016-02-23 07:18:00,31.8,28.5,79.0,30.0,10.0,ENE,3.5,,Clear,False,False,False,False,False,False,False,False,False,False,False,True,False,Night,Day,Day,Day
A-335,Source2,2,2016-02-23 07:14:21,2016-02-23 07:44:21,39.977322,-83.02109499999997,,,0.01,Right hand shoulder blocked due to accident on OH-315 Olentangy Fwy at Goodale St.,Olentangy Fwy N,Columbus,Franklin,OH,43212,US,US/Eastern,KOSU,2016-02-23 06:53:00,28.9,21.9,69.0,30.07,10.0,NE,6.9,,Clear,False,False,False,False,False,False,False,False,False,False,False,False,False,Day,Day,Day,Day
A-336,Source2,2,2016-02-23 07:57:48,2016-02-23 08:27:48,39.175728,-84.180763,,,0.01,Accident on OH-31 State Route 131 near Wild Rose Ln. Expect delays.,State Route 131,Milford,Clermont,OH,45150-2649,US,US/Eastern,KI69,2016-02-23 07:57:00,32.0,26.4,79.0,29.98,10.0,ENE,5.8,,Clear,False,False,False,False,False,False,False,False,False,False,False,False,False,Day,Day,Day,Day
A-337,Source2,2,2016-02-23 07:54:29,2016-02-23 08:24:29,39.68865200000001,-84.127998,,,0.01,Accident on Stroop Rd at Woodman Dr. Expect delays.,E Stroop Rd,Dayton,Montgomery,OH,45440,US,US/Eastern,KMGY,2016-02-23 07:53:00,30.9,22.2,67.0,30.01,10.0,ENE,10.4,,Clear,False,False,True,False,False,False,False,False,False,False,False,True,False,Day,Day,Day,Day
A-338,Source2,2,2016-02-23 08:17:30,2016-02-23 08:47:30,39.628288,-84.226151,,,0.01,Accident on OH-741 Springboro Pike at Lyons Rd. Expect delays.,Springboro Pike,Miamisburg,Montgomery,OH,45342,US,US/Eastern,KMGY,2016-02-23 07:53:00,30.9,22.2,67.0,30.01,10.0,ENE,10.4,,Clear,False,False,False,False,False,False,False,False,False,False,False,True,False,Day,Day,Day,Day
A-339,Source2,3,2016-02-23 08:21:42,2016-02-23 08:51:42,39.96764,-83.06081400000002,,,0.01,Accident on I-70 Eastbound at Exit 96 I-670. Expect delays.,I-670 W,Columbus,Franklin,OH,43204,US,US/Eastern,KTZR,2016-02-23 08:50:00,33.8,27.0,65.0,30.01,10.0,NE,8.1,,Clear,False,False,False,False,False,False,False,False,False,False,False,False,False,Day,Day,Day,Day
A-340,Source2,2,2016-02-23 08:48:52,2016-02-23 09:18:52,39.797958,-84.255135,,,0.01,Accident on Free Pike at Gettysburg Ave. Expect delays.,Free Pike,Dayton,Montgomery,OH,45416-1234,US,US/Eastern,KDAY,2016-02-23 08:56:00,35.1,27.9,61.0,30.09,10.0,NNE,9.2,,Partly Cloudy,False,False,False,False,False,False,False,False,False,False,False,True,False,Day,Day,Day,Day
A-341,Source2,2,2016-02-23 09:46:46,2016-02-23 10:16:46,39.783669,-84.155045,,,0.01,Accident on Valley St at Rutledge Ave. Expect delays.,Valley St,Dayton,Montgomery,OH,45404-2213,US,US/Eastern,KFFO,2016-02-23 09:58:00,38.3,30.9,53.0,30.08,10.0,NE,11.5,,Clear,False,False,False,False,False,False,False,False,False,False,False,False,False,Day,Day,Day,Day
A-342,Source2,2,2016-02-23 09:48:43,2016-02-23 10:18:43,39.989044,-83.049088,,,0.01,Accident on 5th Ave Westbound at Star Ave. Expect delays.,N Star Ave,Columbus,Franklin,OH,43212-2460,US,US/Eastern,KOSU,2016-02-23 09:53:00,39.9,34.5,55.0,30.09,10.0,North,8.1,,Clear,False,False,False,False,False,False,False,False,False,False,False,True,False,Day,Day,Day,Day
A-343,Source2,2,2016-02-23 09:54:16,2016-02-23 10:24:16,39.819721,-84.191528,,,0.01,Accident on Needmore Rd at Payne Ave. Expect delays.,Payne Ave,Dayton,Montgomery,OH,45414,US,US/Eastern,KDAY,2016-02-23 09:56:00,39.0,30.6,55.0,30.08,10.0,NE,15.0,,Scattered Clouds,False,False,False,False,False,False,False,False,False,False,False,True,False,Day,Day,Day,Day
A-344,Source2,2,2016-02-23 11:41:00,2016-02-23 12:11:00,39.783089,-84.188911,,,0.01,Accident on Keowee St at Leo St.,Leo St,Dayton,Montgomery,OH,45404-1009,US,US/Eastern,KFFO,2016-02-23 11:58:00,48.4,,46.0,30.04,10.0,NE,8.1,,Clear,False,False,True,False,False,False,False,False,False,False,False,True,False,Day,Day,Day,Day
A-345,Source2,2,2016-02-23 13:34:22,2016-02-23 14:19:22,39.590527,-84.17076899999998,,,0.01,Accident on Social Row Rd at Watch Hill Ln.,W Social Row Rd,Dayton,Montgomery,OH,45458-4405,US,US/Eastern,KMGY,2016-02-23 13:53:00,54.0,,51.0,29.95,10.0,NNE,11.5,,Clear,False,False,False,False,False,False,False,False,False,False,False,False,False,Day,Day,Day,Day
A-346,Source2,3,2016-02-23 16:30:45,2016-02-23 17:15:45,41.40274,-81.817856,,,0.01,Left lane blocked due to accident on I-71 Southbound at Exits 237 237A 237B Snow Rd.,I-71 N,Brookpark,Cuyahoga,OH,44142,US,US/Eastern,KCLE,2016-02-23 16:51:00,36.0,26.7,70.0,30.07,10.0,NE,15.0,,Mostly Cloudy,False,False,False,False,True,False,False,False,False,False,False,False,False,Day,Day,Day,Day
A-347,Source2,3,2016-02-23 17:28:00,2016-02-23 23:59:00,40.039909,-82.99683399999998,,,0.01,Left lane blocked due to accident on I-71 Northbound at Exit 114 Silver Dr.,North Fwy N,Columbus,Franklin,OH,43224,US,US/Eastern,KCMH,2016-02-23 17:51:00,53.1,,52.0,29.92,10.0,East,8.1,,Overcast,False,False,False,False,False,False,False,False,False,False,False,False,False,Day,Day,Day,Day
A-348,Source2,3,2016-02-23 17:43:00,2016-02-23 23:59:00,39.972336,-82.983917,,,0.01,Left lane blocked due to accident on I-71 Innerbelt Southbound at Exit 108B I-670.,North Fwy S,Columbus,Franklin,OH,43203,US,US/Eastern,KCMH,2016-02-23 17:51:00,53.1,,52.0,29.92,10.0,East,8.1,,Overcast,False,False,False,False,False,False,False,False,False,False,False,False,False,Day,Day,Day,Day
A-349,Source2,3,2016-02-23 18:20:00,2016-02-23 23:32:00,40.00164,-82.923073,,,0.01,Left lane blocked due to accident on I-670 Northeast Fwy Eastbound at Exit 9 International Gtwy.,Northeast Fwy N,Columbus,Franklin,OH,43219,US,US/Eastern,KCMH,2016-02-23 17:51:00,53.1,,52.0,29.92,10.0,East,8.1,,Overcast,False,False,False,False,False,False,False,False,False,False,False,False,False,Night,Day,Day,Day
A-350,Source2,3,2016-02-23 19:07:18,2016-02-23 19:52:18,39.902088,-82.898178,,,0.01,Accident on I-270 Outerbelt Southbound at Exits 46 46A 46B US-33. Approach with care.,US-33 W,Columbus,Franklin,OH,43207,US,US/Eastern,KLCK,2016-02-23 19:15:00,50.0,,64.0,29.88,10.0,NE,8.1,,Overcast,False,False,False,False,False,False,False,False,False,False,False,False,False,Night,Night,Day,Day
A-351,Source2,3,2016-02-23 22:13:48,2016-02-23 22:43:48,39.833824,-83.100853,,,0.01,Accident on I-71 Southbound at Exit 97 OH-665 London Groveport Rd.,I-71 S,Grove City,Franklin,OH,43123,US,US/Eastern,KTZR,2016-02-23 22:15:00,44.6,39.7,73.0,29.84,10.0,NNE,9.2,,Scattered Clouds,False,False,False,False,False,False,False,False,False,False,False,False,False,Night,Night,Night,Night
A-352,Source2,2,2016-02-24 05:14:38,2016-02-24 05:44:38,39.713467,-84.216095,,,0.01,Accident on OH-741 Springboro Pike at Cardington Rd. Expect delays.,Springboro Pike,Moraine,Montgomery,OH,45439-1805,US,US/Eastern,KMGY,2016-02-24 05:02:00,41.0,31.6,93.0,29.43,4.0,ENE,20.7,0.0,Light Rain,False,False,False,False,False,False,False,False,False,False,False,True,False,Night,Night,Night,Night
A-353,Source2,2,2016-02-24 05:28:28,2016-02-24 05:58:28,39.640202,-84.235283,,,0.01,Delays expected due to accident on Byers Rd at OH-725 Miamisburg Centerville Rd / Watertower Ln.,Byers Rd,Dayton,Montgomery,OH,45449,US,US/Eastern,KMGY,2016-02-24 05:53:00,42.1,33.9,89.0,29.4,3.0,NE,17.3,0.06,Rain,False,False,True,False,False,False,False,False,False,False,False,True,False,Night,Night,Night,Night
A-354,Source2,3,2016-02-24 05:27:51,2016-02-24 05:57:51,39.733723,-84.204971,,,0.01,Accident on I-75 Southbound at Exit 51 Edwin C Moses Blvd. Expect delays.,I-75 N,Dayton,Montgomery,OH,45417,US,US/Eastern,KDAY,2016-02-24 05:29:00,37.9,27.3,100.0,29.46,2.5,NE,21.9,0.18,Heavy Rain,False,False,False,False,False,False,False,False,False,False,False,False,False,Night,Night,Night,Night
A-355,Source2,3,2016-02-24 06:14:24,2016-02-24 06:44:24,41.351006,-83.622826,,,0.01,Accident on I-75 Southbound at Exit 179 US-6 Grand Army of the Republic Hwy. Expect delays.,Grand Army of the Republic Hwy,Bowling Green,Wood,OH,43402,US,US/Eastern,KTDZ,2016-02-24 05:53:00,33.1,23.0,85.0,29.72,3.0,NE,15.0,0.05,Light Freezing Rain,False,False,False,False,False,False,False,False,False,False,False,False,False,Night,Night,Night,Day
A-356,Source2,3,2016-02-24 06:24:28,2016-02-24 06:54:28,39.845287,-83.993217,,,0.01,Accident on I-675 Northbound at Exit 24 OH-444 Broad St. Expect delays.,I-675 N,Fairborn,Greene,OH,45324,US,US/Eastern,KFFO,2016-02-24 05:58:00,39.2,29.8,100.0,29.45,6.0,ENE,18.4,0.16,Light Rain,False,False,False,False,False,False,False,False,False,False,False,False,False,Night,Night,Day,Day
A-357,Source2,2,2016-02-24 06:25:17,2016-02-24 06:55:17,39.607788,-84.228088,,,0.01,Accident on OH-741 Springboro Pike at Miami Village Dr. Expect delays.,Miami Village Dr,Miamisburg,Montgomery,OH,45342,US,US/Eastern,KMGY,2016-02-24 06:53:00,42.1,34.9,92.0,29.37,4.0,NE,13.8,0.09,Rain,False,False,True,False,False,False,False,False,False,False,False,True,False,Night,Night,Day,Day
A-358,Source2,2,2016-02-24 06:31:22,2016-02-24 07:01:22,39.873238,-84.13720699999998,,,0.01,Accident pedestrian involved on OH-202 Troy Pike at Executive Blvd. Expect delays.,Troy Pike,Dayton,Montgomery,OH,45424,US,US/Eastern,KFFO,2016-02-24 06:58:00,40.6,34.8,99.0,29.4,9.0,ENE,9.2,0.1,Rain,False,False,False,False,False,False,False,False,False,False,False,True,False,Night,Night,Day,Day
A-359,Source2,2,2016-02-24 06:37:39,2016-02-24 07:07:39,40.058132,-82.922752,,,0.01,Accident on Sunbury Rd at Morse Rd. Expect delays.,Morse Rd,Columbus,Franklin,OH,43231,US,US/Eastern,KCMH,2016-02-24 06:24:00,42.8,38.0,87.0,29.47,9.0,East,8.1,0.05,Light Rain,False,False,False,False,False,False,False,False,False,False,False,True,False,Night,Night,Day,Day
A-360,Source2,3,2016-02-24 06:50:19,2016-02-24 07:20:19,41.420975,-81.689758,,,0.01,Accident on I-480 Eastbound at Exit 17 OH-17 Brookpark Rd. Expect delays.,I-480 E,Cleveland,Cuyahoga,OH,44109,US,US/Eastern,KBKL,2016-02-24 06:49:00,33.8,23.9,100.0,29.66,2.5,NE,15.0,0.11,Rain,False,False,False,False,False,False,False,False,False,False,False,False,False,Night,Day,Day,Day
A-361,Source3,3,2016-02-24 06:53:32,2016-02-24 07:23:32,39.788414,-84.183693,,,0.94,Accident on I-75 Southbound from Exit 57 Wagner Ford Rd to Exit 56 Stanley Ave. Expect delays.,Stanley Ave,Dayton,Montgomery,OH,45404,US,US/Eastern,KFFO,2016-02-24 06:58:00,40.6,34.8,99.0,29.4,9.0,ENE,9.2,0.1,Rain,False,False,False,False,False,False,False,False,False,False,False,False,False,Night,Day,Day,Day
A-362,Source2,2,2016-02-24 07:05:21,2016-02-24 07:35:21,39.836643,-84.060753,,,0.01,Accident on OH-4 State Route 4 Southbound at Adams Rd. Expect delays.,Adams Rd,Dayton,Greene,OH,45424,US,US/Eastern,KFFO,2016-02-24 06:58:00,40.6,34.8,99.0,29.4,9.0,ENE,9.2,0.1,Rain,False,False,False,False,False,False,False,False,False,False,False,False,False,Night,Day,Day,Day
A-363,Source2,2,2016-02-24 07:09:31,2016-02-24 07:39:31,41.039829,-81.662872,,,0.01,Accident on OH-21 before I-76. Expect delays.,OH-21 N,Barberton,Summit,OH,44203,US,US/Eastern,KAKR,2016-02-24 06:54:00,39.9,32.5,86.0,29.59,4.0,ENE,12.7,0.22,Rain,False,False,False,False,False,False,False,False,False,False,False,False,False,Day,Day,Day,Day
A-364,Source2,2,2016-02-24 07:18:41,2016-02-24 08:03:41,38.581139,-82.00456199999998,,,0.01,Accident on US-35 US Highway 35 Northbound at State Highway 817. Approach with care.,US Highway 35,Fraziers Bottom,Putnam,WV,25082,US,US/Eastern,K3I2,2016-02-24 07:10:00,49.0,45.0,100.0,28.62,10.0,E,10.0,0.0,Cloudy,False,False,False,False,False,False,False,False,False,False,False,False,False,Day,Day,Day,Day
A-365,Source2,2,2016-02-24 07:24:28,2016-02-24 07:54:28,39.754055,-84.17588,,,0.01,Accident on Wayne Ave at US-35. Expect delays.,US-35 E,Dayton,Montgomery,OH,45410,US,US/Eastern,KFFO,2016-02-24 06:58:00,40.6,34.8,99.0,29.4,9.0,ENE,9.2,0.1,Rain,False,False,False,False,False,False,False,False,False,False,False,False,False,Day,Day,Day,Day
A-366,Source2,2,2016-02-24 07:23:08,2016-02-24 07:53:08,39.929844,-83.116486,,,0.01,Accident on Hall Rd at Georgesville Rd. Expect delays.,Georgesville Rd,Columbus,Franklin,OH,43228-3325,US,US/Eastern,KTZR,2016-02-24 07:26:00,42.8,37.5,100.0,29.42,5.0,East,9.2,,Light Rain,False,False,False,False,False,False,False,False,False,False,False,False,False,Day,Day,Day,Day
A-367,Source2,2,2016-02-24 07:27:16,2016-02-24 07:57:16,39.962147,-83.092667,,,0.01,Accident on Wilson Rd at Valleyview Dr. Expect delays.,N Wilson Rd,Columbus,Franklin,OH,43204-1229,US,US/Eastern,KTZR,2016-02-24 07:26:00,42.8,37.5,100.0,29.42,5.0,East,9.2,,Light Rain,False,False,False,False,False,False,False,False,True,False,False,False,False,Day,Day,Day,Day
A-368,Source2,2,2016-02-24 07:29:39,2016-02-24 07:59:39,39.697266,-84.218781,,,0.01,Accident on Stroop Rd at OH-741 Springboro Pike.,Springboro Pike,Moraine,Montgomery,OH,45439-1939,US,US/Eastern,KMGY,2016-02-24 07:35:00,44.1,36.8,89.0,29.32,5.0,ENE,16.1,0.04,Rain,False,False,False,False,False,False,False,False,False,False,False,False,False,Day,Day,Day,Day
A-369,Source2,2,2016-02-24 07:26:01,2016-02-24 07:56:01,40.993092,-81.662689,,,0.01,Accident on OH-21 at OH-585 Wooster Rd.,OH-21 N,Barberton,Summit,OH,44203,US,US/Eastern,KAKR,2016-02-24 07:54:00,39.9,32.5,89.0,29.55,4.0,East,12.7,0.16,Rain,False,False,False,False,True,False,False,False,False,False,False,False,False,Day,Day,Day,Day
A-370,Source3,3,2016-02-24 07:43:10,2016-02-24 08:13:10,39.845287,-83.993217,,,0.01,One lane blocked due to accident on I-675 Southbound at Exit 24 OH-444 Broad St. Expect delays.,I-675 N,Fairborn,Greene,OH,45324,US,US/Eastern,KFFO,2016-02-24 07:58:00,41.0,33.1,99.0,29.37,3.0,NNE,15.0,0.08,Rain,False,False,False,False,False,False,False,False,False,False,False,False,False,Day,Day,Day,Day
A-371,Source2,3,2016-02-24 07:39:13,2016-02-24 08:09:13,41.041447,-81.565163,,,0.01,Accident on I-76 Eastbound at Exit 19 Kenmore Blvd. Expect delays.,I-76 E,Akron,Summit,OH,44314,US,US/Eastern,KAKR,2016-02-24 07:54:00,39.9,32.5,89.0,29.55,4.0,East,12.7,0.16,Rain,False,False,False,False,False,False,False,False,False,False,False,False,False,Day,Day,Day,Day
A-372,Source2,3,2016-02-24 07:52:43,2016-02-24 08:22:43,41.407391,-81.64676700000003,,,0.01,Accident on I-77 Northbound at Exits 155 156 I-480. Expect delays.,Outerbelt South Fwy W,Independence,Cuyahoga,OH,44131,US,US/Eastern,KBKL,2016-02-24 07:53:00,35.1,24.5,92.0,29.6,2.0,NE,18.4,0.19,Rain,False,False,False,False,False,False,False,False,False,False,False,False,False,Day,Day,Day,Day
A-373,Source2,3,2016-02-24 07:51:38,2016-02-24 08:21:38,41.037266,-81.583786,,,0.01,Accident on I-76 Eastbound at Exit 17A State St. Expect delays.,US-224 E,Barberton,Summit,OH,44203,US,US/Eastern,KAKR,2016-02-24 07:54:00,39.9,32.5,89.0,29.55,4.0,East,12.7,0.16,Rain,False,False,False,False,False,False,False,False,False,False,False,False,False,Day,Day,Day,Day
A-374,Source2,2,2016-02-24 08:02:29,2016-02-24 08:32:29,39.59872100000001,-84.161491,,,0.01,Accident on Nutt Rd at OH-48 Dayton Lebanon Pike. Expect delays.,Dayton Lebanon Pike,Dayton,Montgomery,OH,45458-5139,US,US/Eastern,KMGY,2016-02-24 08:00:00,44.1,37.1,93.0,29.31,1.8,ENE,15.0,0.02,Heavy Rain,False,False,False,False,False,False,False,False,False,False,False,False,False,Day,Day,Day,Day
A-375,Source2,1,2016-02-24 07:59:51,2016-02-24 08:29:51,40.018669,-81.565704,,,0.0,Accident on North Ave at Old Byesville Rd.,Old Byesville Rd,Cambridge,Guernsey,OH,43725,US,US/Eastern,KZZV,2016-02-24 07:53:00,46.0,40.6,86.0,29.46,7.0,East,11.5,0.08,Light Rain,False,False,False,False,False,False,False,False,False,False,False,False,False,Day,Day,Day,Day
A-376,Source2,2,2016-02-24 08:04:57,2016-02-24 08:34:57,39.724251,-84.21315799999998,,,0.01,Accident on Arbor Blvd at Springboro Rd. Expect delays.,Arbor Blvd,Moraine,Montgomery,OH,45439-1511,US,US/Eastern,KMGY,2016-02-24 08:00:00,44.1,37.1,93.0,29.31,1.8,ENE,15.0,0.02,Heavy Rain,False,False,False,False,False,False,False,False,False,False,False,False,False,Day,Day,Day,Day
A-377,Source2,2,2016-02-24 08:05:22,2016-02-24 08:35:22,39.758556,-84.177246,,,0.01,Accident on 5th St at Keowee St. Expect delays.,S Keowee St,Dayton,Montgomery,OH,45402-2242,US,US/Eastern,KFFO,2016-02-24 07:58:00,41.0,33.1,99.0,29.37,3.0,NNE,15.0,0.08,Rain,False,False,False,False,False,False,False,False,False,False,False,False,False,Day,Day,Day,Day
A-378,Source2,2,2016-02-24 08:17:26,2016-02-24 08:47:26,39.790565,-84.25914,,,0.01,Accident on Hillcrest Ave at England Ave. Expect delays.,W Hillcrest Ave,Dayton,Montgomery,OH,45406-2314,US,US/Eastern,KDAY,2016-02-24 08:32:00,39.0,30.6,96.0,29.33,1.8,NE,15.0,0.05,Rain,False,False,False,False,False,False,False,False,False,False,False,False,False,Day,Day,Day,Day
A-379,Source2,2,2016-02-24 08:11:43,2016-02-24 08:41:43,39.753105,-84.15158100000002,,,0.01,Accident on Linden Ave at Xenia Ave. Expect delays.,Linden Ave,Dayton,Montgomery,OH,45410-2706,US,US/Eastern,KFFO,2016-02-24 07:58:00,41.0,33.1,99.0,29.37,3.0,NNE,15.0,0.08,Rain,False,False,False,False,False,False,False,False,False,False,False,False,False,Day,Day,Day,Day
A-380,Source2,2,2016-02-24 08:16:26,2016-02-24 08:46:26,40.301411,-83.06575,,,0.01,Accident on OH-37 Central Ave at Union St. Expect delays.,E Central Ave,Delaware,Delaware,OH,43015-1943,US,US/Eastern,KDLZ,2016-02-24 08:16:00,41.0,34.3,93.0,29.42,7.0,East,11.5,,Drizzle,False,False,False,False,False,False,False,False,False,False,False,True,False,Day,Day,Day,Day
A-381,Source2,2,2016-02-24 08:24:30,2016-02-24 08:54:30,39.732567,-84.15900400000002,,,0.01,Accident on Wilmington Ave at Shroyer Rd. Expect delays.,Shroyer Rd,Dayton,Montgomery,OH,45419-4043,US,US/Eastern,KMGY,2016-02-24 08:22:00,45.0,37.9,90.0,29.29,2.0,ENE,16.1,0.06,Light Rain,False,False,False,False,False,False,False,False,False,False,False,True,False,Day,Day,Day,Day
A-382,Source2,2,2016-02-24 08:56:20,2016-02-24 09:26:20,39.800358,-82.708252,,,0.01,Accident on US-33 Columbus Lancaster Rd at County Hwy-23 Winchester Rd. Expect delays.,Columbus Lancaster Rd NW,Carroll,Fairfield,OH,43112,US,US/Eastern,KLHQ,2016-02-24 08:53:00,48.0,,89.0,29.37,10.0,East,9.2,0.02,Overcast,False,False,False,False,False,False,False,False,False,False,False,False,False,Day,Day,Day,Day
A-383,Source2,3,2016-02-24 11:13:09,2016-02-24 11:43:09,41.351006,-83.622826,,,0.01,One lane blocked due to accident on I-75 Southbound at Exit 179 US-6 Grand Army of the Republic Hwy. Expect delays.,Grand Army of the Republic Hwy,Bowling Green,Wood,OH,43402,US,US/Eastern,KTDZ,2016-02-24 11:07:00,35.1,25.9,89.0,29.45,1.5,NE,13.8,0.02,Light Rain,False,False,False,False,False,False,False,False,False,False,False,False,False,Day,Day,Day,Day
A-384,Source2,2,2016-02-24 11:26:27,2016-02-24 11:56:27,39.790565,-84.25914,,,0.01,Accident on Hillcrest Ave at England Ave.,W Hillcrest Ave,Dayton,Montgomery,OH,45406-2314,US,US/Eastern,KDAY,2016-02-24 11:56:00,44.1,39.0,100.0,29.24,8.0,NE,9.2,0.01,Overcast,False,False,False,False,False,False,False,False,False,False,False,False,False,Day,Day,Day,Day
A-385,Source2,2,2016-02-24 11:25:37,2016-02-24 11:55:37,39.753105,-84.15158100000002,,,0.01,Accident on Linden Ave at Xenia Ave.,Linden Ave,Dayton,Montgomery,OH,45410-2706,US,US/Eastern,KFFO,2016-02-24 11:48:00,50.0,,100.0,29.22,10.0,NE,9.2,,Overcast,False,False,False,False,False,False,False,False,False,False,False,False,False,Day,Day,Day,Day
A-386,Source2,3,2016-02-24 17:11:00,2016-02-24 21:00:00,40.11195,-83.016663,,,0.94,Center lane blocked due to accident on I-270 Outerbelt Eastbound between Exits 22 22A 22B OH-315 Olentangy Fwy and Exit 23 US-23 High St.,N High St,Columbus,Franklin,OH,43235,US,US/Eastern,KOSU,2016-02-24 16:53:00,52.0,,80.0,29.17,10.0,SW,18.4,0.05,Overcast,False,False,False,False,True,False,False,False,False,False,False,False,False,Day,Day,Day,Day
A-387,Source2,2,2016-02-25 06:04:05,2016-02-25 06:34:05,38.892097,-84.208702,,,0.0,Accident on OH-232 State Route 232 at OH-756 State Route 756. Expect delays.,State Route 232,Moscow,Clermont,OH,45153-9709,US,US/Eastern,KI69,2016-02-25 05:57:00,33.8,23.9,90.0,29.62,10.0,West,15.0,,Overcast,False,False,False,False,False,False,False,False,False,False,False,False,False,Night,Night,Night,Day
A-388,Source2,2,2016-02-25 06:37:34,2016-02-25 07:07:34,39.981602,-82.885704,,,0.0,Accident on Poth Rd at Yearling Rd. Expect delays.,N Yearling Rd,Columbus,Franklin,OH,43213-1362,US,US/Eastern,KCMH,2016-02-25 06:38:00,30.2,20.2,93.0,29.51,3.0,West,12.7,0.01,Light Snow,False,False,False,False,False,False,False,False,False,False,False,False,False,Night,Night,Day,Day
A-389,Source2,2,2016-02-25 07:53:04,2016-02-25 08:23:04,41.337879,-82.216049,,,0.01,Multi-vehicle accident on OH-58 Leavitt Rd at County Hwy-57 Russia Rd. Expect delays.,Russia Rd,Oberlin,Lorain,OH,44074,US,US/Eastern,KLPR,2016-02-25 07:53:00,30.9,17.8,92.0,29.45,0.5,NW,23.0,0.01,Snow,False,False,False,False,False,False,False,False,False,False,False,False,False,Day,Day,Day,Day
A-390,Source2,2,2016-02-25 07:59:25,2016-02-25 08:29:25,39.747112,-84.163826,,,0.01,Accident on Wyoming St at Edgar Ave.,Wyoming St,Dayton,Montgomery,OH,45410-1910,US,US/Eastern,KFFO,2016-02-25 07:58:00,33.4,24.3,90.0,29.65,7.0,West,12.7,0.01,Light Snow,False,False,False,False,False,False,False,False,False,False,False,False,False,Day,Day,Day,Day
A-391,Source2,3,2016-02-25 08:04:17,2016-02-25 08:34:17,40.087536,-82.98741899999997,,,0.01,Left hand shoulder blocked due to accident on I-71 Southbound at Exit 117 OH-161 Dublin Granville Rd.,E Dublin Granville Rd,Columbus,Franklin,OH,43229,US,US/Eastern,KOSU,2016-02-25 07:53:00,32.0,21.6,88.0,29.56,9.0,West,15.0,0.0,Overcast,False,False,False,False,False,False,False,False,False,False,False,False,False,Day,Day,Day,Day
A-392,Source2,2,2016-02-25 09:26:59,2016-02-25 09:56:59,39.782368,-84.203339,,,0.01,Accident on Ridge Ave at Riverside Dr. Expect delays.,Ridge Ave,Dayton,Montgomery,OH,45405,US,US/Eastern,KDAY,2016-02-25 08:56:00,33.1,21.9,89.0,29.69,4.0,WNW,18.4,0.0,Light Snow,False,False,False,False,False,False,False,False,False,False,False,True,False,Day,Day,Day,Day
A-393,Source2,3,2016-02-25 09:46:34,2016-02-25 10:16:34,39.87857800000001,-83.049774,,,0.01,Accident on I-71 Northbound at Exit 100 Stringtown Rd. Expect delays.,Stringtown Rd,Grove City,Franklin,OH,43123,US,US/Eastern,KTZR,2016-02-25 09:50:00,33.8,24.3,87.0,29.64,7.0,WNW,13.8,,Overcast,False,False,False,False,False,False,False,False,False,False,False,False,False,Day,Day,Day,Day
A-394,Source2,2,2016-02-25 10:06:10,2016-02-25 10:36:10,39.669388,-84.22225999999998,,,0.01,Accident on OH-741 Springboro Pike at Orchard Run Rd. Expect delays.,Orchard Run Rd,Dayton,Montgomery,OH,45449-2831,US,US/Eastern,KMGY,2016-02-25 09:53:00,33.1,24.4,85.0,29.73,4.0,West,11.5,0.0,Light Snow,False,False,False,False,False,False,False,False,False,False,False,False,False,Day,Day,Day,Day
A-395,Source2,2,2016-02-25 12:55:59,2016-02-25 13:25:59,39.626953,-84.212288,,,0.01,Accident on Lyons Rd at Newmark Dr.,Newmark Dr,Miamisburg,Montgomery,OH,45342,US,US/Eastern,KMGY,2016-02-25 12:55:00,35.1,24.5,78.0,29.79,2.5,West,18.4,0.0,Light Snow,False,False,False,False,False,False,False,False,False,False,False,False,False,Day,Day,Day,Day
A-396,Source2,2,2016-02-25 16:12:50,2016-02-25 16:42:50,39.812687,-84.22734799999998,,,0.01,Accident on Shoup Mill Rd at Turner Rd.,N Main St,Dayton,Montgomery,OH,45405,US,US/Eastern,KDAY,2016-02-25 16:13:00,33.1,21.2,89.0,29.89,5.0,WNW,20.7,0.0,Light Snow,False,False,True,False,False,False,False,False,False,False,False,True,False,Day,Day,Day,Day
A-397,Source2,2,2016-02-25 16:17:05,2016-02-25 17:02:05,39.819839,-84.189087,,,0.01,Accident on Needmore Rd at I-75.,Needmore Rd,Dayton,Montgomery,OH,45414,US,US/Eastern,KDAY,2016-02-25 16:13:00,33.1,21.2,89.0,29.89,5.0,WNW,20.7,0.0,Light Snow,False,False,False,False,False,False,False,False,False,False,False,False,False,Day,Day,Day,Day
A-398,Source2,2,2016-02-26 15:45:44,2016-02-26 16:15:44,39.953262,-83.01795200000002,,,0.01,Accident on I-70 at Exits 99A 99A-B 99B 99C South Fwy.,W Innerbelt S,Columbus,Franklin,OH,43215,US,US/Eastern,KCMH,2016-02-26 15:51:00,32.0,24.8,50.0,30.23,10.0,NW,8.1,,Overcast,False,False,False,False,False,False,False,False,False,False,False,False,False,Day,Day,Day,Day
A-399,Source2,2,2016-02-26 15:53:46,2016-02-26 16:38:46,39.739319,-84.157219,,,0.01,Accident on Wayne Ave at Epworth Ave.,Wayne Ave,Dayton,Montgomery,OH,45420-1892,US,US/Eastern,KFFO,2016-02-26 15:58:00,34.3,27.0,52.0,30.25,10.0,West,9.2,,Overcast,False,False,False,False,False,False,False,False,False,False,False,False,False,Day,Day,Day,Day
A-400,Source2,3,2016-02-26 16:15:10,2016-02-26 16:45:10,39.91468,-83.01690699999997,,,0.01,Accident on I-71 at Exit 104 OH-104 Frank Rd.,I-71 S,Columbus,Franklin,OH,43223,US,US/Eastern,KTZR,2016-02-26 15:45:00,32.0,24.2,51.0,30.21,10.0,WNW,9.2,,Overcast,False,False,False,False,False,False,False,False,False,False,False,False,False,Day,Day,Day,Day
A-401,Source2,3,2016-02-26 16:21:21,2016-02-26 16:51:21,41.037647,-81.584183,,,0.01,Accident on I-76 Westbound at Exit 17A State St.,US-224 W,Barberton,Summit,OH,44203,US,US/Eastern,KAKR,2016-02-26 15:54:00,28.9,19.2,67.0,30.21,5.0,NW,11.5,0.0,Light Snow,False,False,False,False,False,False,False,False,False,False,False,False,False,Day,Day,Day,Day
A-402,Source2,2,2016-02-26 16:51:27,2016-02-26 17:36:27,39.798611,-84.207466,,,0.01,Accident on Siebenthaler Ave at Riverside Dr.,E Siebenthaler Ave,Dayton,Montgomery,OH,45405-2437,US,US/Eastern,KDAY,2016-02-26 16:56:00,33.1,24.9,61.0,30.24,10.0,WNW,10.4,,Overcast,False,False,False,False,False,False,False,False,False,False,False,True,False,Day,Day,Day,Day
A-403,Source2,3,2016-02-27 19:34:51,2016-02-27 20:25:36,40.083206,-82.90679899999998,,,0.01,Accident on I-270 Outerbelt Northbound at Exit 30 OH-161 New Albany Expy.,Outerbelt N,Westerville,Franklin,OH,43081,US,US/Eastern,KCMH,2016-02-27 19:51:00,42.1,37.7,55.0,30.04,10.0,South,6.9,,Scattered Clouds,False,False,False,False,False,False,False,False,False,False,False,False,False,Night,Night,Night,Day
A-404,Source2,2,2016-02-28 12:58:44,2016-02-28 13:28:44,39.749916,-84.139359,,,0.01,Accident on US-35 Eastbound at Smithville Rd. Expect congestion.,US-35 E,Dayton,Montgomery,OH,45410,US,US/Eastern,KFFO,2016-02-28 12:58:00,63.1,,35.0,29.81,10.0,SSW,26.5,,Clear,False,False,False,False,False,False,False,False,False,False,False,False,False,Day,Day,Day,Day
A-405,Source2,2,2016-02-28 18:09:32,2016-02-28 18:39:32,39.752735,-84.145386,,,0.01,Accident on US-35 Eastbound at Steve Whalen Blvd.,US-35 E,Dayton,Montgomery,OH,45410,US,US/Eastern,KFFO,2016-02-28 17:58:00,62.8,,32.0,29.67,10.0,SSW,23.0,,Clear,False,False,False,False,False,False,False,False,False,False,False,False,False,Day,Day,Day,Day
A-406,Source2,2,2016-02-29 04:45:27,2016-02-29 05:15:27,39.689022,-84.220665,,,0.01,Accident on OH-741 Springboro Pike at Main St. Expect delays.,Springboro Pike,Dayton,Montgomery,OH,45439,US,US/Eastern,KMGY,2016-02-29 04:53:00,41.0,33.1,82.0,29.83,6.0,West,15.0,,Haze,False,False,True,False,False,False,False,False,False,False,False,False,False,Night,Night,Night,Night
A-407,Source2,2,2016-02-29 06:02:33,2016-02-29 06:32:33,39.778011,-84.20049300000002,,,0.01,Accident on Riverside Dr at Bond St.,Bond St,Dayton,Montgomery,OH,45405-4201,US,US/Eastern,KDAY,2016-02-29 05:56:00,37.0,27.4,89.0,29.89,8.0,WNW,17.3,,Overcast,False,False,False,False,False,False,False,False,False,False,False,False,False,Night,Night,Night,Day
A-408,Source2,2,2016-02-29 06:22:42,2016-02-29 06:52:42,41.399147,-81.565674,,,0.0,Accident on Lee Rd at Ramage Ave.,Lee Rd S,Maple Heights,Cuyahoga,OH,44137,US,US/Eastern,KBKL,2016-02-29 05:53:00,36.0,24.7,86.0,29.74,10.0,West,21.9,,Overcast,False,False,False,False,False,False,False,False,False,False,False,False,False,Night,Night,Day,Day
A-409,Source2,3,2016-02-29 07:14:41,2016-02-29 07:44:41,39.59670300000001,-84.238388,,,0.01,Accident on I-75 Northbound at Exit 41 Austin Blvd. Expect delays.,I-75 S,Miamisburg,Montgomery,OH,45342,US,US/Eastern,KMGY,2016-02-29 06:53:00,39.0,31.0,79.0,29.91,10.0,West,13.8,0.0,Overcast,False,False,False,False,False,False,False,False,False,False,False,False,False,Day,Day,Day,Day
A-410,Source2,3,2016-02-29 07:50:29,2016-02-29 08:20:29,39.973015,-83.014801,,,0.01,Accident on I-670 Eastbound at Exits 2B 3 Neil Ave. Expect delays.,I-670 W,Columbus,Franklin,OH,43215,US,US/Eastern,KCMH,2016-02-29 07:51:00,37.9,29.6,70.0,29.9,10.0,WNW,13.8,,Overcast,False,False,False,False,False,False,False,False,False,False,False,False,False,Day,Day,Day,Day
A-411,Source2,2,2016-02-29 08:11:30,2016-02-29 08:41:30,39.777355,-84.19957,,,0.0,Accident on McOwen St at Riverside Dr. Expect delays.,Riverside Dr,Dayton,Montgomery,OH,45405,US,US/Eastern,KDAY,2016-02-29 07:56:00,37.9,30.0,86.0,29.95,10.0,West,12.7,,Overcast,False,False,False,False,False,False,False,False,False,False,False,False,False,Day,Day,Day,Day
A-412,Source2,2,2016-02-29 09:16:59,2016-02-29 09:46:59,41.139114,-81.597305,,,0.01,Accident on Smith Rd at Revere Rd. Expect delays.,Smith Rd,Akron,Summit,OH,44333,US,US/Eastern,KAKR,2016-02-29 08:54:00,37.0,28.1,67.0,29.86,10.0,WNW,15.0,,Overcast,False,False,False,False,False,False,False,False,False,False,False,True,False,Day,Day,Day,Day
A-413,Source2,2,2016-02-29 09:26:13,2016-02-29 09:56:13,39.64724,-84.224319,,,0.01,Accident on OH-741 Springboro Pike Southbound at Habitat Blvd. Expect delays.,Habitat Blvd,Dayton,Montgomery,OH,45449,US,US/Eastern,KMGY,2016-02-29 09:53:00,39.0,32.8,70.0,30.01,4.0,West,9.2,,Haze,False,False,False,False,False,False,False,False,False,False,False,True,False,Day,Day,Day,Day
A-414,Source2,2,2016-02-29 09:31:35,2016-02-29 10:01:36,39.745487,-84.16544300000002,,,0.0,Accident on Missouri Ave at Heaton Ave. Expect delays.,Heaton Ave,Dayton,Montgomery,OH,45410-2030,US,US/Eastern,KFFO,2016-02-29 09:08:00,39.2,32.0,75.0,29.98,10.0,West,11.5,,Overcast,False,False,False,False,False,False,False,False,False,False,False,False,False,Day,Day,Day,Day
A-415,Source2,2,2016-02-29 10:25:52,2016-02-29 10:55:52,39.732552,-84.12197900000002,,,0.0,Accident on Rainier Dr at Woodman Dr. Expect delays.,Woodman Dr,Dayton,Greene,OH,45432-3337,US,US/Eastern,KFFO,2016-02-29 10:16:00,39.2,30.8,75.0,30.0,10.0,WSW,15.0,,Overcast,False,False,False,False,False,False,False,False,False,False,False,True,False,Day,Day,Day,Day
A-416,Source2,2,2016-02-29 11:32:19,2016-02-29 12:17:48,39.778011,-84.20049300000002,,,0.0,Accident on Bond St at Riverside Dr.,Bond St,Dayton,Montgomery,OH,45405-4201,US,US/Eastern,KDAY,2016-02-29 11:56:00,42.1,33.6,70.0,30.04,10.0,SW,18.4,,Mostly Cloudy,False,False,False,False,False,False,False,False,False,False,False,False,False,Day,Day,Day,Day
A-417,Source3,3,2016-02-29 12:51:44,2016-02-29 13:21:44,40.002552,-83.11835500000002,,,0.01,Right lane blocked due to accident on I-270 Outerbelt Northbound at Exit 10 Roberts Rd.,Roberts Rd,Columbus,Franklin,OH,43228,US,US/Eastern,KTZR,2016-02-29 12:45:00,44.6,37.2,66.0,30.01,10.0,WSW,17.3,,Scattered Clouds,False,False,False,False,False,False,False,False,False,False,False,False,False,Day,Day,Day,Day
A-418,Source2,2,2016-02-29 16:14:24,2016-02-29 16:59:24,39.780014,-84.162888,,,0.01,Accident on Stanley Ave at Valley St.,Stanley Ave,Dayton,Montgomery,OH,45404-2019,US,US/Eastern,KFFO,2016-02-29 15:58:00,54.1,,40.0,29.99,10.0,SW,15.0,,Clear,False,False,False,False,False,False,False,False,False,False,False,True,False,Day,Day,Day,Day
A-419,Source2,2,2016-02-29 18:11:15,2016-02-29 18:41:15,39.643101,-84.209923,,,0.01,Accident on Mad River Rd at Penbrooke Trl.,Penbrooke Trl,Dayton,Montgomery,OH,45459-3435,US,US/Eastern,KMGY,2016-02-29 17:53:00,53.1,,37.0,29.99,10.0,WSW,11.5,,Clear,False,False,False,False,False,False,False,False,False,False,False,False,False,Day,Day,Day,Day
A-420,Source2,2,2016-02-29 18:10:30,2016-02-29 18:40:30,39.767769,-84.17716999999998,,,0.01,Accident on OH-4 Keowee St at Ottawa St.,Ottawa St,Dayton,Montgomery,OH,45404,US,US/Eastern,KFFO,2016-02-29 17:58:00,52.5,,41.0,30.0,10.0,SW,13.8,,Clear,False,False,False,False,False,False,False,False,False,False,False,False,False,Day,Day,Day,Day
A-421,Source2,2,2016-02-29 18:18:37,2016-02-29 18:48:37,39.812687,-84.22734799999998,,,0.01,Accident on Turner Rd at OH-48 Main St.,N Main St,Dayton,Montgomery,OH,45405,US,US/Eastern,KDAY,2016-02-29 17:56:00,50.0,,52.0,30.0,10.0,WSW,11.5,,Scattered Clouds,False,False,True,False,False,False,False,False,False,False,False,True,False,Day,Day,Day,Day
A-422,Source3,3,2016-02-29 18:42:00,2016-02-29 21:00:00,39.986324,-82.985458,,,0.01,Delays and left lane closed due to accident on I-71 North Fwy Southbound after 5th Ave.,North Fwy S,Columbus,Franklin,OH,43201,US,US/Eastern,KCMH,2016-02-29 18:51:00,48.9,,46.0,30.0,10.0,SSW,9.2,,Scattered Clouds,False,False,False,False,True,False,False,False,False,False,False,False,False,Night,Day,Day,Day
A-423,Source2,3,2016-02-29 19:32:00,2016-02-29 23:59:00,40.109913,-84.223648,,,0.01,Delays and right lane closed due to accident on I-75 Southbound in Springcreek.,I-75 S,Piqua,Miami,OH,45356,US,US/Eastern,KVES,2016-02-29 19:35:00,44.6,41.4,66.0,29.98,10.0,SW,5.8,,Scattered Clouds,False,False,False,False,False,False,False,False,False,False,False,False,False,Night,Night,Night,Day
A-424,Source2,2,2016-02-29 19:52:11,2016-02-29 20:22:11,39.83847,-84.246307,,,0.01,Accident on Dog Leg Rd near Stillwater River.,Dog Leg Rd,Dayton,Montgomery,OH,45415,US,US/Eastern,KDAY,2016-02-29 19:56:00,46.0,41.0,58.0,30.02,10.0,SW,10.4,,Partly Cloudy,False,False,False,False,False,False,False,False,False,False,False,False,False,Night,Night,Night,Day
A-425,Source2,2,2016-02-29 20:30:39,2016-02-29 21:00:39,39.627991,-84.17021899999997,,,0.0,Accident on Miller Farm Ln at OH-725 Miamisburg Centerville Rd.,Miamisburg Centerville Rd,Dayton,Montgomery,OH,45459-4752,US,US/Eastern,KMGY,2016-02-29 20:53:00,45.0,42.6,52.0,30.02,10.0,South,4.6,,Clear,False,False,False,False,False,False,False,False,False,False,False,True,False,Night,Night,Night,Night
A-426,Source2,2,2016-03-01 05:05:42,2016-03-01 05:35:42,39.945835,-83.061295,,,0.0,Accident on Wheatland Ave at Sullivant Ave. Expect delays.,S Wheatland Ave,Columbus,Franklin,OH,43204-3157,US,US/Eastern,KTZR,2016-03-01 04:55:00,34.0,31.0,85.0,29.94,10.0,SE,3.5,,Clear,False,False,False,False,False,False,False,False,True,False,False,False,False,Night,Night,Night,Night
A-427,Source2,2,2016-03-01 06:14:44,2016-03-01 06:44:44,39.591389,-84.229485,,,0.01,Accident on OH-741 Springboro Pike at Tech Blvd. Expect delays.,Springboro Pike,Miamisburg,Montgomery,OH,45342-4940,US,US/Eastern,KMGY,2016-03-01 05:53:00,37.9,32.1,68.0,29.92,10.0,SSE,8.1,,Clear,False,False,True,False,False,False,False,False,False,False,False,False,False,Night,Night,Day,Day
A-428,Source2,2,2016-03-01 07:30:18,2016-03-01 08:00:18,39.790302,-84.21390500000003,,,0.01,Accident on OH-48 Main St at Beechwood Ave.,E Beechwood Ave,Dayton,Montgomery,OH,45405-3032,US,US/Eastern,KDAY,2016-03-01 07:56:00,37.0,30.4,79.0,29.9,10.0,SSE,9.2,,Mostly Cloudy,False,False,False,False,False,False,False,False,False,False,False,False,False,Day,Day,Day,Day
A-429,Source2,2,2016-03-01 07:31:53,2016-03-01 08:01:53,39.927441,-83.056198,,,0.01,Accident on US-62 Harrisburg Pike at Briggs Rd / October Ridge Dr. Expect delays.,Harrisburg Pike,Columbus,Franklin,OH,43223,US,US/Eastern,KTZR,2016-03-01 07:20:00,35.6,32.8,81.0,29.94,10.0,SSE,3.5,,Clear,False,False,False,False,False,False,False,False,False,False,False,True,False,Day,Day,Day,Day
A-430,Source2,2,2016-03-01 07:46:03,2016-03-01 08:16:03,39.946892,-82.91548900000002,,,0.01,Accident on Livingston Ave at James Rd.,E Livingston Ave,Columbus,Franklin,OH,43209-3047,US,US/Eastern,KCMH,2016-03-01 07:51:00,37.0,33.3,73.0,29.95,10.0,ESE,4.6,,Mostly Cloudy,False,False,False,False,False,False,False,False,True,False,False,True,False,Day,Day,Day,Day
A-431,Source2,3,2016-03-01 08:16:30,2016-03-01 08:46:30,40.002552,-83.11835500000002,,,0.01,Accident on I-270 Outerbelt Southbound at Exit 10 Roberts Rd. Expect delays.,Roberts Rd,Columbus,Franklin,OH,43228,US,US/Eastern,KTZR,2016-03-01 07:47:00,33.8,30.8,87.0,29.92,10.0,ESE,3.5,,Clear,False,False,False,False,False,False,False,False,False,False,False,False,False,Day,Day,Day,Day
A-432,Source2,2,2016-03-01 10:06:47,2016-03-01 10:36:47,39.79031,-84.029114,,,0.01,Accident on Funderburg Rd near Ironwood Dr. Expect delays.,W Funderburg Rd,Fairborn,Greene,OH,45324-2815,US,US/Eastern,KFFO,2016-03-01 09:58:00,46.6,,61.0,29.82,10.0,South,6.9,,Clear,False,False,False,False,False,False,False,False,False,False,False,False,False,Day,Day,Day,Day
A-433,Source2,2,2016-03-01 10:19:48,2016-03-01 10:49:48,39.087887,-84.236076,,,0.01,Accident on Old State Route 74 at Shayler Rd.,Shayler Rd,Batavia,Clermont,OH,45103-2532,US,US/Eastern,KI69,2016-03-01 10:12:00,54.1,,42.0,29.8,10.0,South,6.9,,Mostly Cloudy,False,False,False,False,False,False,False,False,False,False,False,False,False,Day,Day,Day,Day
A-434,Source2,2,2016-03-01 10:41:37,2016-03-01 11:11:37,39.188583,-84.258705,,,0.01,Accident on OH-28 State Route 28 at Bypass 28 / Romar Dr. Expect delays.,State Route 28,Milford,Clermont,OH,45150-1901,US,US/Eastern,KI69,2016-03-01 10:32:00,54.3,,43.0,29.81,10.0,SW,13.8,,Overcast,False,False,False,False,False,False,False,False,False,False,False,True,False,Day,Day,Day,Day
A-435,Source2,2,2016-03-01 11:12:57,2016-03-01 11:42:57,39.012833,-83.797585,,,0.01,Accident on OH-32 Appalachian Hwy at County Hwy-3 Sardinia Mowrystwn Rd. Expect delays.,Appalachian Hwy,Sardinia,Brown,OH,45171,US,US/Eastern,KI69,2016-03-01 11:12:00,53.6,,52.0,29.76,10.0,South,6.9,,Overcast,False,False,False,False,False,False,False,False,False,False,False,False,False,Day,Day,Day,Day
A-436,Source2,3,2016-03-01 11:56:36,2016-03-01 12:26:36,40.151196,-84.22003199999997,,,7.07,Accident on I-75 Northbound from Exit 74 OH-41 Main St to Exit 82 US-36 Ash St. Expect delays.,E Ash St,Piqua,Miami,OH,45356,US,US/Eastern,KVES,2016-03-01 11:55:00,42.8,37.5,93.0,29.72,4.0,South,9.2,0.09,Rain,False,False,False,False,False,False,False,False,False,False,False,False,False,Day,Day,Day,Day
A-437,Source2,2,2016-03-01 12:36:27,2016-03-01 13:51:27,40.033405,-82.910225,,,0.01,Accident on Stelzer Rd near McCutcheon Rd.,McCutcheon Rd,Columbus,Franklin,OH,43219-3340,US,US/Eastern,KCMH,2016-03-01 12:51:00,55.9,,39.0,29.72,10.0,South,8.1,0.0,Light Rain,False,False,False,False,False,False,False,False,False,False,False,True,False,Day,Day,Day,Day
A-438,Source2,2,2016-03-01 12:50:36,2016-03-01 13:20:36,39.591389,-84.229485,,,0.01,Accident on OH-741 Springboro Pike near Tech Blvd.,Springboro Pike,Miamisburg,Montgomery,OH,45342-4940,US,US/Eastern,KMGY,2016-03-01 12:53:00,48.0,,71.0,29.72,10.0,WNW,8.1,0.02,Light Rain,False,False,True,False,False,False,False,False,False,False,False,False,False,Day,Day,Day,Day
A-439,Source2,2,2016-03-01 16:41:08,2016-03-01 17:11:08,40.080338,-82.880074,,,0.01,Accident on OH-161 New Albany Expy Eastbound at Little Turtle Way.,New Albany Expy E,Westerville,Franklin,OH,43081,US,US/Eastern,KCMH,2016-03-01 16:51:00,48.0,,96.0,29.55,4.0,SSW,5.8,0.19,Light Rain,False,False,False,False,False,False,False,False,False,False,False,False,False,Day,Day,Day,Day
A-440,Source2,2,2016-03-01 17:23:06,2016-03-01 18:23:06,40.200333,-83.027435,,,0.0,Accident on Pullman Dr at Lewis Center Rd.,Lewis Center Rd,Lewis Center,Delaware,OH,43035-9047,US,US/Eastern,KDLZ,2016-03-01 17:17:00,48.2,,93.0,29.51,10.0,SSW,9.2,,,False,False,False,False,False,False,False,False,False,False,False,False,False,Day,Day,Day,Day
A-441,Source2,3,2016-03-01 17:31:22,2016-03-01 18:01:22,40.02504,-82.904129,,,0.01,Accident on I-270 Outerbelt Northbound at Exits 35A 35B I-670 Northeast Fwy.,Outerbelt S,Columbus,Franklin,OH,43219,US,US/Eastern,KCMH,2016-03-01 17:25:00,48.2,,93.0,29.52,8.0,South,8.1,0.0,Light Rain,False,False,False,False,False,False,False,False,False,False,False,False,False,Day,Day,Day,Day
A-442,Source2,3,2016-03-01 17:39:00,2016-03-01 21:00:00,40.013062,-82.90213,,,0.01,Left lane closed due to accident on I-270 Outerbelt Southbound at Exits 35A 35B I-670 Northeast Fwy.,Outerbelt N,Columbus,Franklin,OH,43230,US,US/Eastern,KCMH,2016-03-01 17:47:00,48.2,,100.0,29.52,8.0,SSW,9.2,0.0,Overcast,False,False,False,False,False,False,False,False,False,False,False,False,False,Day,Day,Day,Day
A-443,Source2,3,2016-03-01 18:07:29,2016-03-01 18:37:29,40.065559,-82.906418,,,0.01,Accident on I-270 Outerbelt at I-270 Outerbelt.,Outerbelt S,Columbus,Franklin,OH,43230,US,US/Eastern,KCMH,2016-03-01 18:04:00,50.0,,94.0,29.52,5.0,SW,10.4,0.0,Light Rain,False,False,False,False,False,False,False,False,False,False,False,False,False,Day,Day,Day,Day
A-444,Source2,2,2016-03-01 18:37:25,2016-03-01 19:07:25,39.588413,-84.229774,,,0.01,Accident on OH-741 Springboro Pike at Tech Blvd.,Springboro Pike,Miamisburg,Montgomery,OH,45342-4951,US,US/Eastern,KMGY,2016-03-01 18:53:00,39.0,28.0,82.0,29.69,10.0,WNW,25.3,0.0,Overcast,False,False,True,False,False,False,False,False,False,False,False,True,False,Night,Day,Day,Day
A-445,Source2,2,2016-03-01 18:52:22,2016-03-01 19:22:22,39.902195,-83.084763,,,0.0,Accident on Urban Hollow Ct in Grove City.,Urban Hollow Ct,Urbancrest,Franklin,OH,43123-1308,US,US/Eastern,KTZR,2016-03-01 18:50:00,48.2,,87.0,29.56,10.0,West,15.0,,Overcast,False,False,False,False,False,False,False,False,False,False,False,False,False,Night,Night,Day,Day
A-446,Source2,3,2016-03-02 16:36:08,2016-03-02 17:06:08,41.370506,-83.616997,,,0.01,Accident on I-75 Southbound at Exit 181 OH-64.,I-75 S,Bowling Green,Wood,OH,43402,US,US/Eastern,KTDZ,2016-03-02 16:53:00,28.9,19.2,54.0,30.16,10.0,WNW,11.5,,Overcast,False,False,False,False,False,False,False,False,False,False,False,False,False,Day,Day,Day,Day
A-447,Source2,2,2016-03-02 17:12:54,2016-03-02 17:42:54,39.945427,-82.846558,,,0.01,Accident on I-270 Outerbelt Southbound at Exit 43A-B/41A-B US-40 Main St.,Outerbelt S,Columbus,Franklin,OH,43232,US,US/Eastern,KCMH,2016-03-02 16:51:00,30.9,25.2,47.0,30.17,10.0,NW,5.8,,Scattered Clouds,False,False,False,False,False,False,False,False,False,False,False,False,False,Day,Day,Day,Day
A-448,Source2,3,2016-03-02 17:32:51,2016-03-02 18:02:51,39.945751,-82.846252,,,0.01,Accident on I-270 Outerbelt Northbound at Exit 43A-B/41A-B US-40 Main St.,Outerbelt S,Columbus,Franklin,OH,43232,US,US/Eastern,KCMH,2016-03-02 17:51:00,30.9,21.7,47.0,30.18,10.0,WNW,11.5,,Scattered Clouds,False,False,False,False,False,False,False,False,False,False,False,False,False,Day,Day,Day,Day
A-449,Source2,2,2016-03-02 17:52:45,2016-03-02 18:22:45,41.316475,-81.649101,,,0.01,Accident on OH-82 Royalton Rd at I-77.,E Royalton Rd,Brecksville,Cuyahoga,OH,44141,US,US/Eastern,KCLE,2016-03-02 17:51:00,25.0,14.8,66.0,30.2,10.0,WNW,10.4,0.0,Mostly Cloudy,False,False,False,False,False,False,False,False,False,False,False,False,False,Day,Day,Day,Day
A-450,Source2,2,2016-03-02 19:20:37,2016-03-02 19:50:37,39.786633,-84.170837,,,0.01,Accident on OH-202 Troy St at Stanley Ave.,Troy St,Dayton,Montgomery,OH,45404-2726,US,US/Eastern,KFFO,2016-03-02 18:58:00,29.8,23.9,48.0,30.2,10.0,WSW,5.8,,Clear,False,False,True,False,False,False,False,False,False,False,False,True,False,Night,Night,Day,Day
A-451,Source2,2,2016-03-02 19:43:39,2016-03-02 20:13:39,39.768337,-84.194244,,,0.0,Accident on Babbitt St at OH-48 Main St.,E Babbitt St,Dayton,Montgomery,OH,45405-4967,US,US/Eastern,KDAY,2016-03-02 19:56:00,28.9,23.9,56.0,30.21,10.0,SW,4.6,,Partly Cloudy,False,False,False,False,False,False,False,False,False,False,False,True,False,Night,Night,Night,Day
A-452,Source2,2,2016-03-02 20:36:40,2016-03-02 21:06:40,39.797005,-84.154556,,,0.0,Accident on Lakebend Dr in Dayton.,Lakebend Dr,Dayton,Montgomery,OH,45404-2135,US,US/Eastern,KFFO,2016-03-02 20:58:00,29.5,,53.0,30.2,10.0,Calm,,,Partly Cloudy,False,False,False,False,False,False,False,False,False,False,False,False,False,Night,Night,Night,Night
A-453,Source2,2,2016-03-03 04:51:44,2016-03-03 05:21:44,40.005947,-82.858887,,,0.0,Accident on Beaverbrook Ct at Beaverbrook Dr.,Beaverbrook Ct,Columbus,Franklin,OH,43230-3373,US,US/Eastern,KCMH,2016-03-03 04:51:00,25.0,19.3,66.0,30.19,10.0,SE,4.6,,Mostly Cloudy,False,False,False,False,False,False,False,False,False,False,False,False,False,Night,Night,Night,Night
A-454,Source2,2,2016-03-03 06:39:51,2016-03-03 07:09:51,39.355782,-83.268311,,,0.01,Accident on OH-28 State Route 28 at Morgan Rd. Expect delays.,State Route 28,Frankfort,Ross,OH,45628-9569,US,US/Eastern,KLCK,2016-03-03 06:35:00,25.2,20.9,79.0,30.17,10.0,SE,3.5,,Overcast,False,False,False,False,False,False,False,False,False,False,False,False,False,Night,Day,Day,Day
A-455,Source2,3,2016-03-03 06:51:45,2016-03-03 07:21:45,40.030914,-82.994598,,,0.01,Right hand shoulder blocked due to accident on I-71 Northbound at Exit 114 Silver Dr.,E North Broadway St,Columbus,Franklin,OH,43224,US,US/Eastern,KCMH,2016-03-03 06:51:00,27.0,19.5,61.0,30.19,10.0,SE,6.9,,Overcast,False,False,False,False,False,False,False,False,False,False,False,False,False,Night,Day,Day,Day
A-456,Source2,2,2016-03-03 07:40:36,2016-03-03 08:10:36,39.746147,-84.183167,,,0.0,Accident on Magnolia St at Brown St. Expect delays.,Brown St,Dayton,Montgomery,OH,45409,US,US/Eastern,KFFO,2016-03-03 07:35:00,30.2,24.3,75.0,30.14,3.0,South,5.8,,Light Snow,False,False,False,False,False,False,False,False,False,False,False,False,False,Day,Day,Day,Day
A-457,Source2,2,2016-03-03 07:43:25,2016-03-03 08:13:25,39.771233,-84.1763,,,0.0,Accident on Herman Ave Southbound near Creston Ave.,Creston Ave,Dayton,Montgomery,OH,45404-1701,US,US/Eastern,KFFO,2016-03-03 07:35:00,30.2,24.3,75.0,30.14,3.0,South,5.8,,Light Snow,False,False,False,False,False,False,False,False,False,False,False,False,False,Day,Day,Day,Day
A-458,Source2,3,2016-03-03 07:44:53,2016-03-03 08:14:53,39.976398,-83.119225,,,0.01,Shoulder blocked due to accident on I-70 Westbound at Exits 93 93A 93B I-270 Outerbelt.,Outerbelt S,Columbus,Franklin,OH,43204,US,US/Eastern,KTZR,2016-03-03 07:50:00,26.6,20.0,80.0,30.16,10.0,SE,5.8,,Overcast,False,False,False,False,False,False,False,False,False,False,False,False,False,Day,Day,Day,Day
A-459,Source2,3,2016-03-03 07:45:33,2016-03-03 08:15:33,39.948391,-82.943558,,,0.01,Left hand shoulder blocked due to accident on I-70 Westbound at Exit 103B Alum Creek Dr.,East Fwy W,Columbus,Franklin,OH,43209,US,US/Eastern,KCMH,2016-03-03 07:51:00,28.0,19.3,58.0,30.19,10.0,ESE,9.2,,Overcast,False,False,False,False,False,False,False,False,False,False,False,False,False,Day,Day,Day,Day
A-460,Source2,2,2016-03-03 08:07:05,2016-03-03 08:37:05,39.321606,-84.070908,,,0.01,Accident on OH-132 State Route 132 at OH-123 State Route 123. Expect delays.,State Route 132,Blanchester,Clinton,OH,45107-8472,US,US/Eastern,KILN,2016-03-03 07:54:00,28.9,25.2,78.0,30.21,4.0,SSE,3.5,0.0,Light Snow,False,False,False,False,False,False,False,False,False,False,False,False,False,Day,Day,Day,Day
A-461,Source2,2,2016-03-03 08:19:42,2016-03-03 08:49:42,39.085529,-84.178314,,,0.01,Accident on OH-132 State Route 132 at OH-222 State Route 222. Expect delays.,State Route 32,Batavia,Clermont,OH,45103,US,US/Eastern,KI69,2016-03-03 08:13:00,30.0,,99.0,30.13,5.0,Calm,,,Light Snow,False,False,False,False,False,False,False,False,False,False,False,False,False,Day,Day,Day,Day
A-462,Source2,2,2016-03-03 09:12:10,2016-03-03 09:42:10,39.758556,-84.177246,,,0.01,Accident on 5th St at Keowee St.,S Keowee St,Dayton,Montgomery,OH,45402-2242,US,US/Eastern,KFFO,2016-03-03 08:58:00,30.6,24.7,79.0,30.16,10.0,SE,5.8,0.0,Light Snow,False,False,False,False,False,False,False,False,False,False,False,False,False,Day,Day,Day,Day
A-463,Source2,3,2016-03-03 09:42:54,2016-03-03 10:12:54,39.939571,-83.009911,,,0.01,One lane blocked due to accident on I-71 Southbound at Exit 105 Greenlawn Ave.,Greenlawn Ave,Columbus,Franklin,OH,43223,US,US/Eastern,KTZR,2016-03-03 09:50:00,30.2,24.3,69.0,30.13,10.0,SE,5.8,,Overcast,False,False,False,False,False,False,False,False,False,False,False,True,False,Day,Day,Day,Day
A-464,Source2,3,2016-03-03 10:05:35,2016-03-03 10:35:35,39.747753,-84.20558199999998,,,0.01,Accident on I-75 Northbound near Exits 52 52B US-35. Expect delays.,I-75 S,Dayton,Montgomery,OH,45417,US,US/Eastern,KDAY,2016-03-03 10:05:00,30.0,22.4,92.0,30.1,1.0,SSE,8.1,0.0,Light Snow,False,False,False,False,False,False,False,False,False,False,False,False,False,Day,Day,Day,Day
A-465,Source2,2,2016-03-03 11:28:29,2016-03-03 11:58:29,39.815628,-84.093338,,,0.0,Accident on Union Schoolhouse Rd at Baker Rd.,Baker Rd,Dayton,Montgomery,OH,45424-1846,US,US/Eastern,KFFO,2016-03-03 11:25:00,32.0,27.5,93.0,30.1,1.0,SE,4.6,,Light Snow,False,False,False,False,False,False,False,False,False,False,False,False,False,Day,Day,Day,Day
A-466,Source2,2,2016-03-03 11:51:07,2016-03-03 12:21:07,39.635357,-84.216339,,,0.0,Accident on Mall Ring Rd at OH-725 Miamisburg Centerville Rd.,Miamisburg Centerville Rd,Dayton,Montgomery,OH,45459-3772,US,US/Eastern,KMGY,2016-03-03 11:53:00,34.0,26.0,79.0,30.11,3.0,SSE,10.4,0.0,Light Snow,False,False,False,False,False,False,False,False,False,False,False,False,False,Day,Day,Day,Day
A-467,Source2,2,2016-03-03 11:57:44,2016-03-03 12:27:44,39.757317,-84.151299,,,0.0,Accident on Davis Ave at Belpre Pl.,Davis Ave,Dayton,Montgomery,OH,45403-2912,US,US/Eastern,KFFO,2016-03-03 11:58:00,32.0,25.6,100.0,30.14,2.5,SE,6.9,0.0,Light Snow,False,False,False,False,False,False,False,False,False,False,False,False,False,Day,Day,Day,Day
A-468,Source2,2,2016-03-03 14:24:46,2016-03-03 15:09:46,39.768837,-84.20156899999998,,,0.0,Accident on Forest Ave at Grand Ave.,W Grand Ave,Dayton,Montgomery,OH,45405,US,US/Eastern,KDAY,2016-03-03 13:56:00,33.1,26.1,96.0,30.07,1.5,SSE,8.1,0.01,Light Snow,False,False,False,False,False,False,False,False,False,False,False,False,False,Day,Day,Day,Day
A-469,Source2,2,2016-03-03 14:58:23,2016-03-03 15:58:23,39.749916,-84.139359,,,0.01,Accident on US-35 Westbound at Smithville Rd.,US-35 E,Dayton,Montgomery,OH,45410,US,US/Eastern,KFFO,2016-03-03 14:58:00,33.1,26.9,94.0,30.08,1.5,SSE,6.9,0.01,Light Snow,False,False,False,False,False,False,False,False,False,False,False,False,False,Day,Day,Day,Day
A-470,Source2,2,2016-03-03 15:06:22,2016-03-03 15:51:22,39.685413,-84.220871,,,0.01,Accident on OH-741 Springboro Pike at Dixie Dr.,S Dixie Dr,Dayton,Montgomery,OH,45439,US,US/Eastern,KMGY,2016-03-03 15:12:00,33.1,26.9,89.0,30.02,1.0,SSE,6.9,0.01,Light Snow,False,False,False,False,False,False,False,False,False,False,False,False,False,Day,Day,Day,Day
A-471,Source2,2,2016-03-03 15:07:36,2016-03-03 15:37:36,39.919437,-82.775238,,,0.0,Accident on Fairfax Dr at Stonecreek Dr.,Stonecreek Dr,Pickerington,Fairfield,OH,43147-9671,US,US/Eastern,KLHQ,2016-03-03 15:10:00,33.1,26.1,82.0,30.06,2.0,SE,8.1,0.0,Light Snow,False,False,False,False,False,False,False,False,False,False,False,False,False,Day,Day,Day,Day
A-472,Source2,2,2016-03-03 16:11:40,2016-03-03 16:41:40,39.972076,-83.09818299999998,,,0.01,Accident on Wilson Rd Northbound in Columbus.,N Wilson Rd,Columbus,Franklin,OH,43204-1467,US,US/Eastern,KTZR,2016-03-03 15:50:00,30.2,25.4,100.0,30.05,1.0,South,4.6,,Light Snow,False,False,False,False,False,False,False,False,False,False,False,False,False,Day,Day,Day,Day
A-473,Source2,3,2016-03-03 16:30:54,2016-03-03 17:15:54,39.791206,-84.206223,,,0.01,Accident on Hillcrest Ave at Riverside Dr.,E Hillcrest Ave,Dayton,Montgomery,OH,45405,US,US/Eastern,KDAY,2016-03-03 16:24:00,34.0,27.2,96.0,30.01,2.5,South,8.1,0.01,Light Snow,False,False,False,False,False,False,False,False,False,False,False,False,False,Day,Day,Day,Day
A-474,Source2,2,2016-03-03 16:35:34,2016-03-03 17:20:34,39.778645,-84.20476500000002,,,0.01,Accident on OH-48 Main St at Burton Ave.,N Main St,Dayton,Montgomery,OH,45405-4140,US,US/Eastern,KDAY,2016-03-03 16:46:00,33.1,26.9,96.0,30.0,2.0,SE,6.9,0.01,Light Snow,False,False,False,False,False,False,False,False,False,False,False,False,False,Day,Day,Day,Day
A-475,Source2,2,2016-03-03 17:31:00,2016-03-03 23:00:00,39.749916,-84.139359,,,0.01,Left lane closed due to accident on US-35 Eastbound at Smithville Rd.,US-35 E,Dayton,Montgomery,OH,45410,US,US/Eastern,KFFO,2016-03-03 17:38:00,32.0,25.6,100.0,30.0,1.8,SE,6.9,,Light Snow,False,False,False,False,False,False,False,False,False,False,False,False,False,Day,Day,Day,Day
A-476,Source2,3,2016-03-03 18:30:12,2016-03-03 19:00:12,39.934155,-82.852524,,,0.01,Right hand shoulder blocked due to accident on I-70 Eastbound at Exits 108 108A-B I-270 Outerbelt.,East Fwy W,Columbus,Franklin,OH,43232,US,US/Eastern,KCMH,2016-03-03 18:27:00,30.2,25.4,93.0,30.03,1.5,East,4.6,0.01,Light Snow,False,False,False,False,True,False,False,False,False,False,False,False,False,Night,Day,Day,Day
A-477,Source2,3,2016-03-03 18:52:00,2016-03-03 23:00:00,39.755344,-84.203598,,,0.01,Center lane closed due to accident on I-75 Southbound at Exits 53A 53B 1st St.,I-75 N,Dayton,Montgomery,OH,45402,US,US/Eastern,KFFO,2016-03-03 18:58:00,32.0,26.4,100.0,30.05,1.8,SE,5.8,0.0,Light Snow,False,False,False,False,False,False,False,False,False,False,False,False,False,Night,Day,Day,Day
A-478,Source2,3,2016-03-03 20:04:00,2016-03-03 21:00:00,40.045822,-83.033424,,,0.01,Entry ramp closed due to accident on OH-315 Olentangy Fwy Northbound at OH-315 Olentangy Fwy.,Olentangy Fwy N,Columbus,Franklin,OH,43214,US,US/Eastern,KOSU,2016-03-03 20:10:00,32.0,25.6,92.0,30.02,2.5,SE,6.9,0.0,Light Snow,False,False,False,False,False,False,False,False,False,False,False,False,False,Night,Night,Night,Night
A-479,Source2,3,2016-03-03 20:21:07,2016-03-03 20:51:07,40.051949,-83.03280600000002,,,0.01,Entry ramp closed due to accident on OH-315 Olentangy Fwy Northbound at Exit 7 Olentangy River Rd.,W Henderson Rd,Columbus,Franklin,OH,43214,US,US/Eastern,KOSU,2016-03-03 20:10:00,32.0,25.6,92.0,30.02,2.5,SE,6.9,0.0,Light Snow,False,False,False,False,False,False,False,False,False,False,False,False,False,Night,Night,Night,Night
A-480,Source2,2,2016-03-04 06:10:42,2016-03-04 06:40:42,39.943745,-83.073151,,,0.01,Accident on Hague Ave at Sullivant Ave. Expect delays.,Sullivant Ave,Columbus,Franklin,OH,43204-2413,US,US/Eastern,KTZR,2016-03-04 06:15:00,31.6,28.3,100.0,30.04,2.5,NNW,3.5,,Light Snow,False,False,False,False,False,False,False,False,True,False,False,True,False,Night,Night,Day,Day
A-481,Source2,3,2016-03-04 06:11:18,2016-03-04 06:41:18,39.89217,-83.039169,,,0.01,Accident on I-270 Outerbelt Eastbound at Exit 55 I-71. Expect delays.,I-71 S,Grove City,Franklin,OH,43123,US,US/Eastern,KTZR,2016-03-04 06:15:00,31.6,28.3,100.0,30.04,2.5,NNW,3.5,,Light Snow,False,False,False,False,False,False,False,False,False,False,False,False,False,Night,Night,Day,Day
A-482,Source2,3,2016-03-04 06:39:05,2016-03-04 07:09:05,41.113785,-81.611633,,,0.01,Multi-vehicle accident on I-77 Southbound at Exit 133 Ridgewood Rd. Expect delays.,Ridgewood Rd,Akron,Summit,OH,44333,US,US/Eastern,KAKR,2016-03-04 06:41:00,27.0,,89.0,30.03,2.0,Calm,,0.0,Overcast,False,False,False,False,False,False,False,False,False,False,False,False,False,Night,Day,Day,Day
A-483,Source2,3,2016-03-04 06:43:09,2016-03-04 07:13:09,39.948158,-83.036201,,,0.01,One lane blocked due to accident on I-70 Westbound at Exit 98A US-62 Central Ave.,I-70 W,Columbus,Franklin,OH,43223,US,US/Eastern,KTZR,2016-03-04 06:15:00,31.6,28.3,100.0,30.04,2.5,NNW,3.5,,Light Snow,False,False,False,False,False,False,False,False,False,False,False,False,False,Night,Day,Day,Day
A-484,Source2,3,2016-03-04 06:44:45,2016-03-04 07:14:45,39.819839,-84.189087,,,0.01,Accident on I-75 Southbound at Exit 58 Needmore Rd. Expect delays.,Needmore Rd,Dayton,Montgomery,OH,45414,US,US/Eastern,KDAY,2016-03-04 06:56:00,30.9,21.2,96.0,30.1,2.5,North,12.7,,Overcast,False,False,False,False,False,False,False,False,False,False,False,False,False,Night,Day,Day,Day
A-485,Source3,3,2016-03-04 06:45:30,2016-03-04 07:15:30,39.788414,-84.183693,,,0.01,Accident on I-75 Southbound at Exit 56 Stanley Ave. Expect delays.,Stanley Ave,Dayton,Montgomery,OH,45404,US,US/Eastern,KFFO,2016-03-04 06:58:00,32.9,25.9,99.0,30.1,7.0,NNW,8.1,,Overcast,False,False,False,False,False,False,False,False,False,False,False,False,False,Night,Day,Day,Day
A-486,Source2,2,2016-03-04 07:09:31,2016-03-04 07:39:31,39.747406,-84.239487,,,0.01,Accident on US-35 Eastbound at Abbey Ave. Expect delays.,Abbey Ave,Dayton,Montgomery,OH,45417,US,US/Eastern,KDAY,2016-03-04 07:06:00,30.9,21.2,96.0,30.08,3.0,North,12.7,,Overcast,False,False,False,False,False,False,False,False,False,False,False,True,False,Day,Day,Day,Day
A-487,Source2,2,2016-03-04 07:09:59,2016-03-04 07:39:59,39.747753,-84.20558199999998,,,0.01,Accident on US-35 Eastbound at I-75 Exits 52 52B. Expect delays.,I-75 S,Dayton,Montgomery,OH,45417,US,US/Eastern,KDAY,2016-03-04 07:06:00,30.9,21.2,96.0,30.08,3.0,North,12.7,,Overcast,False,False,False,False,False,False,False,False,False,False,False,False,False,Day,Day,Day,Day
A-488,Source2,3,2016-03-04 07:28:45,2016-03-04 07:58:45,39.788414,-84.183693,,,0.01,Accident on I-75 Southbound at Exit 56 Stanley Ave. Expect delays.,Stanley Ave,Dayton,Montgomery,OH,45404,US,US/Eastern,KFFO,2016-03-04 07:42:00,32.0,24.2,100.0,30.12,2.5,North,9.2,,Overcast,False,False,False,False,False,False,False,False,False,False,False,False,False,Day,Day,Day,Day
A-489,Source2,3,2016-03-04 07:37:31,2016-03-04 08:07:31,41.351006,-83.622826,,,0.01,Accident on I-75 Southbound near Exit 179 US-6 Grand Army of the Republic Hwy. Expect delays.,Grand Army of the Republic Hwy,Bowling Green,Wood,OH,43402,US,US/Eastern,KTDZ,2016-03-04 07:53:00,28.9,22.8,85.0,30.17,9.0,NNE,5.8,,Overcast,False,False,False,False,False,False,False,False,False,False,False,False,False,Day,Day,Day,Day
A-490,Source2,2,2016-03-04 07:52:53,2016-03-04 08:22:53,39.756203,-84.25322,,,0.01,Accident on Gettysburg Ave at Edison St. Expect delays.,Edison St,Dayton,Montgomery,OH,45417-1605,US,US/Eastern,KDAY,2016-03-04 07:56:00,30.0,19.5,96.0,30.14,4.0,North,13.8,,Overcast,False,False,False,False,False,False,False,False,False,False,False,False,False,Day,Day,Day,Day
A-491,Source2,2,2016-03-04 07:59:13,2016-03-04 08:29:13,39.94365300000001,-83.060631,,,0.0,Accident on Springmont Ave at Wheatland Ave. Expect delays.,S Wheatland Ave,Columbus,Franklin,OH,43204-3157,US,US/Eastern,KTZR,2016-03-04 07:50:00,32.0,24.2,93.0,30.06,4.0,North,9.2,,Overcast,False,False,False,False,False,False,False,False,False,False,False,False,False,Day,Day,Day,Day
A-492,Source2,2,2016-03-04 08:01:42,2016-03-04 08:31:42,39.985336,-82.78984100000002,,,0.01,One lane blocked due to accident on OH-16 Broad St at Waggoner Rd.,E Broad St,Reynoldsburg,Franklin,OH,43068,US,US/Eastern,KCMH,2016-03-04 07:58:00,32.0,24.2,80.0,30.07,6.0,NNE,9.2,,Haze,False,False,False,False,False,False,False,False,False,False,False,False,False,Day,Day,Day,Day
A-493,Source2,3,2016-03-04 08:06:17,2016-03-04 08:36:17,40.077419,-82.907898,,,0.01,Accident on I-270 Outerbelt Southbound at Exit 30 OH-161 New Albany Expy.,Outerbelt S,Columbus,Franklin,OH,43230,US,US/Eastern,KCMH,2016-03-04 07:58:00,32.0,24.2,80.0,30.07,6.0,NNE,9.2,,Haze,False,False,False,False,False,False,False,False,False,False,False,False,False,Day,Day,Day,Day
A-494,Source2,2,2016-03-04 08:14:01,2016-03-04 08:44:01,39.739037,-84.152107,,,0.0,Accident on Watervliet Ave at Wayne Ave.,Arbor Ave,Dayton,Montgomery,OH,45420-1910,US,US/Eastern,KFFO,2016-03-04 07:58:00,31.8,23.3,99.0,30.13,6.0,North,10.4,,Overcast,False,False,True,False,False,False,False,False,False,False,False,True,False,Day,Day,Day,Day
A-495,Source2,2,2016-03-04 08:24:47,2016-03-04 08:54:47,40.083298,-84.117058,,,0.01,Accident on County Hwy-193 Troy Urbana Rd at OH-589 State Route 589. Expect delays.,N State Route 589,Casstown,Miami,OH,45312-9776,US,US/Eastern,KDAY,2016-03-04 07:56:00,30.0,19.5,96.0,30.14,4.0,North,13.8,,Overcast,False,False,False,False,False,False,False,False,False,False,False,False,False,Day,Day,Day,Day
A-496,Source2,2,2016-03-04 08:33:12,2016-03-04 09:03:12,40.089439,-83.036194,,,0.01,Accident on OH-315 Olentangy Fwy Southbound at OH-161 Dublin Granville Rd. Expect delays.,W Dublin Granville Rd,Columbus,Franklin,OH,43085,US,US/Eastern,KOSU,2016-03-04 08:53:00,32.0,24.2,88.0,30.12,6.0,North,9.2,,Overcast,False,False,False,False,False,False,False,False,False,False,False,False,False,Day,Day,Day,Day
A-497,Source2,2,2016-03-04 10:17:30,2016-03-04 10:47:30,39.735844,-84.121658,,,0.01,Accident on Woodman Dr at Woodbine Ave.,Woodman Dr,Dayton,Greene,OH,45432-3335,US,US/Eastern,KFFO,2016-03-04 09:58:00,32.5,27.1,92.0,30.18,5.0,North,5.8,,Overcast,False,False,True,False,False,False,False,False,False,False,False,True,False,Day,Day,Day,Day
A-498,Source2,2,2016-03-04 11:15:47,2016-03-04 11:45:47,39.764576,-84.187706,,,0.01,Accident on OH-4 Monument Ave at Patterson Blvd. Expect delays.,E Monument Ave,Dayton,Montgomery,OH,45402,US,US/Eastern,KFFO,2016-03-04 11:22:00,32.0,28.7,93.0,30.2,10.0,North,3.5,,Overcast,False,False,True,False,False,False,False,False,False,False,False,True,False,Day,Day,Day,Day
A-499,Source2,2,2016-03-04 11:50:40,2016-03-04 12:20:40,39.747974,-84.215065,,,0.01,Accident on Broadway St at OH-4 Germantown St.,Germantown St,Dayton,Montgomery,OH,45417-3337,US,US/Eastern,KDAY,2016-03-04 11:56:00,32.0,25.6,88.0,30.2,4.0,NNW,6.9,,Overcast,False,False,False,False,False,False,False,False,False,False,False,False,False,Day,Day,Day,Day
A-500,Source2,2,2016-03-04 14:55:55,2016-03-04 15:40:55,39.747753,-84.20558199999998,,,0.01,Accident on US-35 at I-75.,I-75 S,Dayton,Montgomery,OH,45417,US,US/Eastern,KDAY,2016-03-04 14:56:00,32.0,24.8,88.0,30.2,5.0,NW,8.1,,Overcast,False,False,False,False,False,False,False,False,False,False,False,False,False,Day,Day,Day,Day
A-501,Source2,2,2016-03-04 14:55:28,2016-03-04 15:25:28,39.95232,-83.03761300000002,,,0.0,Accident on Rich St at Rickenbacker St.,Rickenbacker St,Columbus,Franklin,OH,43223-1325,US,US/Eastern,KTZR,2016-03-04 14:50:00,33.8,29.6,81.0,30.15,7.0,NW,4.6,,Overcast,False,False,False,False,False,False,False,False,False,False,False,False,False,Day,Day,Day,Day
A-502,Source2,2,2016-03-04 16:46:11,2016-03-04 17:16:11,40.01757,-82.928978,,,0.01,Accident on Cassady Ave Northbound at Cassady Village Trl.,N Cassady Ave,Columbus,Franklin,OH,43219-1513,US,US/Eastern,KCMH,2016-03-04 16:51:00,34.0,26.6,70.0,30.19,10.0,NW,9.2,,Overcast,False,False,False,False,False,False,False,False,False,False,False,False,False,Day,Day,Day,Day
A-503,Source2,2,2016-03-04 17:31:00,2016-03-04 21:00:00,39.95652800000001,-83.018555,,,0.01,Right lane closed due to accident on OH-315 Innerbelt Southbound at US-62 Plato Pl.,W Town St,Columbus,Franklin,OH,43222,US,US/Eastern,KTZR,2016-03-04 17:50:00,33.8,28.6,75.0,30.18,7.0,NNW,5.8,,Overcast,False,False,False,False,False,False,False,False,False,False,False,True,False,Day,Day,Day,Day
A-504,Source2,2,2016-03-04 17:28:40,2016-03-04 17:58:40,39.939571,-83.009911,,,0.01,Accident on I-71 Southbound after Exit 105 Greenlawn Ave.,Greenlawn Ave,Columbus,Franklin,OH,43223,US,US/Eastern,KTZR,2016-03-04 17:50:00,33.8,28.6,75.0,30.18,7.0,NNW,5.8,,Overcast,False,False,False,False,False,False,False,False,False,False,False,True,False,Day,Day,Day,Day
A-505,Source2,2,2016-03-04 18:53:03,2016-03-04 19:23:03,39.749916,-84.139359,,,0.01,Accident on US-35 Southbound at Smithville Rd.,US-35 E,Dayton,Montgomery,OH,45410,US,US/Eastern,KFFO,2016-03-04 18:58:00,33.1,,82.0,30.21,10.0,NNE,2.3,,Overcast,False,False,False,False,False,False,False,False,False,False,False,False,False,Night,Day,Day,Day
A-506,Source2,3,2016-03-05 07:07:25,2016-03-05 07:37:25,41.137856,-83.65884399999999,,,0.01,Restrictions due to accident on I-75 Northbound at Exit 164 OH-613 State Route 613.,State Route 613,Findlay,Hancock,OH,45840,US,US/Eastern,KFDY,2016-03-05 07:11:00,30.9,23.5,85.0,30.08,5.0,ESE,8.1,,Overcast,False,False,False,False,False,False,False,False,False,False,False,False,False,Day,Day,Day,Day
A-507,Source2,2,2016-03-07 06:40:17,2016-03-07 07:10:17,41.112324,-81.60992399999998,,,0.01,Accident on Ridgewood Rd at Miller Rd.,I-77 S,Akron,Summit,OH,44321,US,US/Eastern,KAKR,2016-03-07 06:54:00,37.0,30.4,76.0,30.11,10.0,South,9.2,,Clear,False,False,False,False,False,False,False,False,False,False,False,False,False,Night,Day,Day,Day
A-508,Source2,3,2016-03-07 06:40:44,2016-03-07 07:10:44,40.109077,-83.091064,,,0.01,Accident on I-270 Outerbelt Eastbound at Exit 20 Sawmill Rd. Expect delays.,Sawmill Rd,Dublin,Franklin,OH,43017,US,US/Eastern,KOSU,2016-03-07 06:53:00,39.0,33.4,79.0,30.12,10.0,SSE,8.1,,Clear,False,False,False,False,False,False,False,False,False,False,False,True,False,Night,Day,Day,Day
A-509,Source2,2,2016-03-07 06:55:50,2016-03-07 07:25:50,39.779266,-84.23465,,,0.01,Accident on Philadelphia Dr at Harvard Blvd. Expect delays.,Philadelphia Dr,Dayton,Montgomery,OH,45406-4011,US,US/Eastern,KDAY,2016-03-07 06:56:00,42.1,36.6,70.0,30.1,10.0,South,9.2,,Overcast,False,False,False,False,False,False,False,False,False,False,False,False,False,Night,Day,Day,Day
A-510,Source2,3,2016-03-07 07:27:39,2016-03-07 07:57:39,41.420975,-81.689758,,,0.01,Accident on I-480 Eastbound at Exit 17 OH-17 Brookpark Rd. Expect delays.,I-480 E,Cleveland,Cuyahoga,OH,44109,US,US/Eastern,KBKL,2016-03-07 07:53:00,46.9,,56.0,30.04,10.0,South,21.9,,Clear,False,False,False,False,False,False,False,False,False,False,False,False,False,Day,Day,Day,Day
A-511,Source2,2,2016-03-07 09:02:27,2016-03-07 09:32:27,39.59670300000001,-84.238388,,,0.01,Accident on Austin Blvd at I-75 Exit 41. Expect delays.,I-75 S,Miamisburg,Montgomery,OH,45342,US,US/Eastern,KMGY,2016-03-07 08:53:00,48.9,,54.0,30.12,10.0,SSW,12.7,,Clear,False,False,False,False,False,False,False,False,False,False,False,False,False,Day,Day,Day,Day
A-512,Source2,2,2016-03-07 09:03:03,2016-03-07 09:33:03,39.772823,-84.135612,,,0.01,Accident on Smithville Rd at Radio Rd. Expect delays.,Radio Rd,Dayton,Greene,OH,45431-1035,US,US/Eastern,KFFO,2016-03-07 08:58:00,46.4,42.4,66.0,30.12,10.0,SE,8.1,,Mostly Cloudy,False,False,False,False,False,False,False,False,False,False,False,False,False,Day,Day,Day,Day
A-513,Source2,3,2016-03-07 09:04:41,2016-03-07 09:34:41,40.109497,-83.090813,,,0.01,Accident on I-270 Outerbelt Northbound at Exit 20 Sawmill Rd. Expect delays.,Sawmill Rd,Columbus,Franklin,OH,43235,US,US/Eastern,KOSU,2016-03-07 08:53:00,45.0,39.7,65.0,30.14,10.0,South,10.4,,Clear,False,False,False,False,False,False,False,False,False,False,False,False,False,Day,Day,Day,Day
A-514,Source2,2,2016-03-07 10:32:16,2016-03-07 11:02:16,40.080402,-82.87745699999998,,,0.01,Two lanes blocked due to accident on OH-161 New Albany Expy Westbound at Little Turtle Way. Expect delays.,New Albany Expy W,Westerville,Franklin,OH,43081,US,US/Eastern,KCMH,2016-03-07 10:51:00,52.0,,47.0,30.14,10.0,SSW,11.5,,Overcast,False,False,False,False,False,False,False,False,False,False,False,False,False,Day,Day,Day,Day
A-515,Source2,2,2016-03-07 10:55:50,2016-03-07 11:25:50,39.741417,-84.18055,,,0.01,Accident on Stewart St at Alberta St. Expect delays.,E Stewart St,Dayton,Montgomery,OH,45409-2828,US,US/Eastern,KFFO,2016-03-07 10:58:00,60.1,,37.0,30.12,10.0,SSW,20.7,,Overcast,False,False,True,False,False,False,False,False,False,False,False,True,False,Day,Day,Day,Day
A-516,Source2,2,2016-03-07 11:10:55,2016-03-07 11:40:55,39.760406,-84.195686,,,0.0,Accident on Wilkinson St at 2nd St.,N Wilkinson St,Dayton,Montgomery,OH,45402-1441,US,US/Eastern,KFFO,2016-03-07 10:58:00,60.1,,37.0,30.12,10.0,SSW,20.7,,Overcast,False,False,True,False,False,False,False,False,False,False,False,True,False,Day,Day,Day,Day
A-517,Source2,2,2016-03-07 11:20:24,2016-03-07 11:50:24,39.627781,-84.188354,,,0.01,Accident on McEwen Rd at OH-725 Miamisburg Centerville Rd. Expect delays.,Miamisburg Centerville Rd,Dayton,Montgomery,OH,45459,US,US/Eastern,KMGY,2016-03-07 10:53:00,57.9,,41.0,30.11,10.0,SSW,15.0,,Clear,False,False,False,False,False,False,False,False,False,False,False,True,False,Day,Day,Day,Day
A-518,Source2,2,2016-03-07 14:48:52,2016-03-07 15:33:52,39.706184,-84.217506,,,0.01,Accident on OH-741 Springboro Pike at Northlawn Ave.,Springboro Pike,Dayton,Montgomery,OH,45439,US,US/Eastern,KMGY,2016-03-07 14:53:00,62.1,,34.0,30.06,10.0,SW,19.6,,Clear,False,False,False,False,False,False,False,False,False,False,False,False,False,Day,Day,Day,Day
A-519,Source2,2,2016-03-07 15:48:21,2016-03-07 16:33:21,39.812687,-84.22734799999998,,,0.01,Accident on Shoup Mill Rd at Turner Rd.,N Main St,Dayton,Montgomery,OH,45405,US,US/Eastern,KDAY,2016-03-07 15:56:00,59.0,,46.0,30.05,10.0,SSW,13.8,0.0,Light Rain,False,False,True,False,False,False,False,False,False,False,False,True,False,Day,Day,Day,Day
A-520,Source2,2,2016-03-07 16:07:09,2016-03-07 16:52:09,39.767471,-84.15786700000002,,,0.01,Accident on Springfield St at Findlay St.,Springfield St,Dayton,Montgomery,OH,45403-1243,US,US/Eastern,KFFO,2016-03-07 15:58:00,62.4,,35.0,30.06,10.0,SSW,17.3,,Light Rain,False,False,False,False,False,False,False,False,False,False,False,True,False,Day,Day,Day,Day
A-521,Source2,3,2016-03-07 17:05:00,2016-03-07 21:00:00,39.902088,-82.898178,,,0.01,Right lane blocked due to accident on I-270 Outerbelt Southbound at Exits 46 46A 46B US-33.,US-33 W,Columbus,Franklin,OH,43207,US,US/Eastern,KLCK,2016-03-07 17:15:00,58.8,,47.0,30.06,10.0,SW,8.1,,Overcast,False,False,False,False,False,False,False,False,False,False,False,False,False,Day,Day,Day,Day
A-522,Source2,3,2016-03-07 21:49:00,2016-03-08 01:49:00,40.699066,-84.089935,,,0.01,Right lane blocked due to accident on I-75 Southbound at Exit 122 OH-65 Saint Johns Rd.,I-75 S,Lima,Allen,OH,45804,US,US/Eastern,KAOH,2016-03-07 21:53:00,52.0,,59.0,30.03,10.0,South,9.2,,Clear,False,False,False,False,False,False,False,False,False,False,False,False,False,Night,Night,Night,Night
A-523,Source2,2,2016-03-08 04:25:14,2016-03-08 04:55:14,39.811291,-84.235176,,,0.01,Accident on Philadelphia Dr at Folsom Dr. Expect delays.,Folsom Dr,Dayton,Montgomery,OH,45405-1111,US,US/Eastern,KDAY,2016-03-08 03:56:00,51.1,,56.0,30.07,10.0,South,9.2,,Partly Cloudy,False,False,False,False,False,False,False,False,False,False,False,False,False,Night,Night,Night,Night
A-524,Source2,2,2016-03-08 04:57:26,2016-03-08 05:27:26,39.811291,-84.235176,,,0.01,Accident on Philadelphia Dr at Folsom Dr.,Folsom Dr,Dayton,Montgomery,OH,45405-1111,US,US/Eastern,KDAY,2016-03-08 04:56:00,53.1,,52.0,30.07,10.0,South,10.4,,Mostly Cloudy,False,False,False,False,False,False,False,False,False,False,False,False,False,Night,Night,Night,Night
A-525,Source2,2,2016-03-08 04:55:34,2016-03-08 05:25:34,39.872375,-84.055153,,,0.01,Accident on OH-235 State Route 235 at Center Point 70 Blvd. Expect delays.,Center Point 70 Blvd,Dayton,Montgomery,OH,45424,US,US/Eastern,KFFO,2016-03-08 04:58:00,50.5,,58.0,30.08,10.0,SSE,5.8,,Overcast,False,False,False,False,False,False,False,False,False,False,False,False,False,Night,Night,Night,Night
A-526,Source2,2,2016-03-08 05:31:02,2016-03-08 06:16:02,39.916485,-82.897026,,,0.0,Accident on Courtright Rd at Refugee Rd. Expect congestion.,Refugee Rd,Columbus,Franklin,OH,43232-4825,US,US/Eastern,KCMH,2016-03-08 05:51:00,54.0,,47.0,30.11,10.0,South,5.8,,Overcast,False,False,True,False,False,False,False,False,True,False,False,True,False,Night,Night,Night,Day
A-527,Source2,2,2016-03-08 06:10:30,2016-03-08 06:40:30,39.019779,-84.20581800000002,,,0.01,Accident on OH-132 State Highway 132 at OH-125 Ohio Pike / OH-132 State Highway 132. Expect delays.,E Ohio Pike,Amelia,Clermont,OH,45102-2351,US,US/Eastern,KI69,2016-03-08 06:12:00,55.4,,49.0,30.13,10.0,South,5.8,,Clear,False,False,True,False,False,False,False,False,False,False,False,True,False,Night,Night,Day,Day
A-528,Source2,2,2016-03-08 06:47:17,2016-03-08 07:17:17,39.096836,-84.253273,,,0.01,Accident on Batavia Pike at Bridlewood Ln. Expect delays.,Old State Route 74,Batavia,Clermont,OH,45103-2367,US,US/Eastern,KI69,2016-03-08 06:53:00,55.2,,50.0,30.15,10.0,South,4.6,,Clear,False,False,False,False,False,False,False,False,False,False,False,False,False,Night,Day,Day,Day
A-529,Source2,2,2016-03-08 06:54:37,2016-03-08 07:24:37,40.006477,-83.030991,,,0.01,Accident on OH-315 Olentangy Fwy Southbound at Lane Ave. Expect delays.,Olentangy Fwy S,Columbus,Franklin,OH,43210,US,US/Eastern,KOSU,2016-03-08 06:53:00,53.1,,52.0,30.12,10.0,South,10.4,,Overcast,False,False,False,False,False,False,False,False,False,False,False,True,False,Day,Day,Day,Day
A-530,Source2,2,2016-03-08 06:57:44,2016-03-08 07:27:44,40.080402,-82.87745699999998,,,0.01,One lane blocked due to accident on OH-161 New Albany Expy at Little Turtle Way / Dublin Granville Rd.,New Albany Expy W,Westerville,Franklin,OH,43081,US,US/Eastern,KCMH,2016-03-08 06:51:00,55.0,,47.0,30.13,10.0,SSW,9.2,,Overcast,False,False,False,False,False,False,False,False,False,False,False,False,False,Day,Day,Day,Day
A-531,Source2,2,2016-03-08 07:29:19,2016-03-08 07:59:19,39.748081,-84.13945799999998,,,0.01,Accident on Smithville Rd at Linden Ave.,S Smithville Rd,Dayton,Montgomery,OH,45410,US,US/Eastern,KFFO,2016-03-08 07:58:00,56.7,,51.0,30.14,10.0,SSW,13.8,,Overcast,False,False,False,False,False,False,False,False,False,False,False,True,False,Day,Day,Day,Day
A-532,Source2,3,2016-03-08 07:26:53,2016-03-08 07:56:53,40.003059,-82.862289,,,0.01,Accident on I-270 Outerbelt Northbound at Exit 37 OH-317 Hamilton Rd.,Outerbelt N,Columbus,Franklin,OH,43230,US,US/Eastern,KCMH,2016-03-08 07:51:00,55.0,,49.0,30.16,10.0,South,9.2,,Overcast,False,False,False,False,True,False,False,False,False,False,False,False,False,Day,Day,Day,Day
A-533,Source2,3,2016-03-08 07:46:55,2016-03-08 08:16:55,41.36795,-81.821655,,,0.01,Accident on I-71 Southbound at Exit 235 Bagley Rd.,I-71 S,Cleveland,Cuyahoga,OH,44130,US,US/Eastern,KCLE,2016-03-08 07:51:00,53.1,,50.0,30.12,10.0,South,10.4,,Mostly Cloudy,False,False,False,False,False,False,False,False,False,False,False,False,False,Day,Day,Day,Day
A-534,Source2,2,2016-03-08 08:09:53,2016-03-08 08:39:53,39.75777100000001,-84.142036,,,0.0,Accident on Huffman Ave at Gondert Ave.,Huffman Ave,Dayton,Montgomery,OH,45403-3018,US,US/Eastern,KFFO,2016-03-08 07:58:00,56.7,,51.0,30.14,10.0,SSW,13.8,,Overcast,False,False,False,False,False,False,False,False,False,False,False,False,False,Day,Day,Day,Day
A-535,Source2,2,2016-03-08 09:20:23,2016-03-08 09:50:23,39.749916,-84.139359,,,0.01,Accident on US-35 Eastbound at Smithville Rd. Expect delays.,US-35 E,Dayton,Montgomery,OH,45410,US,US/Eastern,KFFO,2016-03-08 08:58:00,61.2,,46.0,30.15,10.0,SSW,18.4,,Mostly Cloudy,False,False,False,False,False,False,False,False,False,False,False,False,False,Day,Day,Day,Day
A-536,Source2,2,2016-03-08 10:36:45,2016-03-08 11:06:45,39.106014,-84.147224,,,0.01,Accident on OH-132 State Route 132 at Elmwood Rd. Expect delays.,State Route 132,Batavia,Clermont,OH,45103-1228,US,US/Eastern,KI69,2016-03-08 10:33:00,65.1,,43.0,30.18,10.0,SSW,11.5,,Clear,False,False,False,False,False,False,False,False,False,False,False,False,False,Day,Day,Day,Day
A-537,Source2,2,2016-03-08 10:37:41,2016-03-08 11:07:41,39.603619,-84.228577,,,0.0,Accident on Innovation Dr Northbound at OH-741 Springboro Pike. Expect delays.,Innovation Dr,Miamisburg,Montgomery,OH,45342,US,US/Eastern,KMGY,2016-03-08 10:53:00,66.0,,45.0,30.14,10.0,SW,16.1,,Clear,False,False,True,False,False,False,False,False,False,False,False,True,False,Day,Day,Day,Day
A-538,Source2,2,2016-03-08 10:39:09,2016-03-08 11:09:09,39.636219,-84.21775799999998,,,0.01,Accident on Mad River Rd at OH-725 Miamisburg Centerville Rd.,Miamisburg Centerville Rd,Dayton,Montgomery,OH,45459-3725,US,US/Eastern,KMGY,2016-03-08 10:53:00,66.0,,45.0,30.14,10.0,SW,16.1,,Clear,False,False,False,False,False,False,False,False,False,False,False,True,False,Day,Day,Day,Day
A-539,Source2,2,2016-03-08 10:55:29,2016-03-08 11:25:29,39.790596,-84.253807,,,0.01,Accident on Gettysburg Ave at Hillcrest Ave. Expect delays.,N Gettysburg Ave,Dayton,Montgomery,OH,45406-1708,US,US/Eastern,KDAY,2016-03-08 10:56:00,66.0,,50.0,30.13,10.0,SW,19.6,,Scattered Clouds,False,False,False,False,False,False,False,False,False,False,False,True,False,Day,Day,Day,Day
A-540,Source2,2,2016-03-08 12:14:36,2016-03-08 12:44:36,39.786629,-84.18869000000002,,,0.01,Accident on N Keowee St at Stanley Ave.,N Keowee St,Dayton,Montgomery,OH,45404-1104,US,US/Eastern,KFFO,2016-03-08 11:58:00,70.2,,43.0,30.13,10.0,SSW,18.4,,Clear,False,False,True,False,False,False,False,False,False,False,False,True,False,Day,Day,Day,Day
A-541,Source2,3,2016-03-08 12:20:00,2016-03-08 13:25:00,40.112133,-83.016998,,,0.01,Restrictions due to accident on I-270 Outerbelt both ways at Exit 23 US-23 High St.,Outerbelt W,Columbus,Franklin,OH,43235,US,US/Eastern,KOSU,2016-03-08 11:53:00,68.0,,45.0,30.14,10.0,SSW,13.8,,Overcast,False,False,False,False,True,False,False,False,False,False,False,False,False,Day,Day,Day,Day
A-542,Source2,2,2016-03-08 13:19:16,2016-03-08 14:04:16,39.753288,-84.191978,,,0.01,Accident on Ludlow St at Franklin St.,Franklin St,Dayton,Montgomery,OH,45402-2633,US,US/Eastern,KFFO,2016-03-08 13:25:00,71.6,,41.0,30.06,10.0,South,18.4,,Clear,False,False,False,False,False,False,False,False,False,False,False,False,False,Day,Day,Day,Day
A-543,Source2,2,2016-03-08 16:13:46,2016-03-08 17:13:46,39.770718,-84.211449,,,0.0,Accident on Neal Ave at Bellevue Ave.,Neal Ave,Dayton,Montgomery,OH,45406-5234,US,US/Eastern,KDAY,2016-03-08 15:56:00,71.1,,39.0,30.02,10.0,SSW,16.1,,Mostly Cloudy,False,False,False,False,False,False,False,False,False,False,False,False,False,Day,Day,Day,Day
A-544,Source2,2,2016-03-08 17:11:00,2016-03-08 21:00:00,39.995968,-83.024574,,,0.01,Right lane blocked due to accident on OH-315 Olentangy Fwy Northbound near Cannon Dr.,Olentangy Fwy N,Columbus,Franklin,OH,43212,US,US/Eastern,KOSU,2016-03-08 16:53:00,71.1,,32.0,30.0,10.0,SSW,15.0,,Clear,False,False,False,False,False,False,False,False,False,False,False,False,False,Day,Day,Day,Day
A-545,Source2,2,2016-03-08 17:26:10,2016-03-08 17:56:10,40.131283,-83.089745,,,0.01,Accident on Sawmill Rd Southbound at Summit View Rd.,Sawmill Rd,Dublin,Franklin,OH,43016-9037,US,US/Eastern,KOSU,2016-03-08 17:53:00,69.1,,32.0,30.02,10.0,SSW,11.5,,Clear,False,False,False,False,False,False,False,False,False,False,False,False,False,Day,Day,Day,Day
A-546,Source2,2,2016-03-08 17:56:35,2016-03-08 18:41:35,40.103794,-83.13369,,,0.01,Accident on Emerald Pkwy Northbound at Coffman Rd. Approach with care.,Coffman Rd,Dublin,Franklin,OH,43017,US,US/Eastern,KOSU,2016-03-08 17:53:00,69.1,,32.0,30.02,10.0,SSW,11.5,,Clear,False,False,False,False,False,False,False,False,False,False,False,False,False,Day,Day,Day,Day
A-547,Source2,3,2016-03-08 17:55:00,2016-03-08 21:00:00,40.047691,-82.997086,,,0.01,Right lane blocked due to accident on I-71 Northbound at Exit 115 Cooke Rd.,E Cooke Rd,Columbus,Franklin,OH,43214,US,US/Eastern,KOSU,2016-03-08 17:53:00,69.1,,32.0,30.02,10.0,SSW,11.5,,Clear,False,False,False,False,False,False,False,False,False,False,False,False,False,Day,Day,Day,Day
A-548,Source2,3,2016-03-08 18:41:00,2016-03-08 21:00:00,39.93639,-82.881676,,,0.01,Left lane blocked due to accident on I-70 Eastbound at Exits 107 107A 107B OH-317 Hamilton Rd.,I-70 E,Columbus,Franklin,OH,43232,US,US/Eastern,KCMH,2016-03-08 18:51:00,66.9,,31.0,30.03,10.0,SW,8.1,,Mostly Cloudy,False,False,False,False,False,False,False,False,False,False,False,False,False,Night,Day,Day,Day
A-549,Source2,3,2016-03-09 06:07:45,2016-03-09 06:37:45,40.827763,-83.975716,,,0.01,Accident on I-75 Southbound at Dixie Hwy. Expect delays.,N Napoleon Rd,Lima,Allen,OH,45801,US,US/Eastern,KAOH,2016-03-09 05:53:00,57.0,,64.0,29.97,10.0,South,16.1,,Clear,False,False,False,False,False,False,False,False,False,False,False,False,False,Night,Night,Day,Day
A-550,Source2,2,2016-03-09 06:42:51,2016-03-09 07:12:51,39.67155800000001,-84.252678,,,0.0,Accident on Elm St at Central Ave.,S Elm St,Dayton,Montgomery,OH,45449-1733,US,US/Eastern,KMGY,2016-03-09 06:53:00,55.9,,64.0,30.03,10.0,South,9.2,,Clear,False,False,False,False,False,False,False,False,False,False,False,False,False,Night,Day,Day,Day
A-551,Source2,2,2016-03-09 06:50:34,2016-03-09 07:20:34,40.028641,-83.01509899999998,,,0.01,Accident on High St at Como Ave. Expect delays.,W Como Ave,Columbus,Franklin,OH,43202-1027,US,US/Eastern,KOSU,2016-03-09 06:53:00,55.0,,64.0,30.05,10.0,South,8.1,,Clear,False,False,True,False,False,False,False,False,True,False,False,True,False,Night,Day,Day,Day
A-552,Source2,3,2016-03-09 07:22:35,2016-03-09 07:52:35,40.02404,-82.99479699999998,,,0.01,One lane blocked due to accident on I-71 Southbound at Exit 113 Silver Dr. Expect delays.,E Weber Rd,Columbus,Franklin,OH,43211,US,US/Eastern,KCMH,2016-03-09 07:51:00,54.0,,66.0,30.07,10.0,SSE,4.6,,Mostly Cloudy,False,False,False,False,False,False,False,False,False,False,False,False,False,Day,Day,Day,Day
A-553,Source2,2,2016-03-09 08:13:28,2016-03-09 08:43:28,40.11182,-82.901276,,,0.0,Accident on Liberty Ln at Valley Forge Ct.,Valley Forge Ct,Westerville,Franklin,OH,43081-2731,US,US/Eastern,KCMH,2016-03-09 07:51:00,54.0,,66.0,30.07,10.0,SSE,4.6,,Mostly Cloudy,False,False,False,False,False,False,False,False,False,False,False,False,False,Day,Day,Day,Day
A-554,Source2,3,2016-03-09 08:39:20,2016-03-09 09:09:20,40.09917100000001,-83.134499,,,0.01,Accident on I-270 Outerbelt Northbound at Exits 17A 17B US-33 Columbus Marysville Rd. Expect delays.,Columbus Marysville Rd N,Dublin,Franklin,OH,43017,US,US/Eastern,KOSU,2016-03-09 08:53:00,63.0,,58.0,30.06,10.0,South,13.8,,Clear,False,False,False,False,False,False,False,False,False,False,False,False,False,Day,Day,Day,Day
A-555,Source2,2,2016-03-09 08:38:38,2016-03-09 09:08:38,40.059711,-82.419037,,,0.01,Accident on OH-16 Westbound at OH-79. Expect delays.,OH-79,Newark,Licking,OH,43055,US,US/Eastern,KVTA,2016-03-09 08:54:00,61.0,,62.0,30.08,10.0,South,6.9,,Clear,False,False,False,False,False,False,False,False,False,False,False,False,False,Day,Day,Day,Day
A-556,Source2,2,2016-03-09 09:38:42,2016-03-09 10:08:42,39.801685,-84.253998,,,0.01,Accident on Salem Ave at Detroit Ave.,Salem Ave,Dayton,Montgomery,OH,45416-1701,US,US/Eastern,KDAY,2016-03-09 09:56:00,64.0,,58.0,30.06,10.0,SSW,16.1,,Mostly Cloudy,False,False,False,False,False,False,False,False,False,False,False,False,False,Day,Day,Day,Day
A-557,Source2,2,2016-03-09 09:41:18,2016-03-09 10:11:18,39.798016,-84.25018299999998,,,0.0,Accident on Falmouth Ave at Siebenthaler Ave.,W Siebenthaler Ave,Dayton,Montgomery,OH,45406-1536,US,US/Eastern,KDAY,2016-03-09 09:56:00,64.0,,58.0,30.06,10.0,SSW,16.1,,Mostly Cloudy,False,False,False,False,False,False,False,False,False,False,False,False,False,Day,Day,Day,Day
A-558,Source2,2,2016-03-09 09:40:00,2016-03-09 10:40:00,39.995106,-83.025337,,,0.01,Entry ramp closed due to accident on OH-315 Olentangy Fwy Northbound at Olentangy River Rd.,Olentangy River Rd,Columbus,Franklin,OH,43212,US,US/Eastern,KOSU,2016-03-09 09:53:00,63.0,,58.0,30.08,10.0,SSW,13.8,,Partly Cloudy,False,False,False,False,False,False,False,False,False,False,False,False,False,Day,Day,Day,Day
A-559,Source2,2,2016-03-09 11:27:24,2016-03-09 11:57:24,39.740906,-84.182121,,,0.01,Accident on Brown St at Stewart St.,E Stewart St,Dayton,Montgomery,OH,45409-2666,US,US/Eastern,KFFO,2016-03-09 10:58:00,66.0,,54.0,30.08,10.0,SSW,15.0,,Mostly Cloudy,False,False,True,False,False,False,False,False,False,False,False,True,False,Day,Day,Day,Day
A-560,Source2,2,2016-03-09 11:41:23,2016-03-09 12:11:23,39.757221,-84.205894,,,0.01,Accident on 3rd St at Bank St. Expect delays.,Bank St,Dayton,Montgomery,OH,45402-8401,US,US/Eastern,KFFO,2016-03-09 11:58:00,70.2,,49.0,30.04,10.0,SW,19.6,,Scattered Clouds,False,False,False,False,False,False,False,False,False,False,False,False,False,Day,Day,Day,Day
A-561,Source2,2,2016-03-09 11:40:43,2016-03-09 12:10:43,39.745384,-84.183006,,,0.01,Accident on Wyoming St at Brown St.,Brown St,Dayton,Montgomery,OH,45409-2940,US,US/Eastern,KFFO,2016-03-09 11:58:00,70.2,,49.0,30.04,10.0,SW,19.6,,Scattered Clouds,False,False,False,False,False,False,False,False,False,False,False,True,False,Day,Day,Day,Day
A-562,Source2,2,2016-03-09 11:56:56,2016-03-09 12:26:56,39.658932,-84.157677,,,0.01,Accident on OH-48 Far Hills Ave at Whipp Rd.,Far Hills Ave,Dayton,Montgomery,OH,45459-1923,US,US/Eastern,KMGY,2016-03-09 11:53:00,70.0,,47.0,30.03,10.0,SSW,21.9,,Partly Cloudy,False,False,False,False,False,False,False,False,False,False,False,False,False,Day,Day,Day,Day
A-563,Source2,2,2016-03-09 13:55:50,2016-03-09 14:40:50,39.780712,-84.18723299999998,,,0.01,Accident on Keowee St at Helena St.,N Keowee St,Dayton,Montgomery,OH,45404-1546,US,US/Eastern,KFFO,2016-03-09 13:58:00,73.0,,44.0,30.01,10.0,SW,18.4,,Mostly Cloudy,False,False,True,False,False,False,False,False,False,False,False,False,False,Day,Day,Day,Day
A-564,Source2,2,2016-03-09 14:28:02,2016-03-09 15:28:02,39.754055,-84.17588,,,0.01,Accident on US-35 Eastbound at Keowee St.,US-35 E,Dayton,Montgomery,OH,45410,US,US/Eastern,KFFO,2016-03-09 14:55:00,69.8,,49.0,30.02,7.0,SSW,17.3,,Light Rain Showers,False,False,False,False,False,False,False,False,False,False,False,False,False,Day,Day,Day,Day
A-565,Source2,2,2016-03-09 14:47:02,2016-03-09 15:32:02,39.828781,-84.19839499999998,,,0.0,Accident on Bartley Rd at Dixie Dr.,N Dixie Dr,Dayton,Montgomery,OH,45414-3309,US,US/Eastern,KDAY,2016-03-09 14:56:00,66.9,,59.0,30.03,9.0,SW,16.1,0.0,Light Rain,False,False,False,False,False,False,False,False,False,False,False,True,False,Day,Day,Day,Day
A-566,Source2,2,2016-03-09 15:01:02,2016-03-09 15:46:02,39.805809,-84.222435,,,0.01,Accident on OH-48 Main St at Nottingham Rd.,W Nottingham Rd,Dayton,Montgomery,OH,45405-5210,US,US/Eastern,KDAY,2016-03-09 14:56:00,66.9,,59.0,30.03,9.0,SW,16.1,0.0,Light Rain,False,False,True,False,False,False,False,False,False,False,False,True,False,Day,Day,Day,Day
A-567,Source2,3,2016-03-10 05:22:10,2016-03-10 06:07:10,39.896893,-83.723129,,,0.01,Lane blocked due to accident on I-70 Westbound at Exit 59 OH-41 Charleston Pike.,S Charleston Pike,Springfield,Clark,OH,45505,US,US/Eastern,KSGH,2016-03-10 05:12:00,55.4,,100.0,30.02,7.0,SSE,5.8,,Overcast,False,False,False,False,False,False,False,False,False,False,False,False,False,Night,Night,Night,Night
A-568,Source2,3,2016-03-10 06:09:17,2016-03-10 06:39:17,39.715988,-84.219238,,,0.01,Accident on I-75 Northbound at Exit 50A Dryden Rd. Expect delays.,I-75 N,Dayton,Montgomery,OH,45439,US,US/Eastern,KMGY,2016-03-10 05:53:00,57.0,,89.0,30.0,10.0,South,6.9,0.0,Overcast,False,False,False,False,True,False,False,False,False,False,False,False,False,Night,Night,Day,Day
A-569,Source2,3,2016-03-10 06:12:15,2016-03-10 06:42:15,39.896893,-83.723129,,,0.01,Two lanes blocked due to accident on I-70 Westbound at Exit 59 OH-41 Charleston Pike. Expect delays.,S Charleston Pike,Springfield,Clark,OH,45505,US,US/Eastern,KSGH,2016-03-10 05:56:00,55.9,,100.0,30.03,10.0,South,4.6,0.01,Overcast,False,False,False,False,False,False,False,False,False,False,False,False,False,Night,Night,Day,Day
A-570,Source2,3,2016-03-10 07:10:04,2016-03-10 07:40:04,39.715988,-84.219238,,,0.01,Accident on I-75 Southbound before Exit 50A Dryden Rd. Expect delays.,I-75 N,Dayton,Montgomery,OH,45439,US,US/Eastern,KMGY,2016-03-10 06:53:00,59.0,,87.0,30.0,10.0,SSW,9.2,0.0,Light Rain,False,False,False,False,True,False,False,False,False,False,False,False,False,Day,Day,Day,Day
A-571,Source2,3,2016-03-10 07:22:33,2016-03-10 07:52:33,39.933804,-82.78944399999997,,,0.01,Accident on I-70 Westbound at Exits 112 112A 112B OH-256 Hill Rd. Expect delays.,Hill Rd N,Pickerington,Fairfield,OH,43147,US,US/Eastern,KLHQ,2016-03-10 06:53:00,59.0,,87.0,30.05,6.0,SSW,9.2,0.02,Rain,False,False,False,False,False,False,False,False,False,False,False,False,False,Day,Day,Day,Day
A-572,Source2,2,2016-03-10 07:35:01,2016-03-10 08:05:01,39.668198,-84.147636,,,0.0,Accident on Durwood Rd at Rahn Rd.,Durwood Rd,Dayton,Montgomery,OH,45429-5902,US,US/Eastern,KMGY,2016-03-10 07:53:00,59.0,,87.0,30.0,10.0,SSW,6.9,0.0,Overcast,False,False,False,False,False,False,False,False,False,False,False,False,False,Day,Day,Day,Day
A-573,Source2,2,2016-03-10 07:41:11,2016-03-10 08:11:11,39.781204,-84.20558199999998,,,0.01,Accident on Ridge Ave at Glenwood Ave. Expect delays.,Ridge Ave,Dayton,Montgomery,OH,45405-3844,US,US/Eastern,KDAY,2016-03-10 07:39:00,57.9,,93.0,30.01,7.0,SSW,13.8,0.0,Light Rain,False,False,False,False,False,False,False,False,False,False,False,False,False,Day,Day,Day,Day
A-574,Source3,3,2016-03-10 07:42:38,2016-03-10 08:12:38,39.901142,-84.18789699999998,,,0.01,Two lanes blocked due to accident on I-75 Southbound at Exit 64 Northwoods Blvd. Expect delays.,Northwoods Blvd,Vandalia,Montgomery,OH,45377,US,US/Eastern,KDAY,2016-03-10 07:39:00,57.9,,93.0,30.01,7.0,SSW,13.8,0.0,Light Rain,False,False,False,False,False,False,False,False,False,False,False,False,False,Day,Day,Day,Day
A-575,Source2,2,2016-03-10 07:56:35,2016-03-10 08:26:35,39.903053,-83.162949,,,0.01,Accident on Alkire Rd at Kunz Rd / Bausch Rd.,Kunz Rd,Galloway,Franklin,OH,43119-9569,US,US/Eastern,KTZR,2016-03-10 07:50:00,57.2,,100.0,30.03,7.0,SSW,11.5,,Light Rain,False,False,False,False,False,False,False,False,False,False,False,False,False,Day,Day,Day,Day
A-576,Source2,2,2016-03-10 08:03:25,2016-03-10 08:33:25,39.783173,-84.117981,,,0.01,Accident on Springfield St Northbound at Harshman Rd. Expect delays.,Harshman Rd,Dayton,Montgomery,OH,45431,US,US/Eastern,KFFO,2016-03-10 07:58:00,59.2,,100.0,30.01,10.0,SSW,11.5,0.0,Overcast,False,False,False,False,True,False,False,False,False,False,False,False,False,Day,Day,Day,Day
A-577,Source2,2,2016-03-10 08:12:38,2016-03-10 08:42:38,39.085529,-84.178314,,,0.01,Accident on OH-132 State Route 132 at OH-32 State Route 32. Expect delays.,State Route 32,Batavia,Clermont,OH,45103,US,US/Eastern,KI69,2016-03-10 08:13:00,60.1,,93.0,30.02,10.0,SSW,6.9,,Overcast,False,False,False,False,False,False,False,False,False,False,False,False,False,Day,Day,Day,Day
A-578,Source2,3,2016-03-10 08:48:10,2016-03-10 09:18:10,40.111134,-82.992203,,,0.01,Accident on I-270 Outerbelt Northbound at Exit 26 I-71.,Outerbelt W,Columbus,Franklin,OH,43085,US,US/Eastern,KOSU,2016-03-10 08:49:00,57.2,,100.0,30.01,10.0,South,6.9,0.0,Overcast,False,False,False,False,False,False,False,False,False,False,False,False,False,Day,Day,Day,Day
A-579,Source2,3,2016-03-10 09:32:41,2016-03-10 10:02:41,39.948391,-82.943558,,,0.01,Accident on I-70 Westbound at Exit 103B Alum Creek Dr. Expect delays.,East Fwy W,Columbus,Franklin,OH,43209,US,US/Eastern,KCMH,2016-03-10 09:51:00,59.0,,93.0,30.03,10.0,SSW,9.2,0.0,Mostly Cloudy,False,False,False,False,False,False,False,False,False,False,False,False,False,Day,Day,Day,Day
A-580,Source2,2,2016-03-10 09:36:26,2016-03-10 10:06:26,39.786411,-84.25376899999998,,,0.01,Accident on Gettysburg Ave at Prescott Ave.,Prescott Ave,Dayton,Montgomery,OH,45406-2435,US,US/Eastern,KDAY,2016-03-10 09:16:00,57.9,,100.0,30.03,1.2,SSW,13.8,0.01,Light Rain,False,False,False,False,False,False,False,False,False,False,False,True,False,Day,Day,Day,Day
A-581,Source2,2,2016-03-10 09:37:25,2016-03-10 10:07:25,39.782368,-84.203339,,,0.01,Accident on Riverside Dr at Ridge Ave.,Ridge Ave,Dayton,Montgomery,OH,45405,US,US/Eastern,KDAY,2016-03-10 09:56:00,57.9,,100.0,30.01,1.8,SW,9.2,0.05,Light Rain,False,False,False,False,False,False,False,False,False,False,False,True,False,Day,Day,Day,Day
A-582,Source2,2,2016-03-10 09:36:50,2016-03-10 10:06:50,39.74688,-84.15986600000002,,,0.0,Accident on Saint Joseph Ave at Wyoming St.,Wyoming St,Dayton,Montgomery,OH,45410-2206,US,US/Eastern,KFFO,2016-03-10 09:45:00,59.0,,100.0,30.01,2.5,SSW,15.0,,Light Rain,False,False,False,False,False,False,False,False,False,False,False,False,False,Day,Day,Day,Day
A-583,Source2,2,2016-03-10 10:00:50,2016-03-10 10:30:50,39.596725,-84.231667,,,0.01,Accident on Austin Blvd at Springboro Pike.,Austin Blvd,Miamisburg,Montgomery,OH,45342,US,US/Eastern,KMGY,2016-03-10 09:53:00,59.0,,90.0,30.01,6.0,SSW,8.1,0.01,Light Rain,False,False,False,False,False,False,False,False,False,False,False,True,False,Day,Day,Day,Day
A-584,Source2,2,2016-03-10 10:33:46,2016-03-10 11:03:46,39.784584,-84.15226700000002,,,0.0,Accident on Valleycrest Dr at Valley St.,Valleycrest Dr,Dayton,Montgomery,OH,45404-2219,US,US/Eastern,KFFO,2016-03-10 10:38:00,60.8,,100.0,30.01,2.8,SSW,10.4,,Light Rain,False,False,False,False,False,False,False,False,False,False,False,False,False,Day,Day,Day,Day
A-585,Source2,2,2016-03-10 11:08:43,2016-03-10 11:38:43,39.769596,-84.176964,,,0.01,Accident on OH-4 Keowee St at OH-4 Valley St.,N Keowee St,Dayton,Montgomery,OH,45404,US,US/Eastern,KFFO,2016-03-10 10:58:00,59.9,,100.0,30.02,2.8,South,10.4,0.04,Light Rain,False,False,False,False,False,False,False,False,False,False,False,False,False,Day,Day,Day,Day
A-586,Source2,3,2016-03-10 11:29:29,2016-03-10 11:59:29,39.696461,-83.456673,,,0.01,Accident on I-71 Northbound at Exit 75 OH-38 State Route 38.,State Route 38 NE,Bloomingburg,Fayette,OH,43106,US,US/Eastern,KILN,2016-03-10 11:35:00,60.1,,90.0,30.03,1.8,SW,13.8,0.02,Rain,False,False,False,False,False,False,False,False,False,False,False,False,False,Day,Day,Day,Day
A-587,Source2,3,2016-03-10 11:27:00,2016-03-10 15:00:00,39.97847700000001,-83.119835,,,0.01,Lane blocked on exit ramp due to accident on I-270 Outerbelt Southbound at Exit 8 I-70.,Outerbelt S,Columbus,Franklin,OH,43204,US,US/Eastern,KTZR,2016-03-10 11:50:00,59.0,,94.0,30.02,5.0,SW,6.9,,Light Rain,False,False,False,False,False,False,False,False,False,False,False,False,False,Day,Day,Day,Day
A-588,Source2,2,2016-03-10 13:25:31,2016-03-10 14:10:31,39.773762,-84.14045,,,0.0,Accident on Radio Rd at Wright Ave.,N Wright Ave,Dayton,Montgomery,OH,45403-1639,US,US/Eastern,KFFO,2016-03-10 13:32:00,60.8,,100.0,29.98,4.0,SW,11.5,,Light Rain,False,False,False,False,False,False,False,False,False,False,False,False,False,Day,Day,Day,Day
A-589,Source2,3,2016-03-10 14:44:12,2016-03-10 15:29:12,39.956909,-83.044914,,,0.01,Accident on I-70 at Exit 97 US-40 Broad St.,I-70 E,Columbus,Franklin,OH,43223,US,US/Eastern,KTZR,2016-03-10 14:50:00,60.8,,94.0,29.99,2.0,SW,9.2,,Rain,False,False,False,False,False,False,False,False,False,False,False,False,False,Day,Day,Day,Day
A-590,Source2,3,2016-03-10 15:02:15,2016-03-10 16:02:15,39.788414,-84.183693,,,0.01,Accident on I-75 Northbound at Exit 56 Stanley Ave.,Stanley Ave,Dayton,Montgomery,OH,45404,US,US/Eastern,KFFO,2016-03-10 14:58:00,60.8,,100.0,29.99,2.5,SW,6.9,0.05,Light Rain,False,False,False,False,False,False,False,False,False,False,False,False,False,Day,Day,Day,Day
A-591,Source2,2,2016-03-10 15:29:46,2016-03-10 15:59:46,38.843636,-82.216187,,,0.0,Accident on Hazel St at Circle Dr.,Circle Dr,Gallipolis,Gallia,OH,45631-8657,US,US/Eastern,K3I2,2016-03-10 15:30:00,66.0,66.0,70.0,29.17,10.0,W,5.0,0.0,Light Rain,False,False,False,False,False,False,False,False,False,False,False,False,False,Day,Day,Day,Day
A-592,Source2,2,2016-03-10 16:14:42,2016-03-10 16:59:42,39.741505,-84.16555,,,0.01,Accident on Wayne Ave at Anderson St.,Anderson St,Dayton,Montgomery,OH,45410-2101,US,US/Eastern,KFFO,2016-03-10 16:18:00,60.8,,100.0,29.96,2.0,WSW,5.8,,Light Rain,True,False,False,False,False,False,False,False,False,False,False,True,False,Day,Day,Day,Day
A-593,Source2,3,2016-03-10 15:57:41,2016-03-10 16:43:47,39.978668,-82.974152,,,0.01,Accident on I-670 Westbound at Exits 4C 5 5A 5B I-71 Innerbelt.,I-670 W,Columbus,Franklin,OH,43203,US,US/Eastern,KCMH,2016-03-10 15:51:00,60.1,,90.0,29.98,5.0,SW,12.7,0.08,Rain,False,False,False,False,False,False,False,False,False,False,False,False,False,Day,Day,Day,Day
A-594,Source2,3,2016-03-10 16:41:06,2016-03-10 17:26:06,39.59670300000001,-84.238388,,,0.01,Accident on I-75 Northbound at Exit 41 Austin Blvd.,I-75 S,Miamisburg,Montgomery,OH,45342,US,US/Eastern,KMGY,2016-03-10 16:35:00,60.1,,93.0,29.96,2.0,SSW,6.9,0.07,Light Rain,False,False,False,False,False,False,False,False,False,False,False,False,False,Day,Day,Day,Day
A-595,Source2,2,2016-03-10 18:08:00,2016-03-10 23:59:00,39.919376,-82.936417,,,0.01,Left lane blocked due to accident on OH-104 Frank Refugee Expy Eastbound at Alum Creek Dr.,Frank Refugee Expy,Columbus,Franklin,OH,43207,US,US/Eastern,KLCK,2016-03-10 18:15:00,58.5,,99.0,29.98,5.0,SW,5.8,,Light Rain,False,False,False,False,False,False,False,False,False,False,False,False,False,Day,Day,Day,Day
A-596,Source2,3,2016-03-10 18:34:00,2016-03-10 23:00:00,39.788647,-84.18390699999998,,,0.01,Right lane blocked due to accident on I-75 Southbound at Exit 56 Stanley Ave.,I-75 S,Dayton,Montgomery,OH,45404,US,US/Eastern,KFFO,2016-03-10 18:58:00,57.6,,100.0,30.02,2.5,North,11.5,0.11,Rain,False,False,False,False,False,False,False,False,False,False,False,False,False,Day,Day,Day,Day
A-597,Source2,2,2016-03-10 19:17:46,2016-03-10 19:47:46,39.858292,-83.003548,,,0.01,Accident on US-23 High St Northbound at US-23 High St.,S High St,Lockbourne,Franklin,OH,43137-9212,US,US/Eastern,KLCK,2016-03-10 19:15:00,58.6,,98.0,30.0,5.0,West,9.2,,Rain,False,False,False,False,False,False,False,False,False,False,False,False,False,Night,Night,Day,Day
A-598,Source2,2,2016-03-10 20:21:40,2016-03-10 20:51:40,39.832066,-83.000374,,,0.01,Delays due to accident and traffic signal failure on US-23 High St both ways at OH-665 Jackson St.,S High St,Lockbourne,Franklin,OH,43137,US,US/Eastern,KLCK,2016-03-10 20:15:00,56.5,,95.0,30.03,10.0,North,9.2,,Rain,False,False,False,False,False,False,False,False,False,False,False,True,False,Night,Night,Night,Night
A-599,Source2,2,2016-03-11 05:06:12,2016-03-11 05:36:12,39.965687,-83.009842,,,0.01,Accident on US-33 Long St at Neil Ave. Expect delays.,Neil Ave,Columbus,Franklin,OH,43215-2362,US,US/Eastern,KCMH,2016-03-11 04:51:00,46.9,,80.0,30.19,8.0,NNE,10.4,,Overcast,False,False,True,False,False,False,False,False,False,False,False,True,False,Night,Night,Night,Night
A-600,Source2,3,2016-03-11 07:22:54,2016-03-11 07:52:54,39.974941,-83.10006,,,0.01,Left hand shoulder blocked due to accident on I-70 Eastbound at Exit 94 Wilson Rd.,N Wilson Rd,Columbus,Franklin,OH,43204,US,US/Eastern,KTZR,2016-03-11 07:15:00,44.6,40.7,93.0,30.28,10.0,NNE,6.9,,Mostly Cloudy,False,False,False,False,True,False,False,False,False,False,False,False,False,Day,Day,Day,Day
A-601,Source2,2,2016-03-11 07:28:06,2016-03-11 07:58:06,41.403664,-82.13942,,,0.01,Accident on OH-2 Eastbound at I-90. Expect delays.,OH-2 W,Elyria,Lorain,OH,44035,US,US/Eastern,KLPR,2016-03-11 07:33:00,37.0,30.4,89.0,30.33,10.0,NE,9.2,,Overcast,False,False,False,False,False,False,False,False,False,False,False,False,False,Day,Day,Day,Day
A-602,Source2,3,2016-03-11 07:28:40,2016-03-11 07:58:40,41.323063,-82.616463,,,0.01,Accident on I-80 Eastbound near Exit 118 US-250 US Highway 250. Expect delays.,US Highway 250 N,Milan,Erie,OH,44846,US,US/Eastern,KPCW,,,,,,,,,,,False,False,False,False,False,False,False,False,False,False,False,False,False,Day,Day,Day,Day
A-603,Source2,2,2016-03-11 07:46:20,2016-03-11 08:16:20,41.420448,-81.828468,,,0.01,Accident on Berea Fwy Northbound at Exits 238 239 I-480. Expect delays.,Outerbelt South Fwy W,Cleveland,Cuyahoga,OH,44135,US,US/Eastern,KCLE,2016-03-11 07:51:00,37.0,28.9,89.0,30.37,10.0,North,12.7,,Overcast,False,False,False,False,False,False,False,False,False,False,False,False,False,Day,Day,Day,Day
A-604,Source2,2,2016-03-11 08:06:35,2016-03-11 08:36:35,39.816311,-84.130341,,,0.01,Accident on OH-201 Brandt Pike at Harshman Rd / Needmore Rd.,Brandt Pike,Dayton,Montgomery,OH,45424,US,US/Eastern,KFFO,2016-03-11 07:58:00,45.5,40.3,98.0,30.33,10.0,NE,10.4,,Overcast,False,False,False,False,False,False,False,False,False,False,False,True,False,Day,Day,Day,Day
A-605,Source2,2,2016-03-11 08:38:31,2016-03-11 09:08:31,39.798302,-84.235229,,,0.01,Accident on Siebenthaler Ave at Philadelphia Dr. Expect delays.,W Siebenthaler Ave,Dayton,Montgomery,OH,45405,US,US/Eastern,KDAY,2016-03-11 08:56:00,45.0,38.9,90.0,30.33,7.0,NNE,12.7,,Overcast,False,False,False,False,False,False,False,False,False,False,False,True,False,Day,Day,Day,Day
A-606,Source2,2,2016-03-11 08:36:58,2016-03-11 09:06:58,39.767513,-84.194016,,,0.01,Accident on OH-48 Main St at McPherson St / White Allen Ave. Expect delays.,White Allen Ave,Dayton,Montgomery,OH,45405-4929,US,US/Eastern,KDAY,2016-03-11 08:56:00,45.0,38.9,90.0,30.33,7.0,NNE,12.7,,Overcast,False,False,False,False,False,False,False,False,False,False,False,True,False,Day,Day,Day,Day
A-607,Source2,2,2016-03-11 09:01:09,2016-03-11 09:31:09,39.671932,-84.210815,,,0.01,Accident on Alex Bell Rd at Portsmouth Way.,Portsmouth Way,Dayton,Montgomery,OH,45459-7909,US,US/Eastern,KMGY,2016-03-11 08:53:00,46.9,,80.0,30.31,8.0,NE,12.7,,Overcast,False,False,False,False,False,False,False,False,False,False,False,False,False,Day,Day,Day,Day
A-608,Source2,2,2016-03-11 09:20:22,2016-03-11 09:50:22,39.781044,-84.242554,,,0.0,Accident on Otterbein Ave at Kipling Dr.,Kipling Dr,Dayton,Montgomery,OH,45406-3915,US,US/Eastern,KDAY,2016-03-11 08:56:00,45.0,38.9,90.0,30.33,7.0,NNE,12.7,,Overcast,False,False,False,False,False,False,False,False,False,False,False,False,False,Day,Day,Day,Day
A-609,Source2,2,2016-03-11 09:12:17,2016-03-11 09:42:17,39.774738,-84.174683,,,0.01,Accident on OH-202 Troy St at Chapel St.,Chapel St,Dayton,Montgomery,OH,45404-1809,US,US/Eastern,KFFO,2016-03-11 08:58:00,45.9,40.8,95.0,30.34,10.0,NNE,10.4,,Overcast,False,False,False,False,False,False,False,False,False,False,False,False,False,Day,Day,Day,Day
A-610,Source2,2,2016-03-11 09:42:23,2016-03-11 10:12:23,39.767204,-84.162796,,,0.0,Accident on Burlington Ave at 1st St.,E 1st St,Dayton,Montgomery,OH,45403-1154,US,US/Eastern,KFFO,2016-03-11 09:28:00,46.4,40.7,87.0,30.32,10.0,NE,12.7,,Overcast,False,False,False,False,False,False,False,False,False,False,False,False,False,Day,Day,Day,Day
A-611,Source2,2,2016-03-11 09:37:00,2016-03-11 11:37:00,39.95166,-83.017601,,,0.01,Entry ramp closed due to accident on OH-315 Innerbelt Southbound at I-70.,South Fwy S,Columbus,Franklin,OH,43215,US,US/Eastern,KCMH,2016-03-11 09:51:00,45.0,40.1,80.0,30.33,10.0,NE,9.2,,Overcast,False,False,False,False,False,False,False,False,False,False,False,False,False,Day,Day,Day,Day
A-612,Source2,3,2016-03-11 09:37:00,2016-03-11 11:37:00,39.950317,-83.01724200000002,,,0.01,Entry ramp closed due to accident on I-71 Northbound at Exit 106B I-70.,I-70 E,Columbus,Franklin,OH,43223,US,US/Eastern,KTZR,2016-03-11 09:50:00,46.4,40.7,87.0,30.33,10.0,NNE,12.7,,Overcast,False,False,False,False,False,False,False,False,False,False,False,False,False,Day,Day,Day,Day
A-613,Source2,2,2016-03-11 09:50:13,2016-03-11 10:20:13,39.732437,-84.20874,,,0.01,Accident on Edwin C Moses Blvd at River Rd.,E River Rd,Moraine,Montgomery,OH,45439-1765,US,US/Eastern,KMGY,2016-03-11 09:53:00,46.0,40.6,83.0,30.32,8.0,ENE,11.5,,Overcast,False,False,False,False,False,False,False,False,False,False,False,False,False,Day,Day,Day,Day
A-614,Source2,2,2016-03-11 10:05:05,2016-03-11 10:35:05,39.253136,-84.135544,,,0.01,Accident on OH-132 State Route 132 at Shiloh Rd. Expect delays.,State Route 132,Goshen,Clermont,OH,45122-9714,US,US/Eastern,KI69,2016-03-11 10:13:00,49.6,,82.0,30.31,10.0,NE,8.1,,Overcast,False,False,False,False,False,False,False,False,False,False,False,False,False,Day,Day,Day,Day
A-615,Source2,2,2016-03-11 10:06:28,2016-03-11 10:36:28,39.790283,-84.190063,,,0.01,Accident on Keowee St at Dixie Dr / Embury Park Rd. Expect delays.,N Dixie Dr,Dayton,Montgomery,OH,45414-5602,US,US/Eastern,KDAY,2016-03-11 09:56:00,46.0,41.0,86.0,30.34,9.0,NE,10.4,,Overcast,False,False,True,False,False,False,False,False,False,False,False,False,False,Day,Day,Day,Day
A-616,Source2,2,2016-03-11 10:39:00,2016-03-11 15:00:00,39.946922,-83.031151,,,0.0,Entry ramp closed due to accident on Princeton Ave in Franklinton.,S Princeton Ave,Columbus,Franklin,OH,43223-2241,US,US/Eastern,KTZR,2016-03-11 10:50:00,48.2,,76.0,30.33,10.0,ENE,5.8,,Mostly Cloudy,False,False,False,False,False,False,False,False,False,False,False,True,False,Day,Day,Day,Day
A-617,Source2,2,2016-03-11 10:51:00,2016-03-11 15:00:00,39.956467,-83.045815,,,0.01,Entry ramp closed due to accident on US-40 Broad St at I-70.,W Broad St,Columbus,Franklin,OH,43223-1206,US,US/Eastern,KTZR,2016-03-11 10:50:00,48.2,,76.0,30.33,10.0,ENE,5.8,,Mostly Cloudy,False,False,False,False,False,False,False,False,False,False,False,False,False,Day,Day,Day,Day
A-618,Source2,2,2016-03-11 11:36:04,2016-03-11 12:06:04,39.641197,-84.157799,,,0.01,Accident on OH-725 Far Hills Ave at Elmwood Dr.,W Elmwood Dr,Dayton,Montgomery,OH,45459,US,US/Eastern,KMGY,2016-03-11 11:53:00,48.9,,74.0,30.33,10.0,NE,10.4,,Mostly Cloudy,False,False,False,False,False,False,False,False,False,False,False,False,False,Day,Day,Day,Day
A-619,Source2,2,2016-03-11 12:18:00,2016-03-11 13:33:00,41.425308,-81.897865,,,0.01,Accident on OH-252 Lorain Rd near Westview Dr.,Lorain Rd,North Olmsted,Cuyahoga,OH,44070-2051,US,US/Eastern,KCLE,2016-03-11 11:51:00,37.0,31.0,89.0,30.43,10.0,North,8.1,,Overcast,False,False,False,False,False,False,False,False,False,False,False,False,False,Day,Day,Day,Day
A-620,Source2,4,2016-03-11 13:18:48,2016-03-11 13:48:48,39.917412,-83.014236,,,0.01,Entry ramp closed due to accident on OH-104 Frank Rd Northbound at I-71.,Frank Rd,Columbus,Franklin,OH,43223,US,US/Eastern,KTZR,2016-03-11 12:50:00,51.8,,67.0,30.34,10.0,ENE,5.8,,Clear,False,False,False,False,False,False,False,False,False,False,False,False,False,Day,Day,Day,Day
A-621,Source2,3,2016-03-11 14:38:00,2016-03-11 22:22:00,39.981674,-82.984566,,,0.01,Delays and left lane closed due to accident on I-71 Innerbelt Southbound at Exit 108B I-670.,North Fwy S,Columbus,Franklin,OH,43201,US,US/Eastern,KCMH,2016-03-11 14:51:00,55.0,,51.0,30.32,10.0,Calm,,,Overcast,False,False,False,False,False,False,False,False,False,False,False,False,False,Day,Day,Day,Day
A-622,Source2,2,2016-03-11 15:30:55,2016-03-11 16:00:55,39.994205,-83.024689,,,0.01,Accident on OH-315 Olentangy Fwy Southbound at Cannon Dr.,Olentangy Fwy N,Columbus,Franklin,OH,43212,US,US/Eastern,KOSU,2016-03-11 15:53:00,55.9,,55.0,30.31,10.0,ENE,5.8,,Clear,False,False,False,False,False,False,False,False,False,False,False,False,False,Day,Day,Day,Day
A-623,Source2,3,2016-03-11 17:02:09,2016-03-11 17:47:09,40.004406,-82.918137,,,0.01,Accident on I-670 Northeast Fwy Eastbound at Exit 9 International Gtwy. Approach with care.,Northeast Fwy N,Columbus,Franklin,OH,43219,US,US/Eastern,KCMH,2016-03-11 16:51:00,57.0,,51.0,30.31,10.0,ENE,6.9,,Mostly Cloudy,False,False,False,False,False,False,False,False,False,False,False,False,False,Day,Day,Day,Day
A-624,Source2,3,2016-03-11 17:10:00,2016-03-11 22:22:00,40.084126,-83.137772,,,0.01,Right lane blocked due to accident on I-270 Outerbelt Northbound at I-270 Outerbelt. Approach with care.,Outerbelt N,Dublin,Franklin,OH,43017,US,US/Eastern,KOSU,2016-03-11 16:53:00,57.0,,51.0,30.32,10.0,East,8.1,,Clear,False,False,False,False,False,False,False,False,False,False,False,False,False,Day,Day,Day,Day
A-625,Source2,2,2016-03-11 17:15:55,2016-03-11 17:45:55,39.959778,-82.997467,,,0.01,Accident on US-33 3rd St at Chapel St.,E Chapel St,Columbus,Franklin,OH,43215,US,US/Eastern,KCMH,2016-03-11 16:51:00,57.0,,51.0,30.31,10.0,ENE,6.9,,Mostly Cloudy,False,False,False,False,False,False,False,False,False,False,False,False,False,Day,Day,Day,Day
A-626,Source2,3,2016-03-11 17:07:00,2016-03-11 22:22:00,40.008327,-82.986023,,,0.01,Right lane blocked due to accident on I-71 Southbound at Exit 112 Hudson St.,North Fwy S,Columbus,Franklin,OH,43211,US,US/Eastern,KCMH,2016-03-11 16:51:00,57.0,,51.0,30.31,10.0,ENE,6.9,,Mostly Cloudy,False,False,False,False,False,False,False,False,False,False,False,False,False,Day,Day,Day,Day
A-627,Source3,3,2016-03-11 17:35:00,2016-03-11 23:11:00,39.977394,-83.150467,,,0.01,Right lane blocked due to accident on I-70 Westbound at Exits 91 91A 91B Hilliard Rome Rd.,Hilliard Rome Rd,Columbus,Franklin,OH,43228,US,US/Eastern,KTZR,2016-03-11 17:50:00,55.4,,54.0,30.31,10.0,East,4.6,,Clear,False,False,False,False,False,False,False,False,False,False,False,False,False,Day,Day,Day,Day
A-628,Source3,3,2016-03-11 18:34:00,2016-03-11 22:22:00,40.025917,-82.994576,,,0.01,L lane blocked due to accident on I-71 Southbound at Exit 113 Silver Dr.,North Fwy S,Columbus,Franklin,OH,43224,US,US/Eastern,KCMH,2016-03-11 18:51:00,51.1,,61.0,30.32,10.0,NE,3.5,,Mostly Cloudy,False,False,False,False,False,False,False,False,False,False,False,False,False,Night,Day,Day,Day
A-629,Source2,3,2016-03-12 07:03:00,2016-03-12 10:00:00,41.40752,-81.64746099999998,,,0.01,Left lane closed due to accident on I-480 Westbound at Exit 20A-B I-77.,Outerbelt South Fwy W,Independence,Cuyahoga,OH,44131,US,US/Eastern,KBKL,2016-03-12 06:53:00,35.1,,89.0,30.25,7.0,Calm,,,Clear,False,False,False,False,False,False,False,False,False,False,False,False,False,Day,Day,Day,Day
A-630,Source2,3,2016-03-12 10:48:00,2016-03-12 14:00:00,41.060379,-81.554153,,,0.01,Right lane closed due to accident on I-77 I-76 before Exit 21A East Ave.,I-77 N,Akron,Summit,OH,44307,US,US/Eastern,KAKR,2016-03-12 10:54:00,57.0,,51.0,30.2,10.0,North,3.5,,Clear,False,False,False,False,False,False,False,False,False,False,False,False,False,Day,Day,Day,Day
A-631,Source2,3,2016-03-12 11:55:00,2016-03-12 23:59:00,40.10564,-82.949692,,,0.01,Lane blocked on exit ramp due to accident on I-270 Outerbelt Westbound at Exit 27 Cleveland Ave.,Outerbelt W,Columbus,Franklin,OH,43229,US,US/Eastern,KOSU,2016-03-12 11:53:00,59.0,,55.0,30.17,10.0,Variable,3.5,,Clear,False,False,False,False,False,False,False,False,False,False,False,False,False,Day,Day,Day,Day
A-632,Source2,2,2016-03-14 04:23:17,2016-03-14 04:53:17,39.732307,-84.240646,,,0.01,Accident on Nicholas Rd at Louella Ave.,Louella Ave,Dayton,Montgomery,OH,45417,US,US/Eastern,KDAY,2016-03-14 04:24:00,57.0,,100.0,29.74,6.0,SSW,9.2,,Mostly Cloudy,False,False,False,False,False,False,False,False,False,False,False,False,False,Night,Night,Night,Night
A-633,Source2,2,2016-03-14 06:10:12,2016-03-14 06:40:12,38.892097,-84.208702,,,0.0,Accident on OH-232 State Route 232 at OH-756 State Route 756. Expect delays.,State Route 232,Moscow,Clermont,OH,45153-9709,US,US/Eastern,KI69,2016-03-14 06:13:00,56.7,,100.0,29.75,10.0,South,3.5,,Mostly Cloudy,False,False,False,False,False,False,False,False,False,False,False,False,False,Night,Night,Night,Night
A-634,Source2,2,2016-03-14 07:03:27,2016-03-14 07:33:27,39.536186,-84.235069,,,0.01,Accident on OH-741 State Route 741 near School Driveway. Expect delays.,School Driveway,Springboro,Warren,OH,45066,US,US/Eastern,KMGY,2016-03-14 07:05:00,55.9,,97.0,29.74,2.5,South,10.4,,Overcast,False,False,True,False,False,False,False,False,False,False,False,True,False,Night,Night,Day,Day
A-635,Source2,2,2016-03-14 07:27:29,2016-03-14 07:57:29,39.805882,-84.21578199999998,,,0.0,Accident on Nottingham Rd at Daleview Ave.,E Nottingham Rd,Dayton,Montgomery,OH,45405-1642,US,US/Eastern,KDAY,2016-03-14 07:19:00,57.0,,100.0,29.74,5.0,South,8.1,,Overcast,False,False,False,False,False,False,False,False,False,False,False,False,False,Night,Day,Day,Day
A-636,Source2,2,2016-03-14 07:31:17,2016-03-14 08:01:17,39.944817,-82.877861,,,0.01,Accident on Livingston Ave at OH-317 Hamilton Rd. Expect delays.,S Hamilton Rd,Columbus,Franklin,OH,43227-2428,US,US/Eastern,KCMH,2016-03-14 07:28:00,57.2,,94.0,29.75,9.0,South,5.8,,Overcast,False,False,False,False,False,False,False,False,False,False,False,True,False,Night,Day,Day,Day
A-637,Source2,2,2016-03-14 07:45:42,2016-03-14 08:15:42,39.370232,-84.249039,,,0.0,Accident on Mason Morrow Millgrove Rd near Columbia Rd.,Columbia Rd,Mason,Warren,OH,45040-9634,US,US/Eastern,KHAO,2016-03-14 07:53:00,51.1,,100.0,29.75,0.2,Calm,,,Fog,False,False,False,False,False,False,False,False,False,True,False,False,False,Night,Day,Day,Day
A-638,Source2,2,2016-03-14 07:56:41,2016-03-14 08:26:41,39.734035,-84.14502,,,0.0,Accident on Watervliet Ave at Westfield Ave / Rosemont Blvd.,Watervliet Ave,Dayton,Montgomery,OH,45420-2543,US,US/Eastern,KFFO,2016-03-14 07:58:00,57.4,,100.0,29.75,6.0,South,5.8,,Overcast,False,False,False,False,False,False,False,False,False,False,False,False,False,Day,Day,Day,Day
A-639,Source2,2,2016-03-14 07:58:00,2016-03-14 08:28:00,39.808914,-83.97833299999998,,,0.01,Accident on OH-235 State Route 235 at Herr Rd.,State Route 235,Fairborn,Greene,OH,45324-9730,US,US/Eastern,KFFO,2016-03-14 07:58:00,57.4,,100.0,29.75,6.0,South,5.8,,Overcast,False,False,False,False,False,False,False,False,False,False,False,False,False,Day,Day,Day,Day
A-640,Source2,2,2016-03-14 08:03:00,2016-03-14 08:33:00,39.735283,-84.161659,,,0.01,Accident on Wilmington Ave at Firwood Dr.,Firwood Dr,Dayton,Montgomery,OH,45419,US,US/Eastern,KMGY,2016-03-14 08:07:00,55.9,,97.0,29.75,3.0,South,6.9,,Overcast,False,False,False,False,False,False,False,False,False,False,False,False,False,Day,Day,Day,Day
A-641,Source2,2,2016-03-14 08:06:40,2016-03-14 08:36:40,39.820873,-84.237328,,,0.01,Accident on OH-48 Main St at Cedarlawn Dr.,Cedarlawn Dr,Dayton,Montgomery,OH,45415-2902,US,US/Eastern,KDAY,2016-03-14 08:08:00,55.9,,100.0,29.76,0.5,SSW,10.4,,Overcast,False,False,True,False,False,False,False,False,False,False,False,False,False,Day,Day,Day,Day
A-642,Source2,2,2016-03-14 08:07:27,2016-03-14 08:37:27,40.105621,-83.091125,,,0.01,Accident on Snouffer Rd at Sawmill Rd. Expect delays.,Snouffer Rd,Dublin,Franklin,OH,43017,US,US/Eastern,KOSU,2016-03-14 07:53:00,57.0,,96.0,29.76,5.0,SSW,8.1,,Overcast,False,False,False,False,False,False,False,False,False,True,False,False,False,Day,Day,Day,Day
A-643,Source2,2,2016-03-14 08:35:36,2016-03-14 09:05:36,39.050854,-84.07486,,,0.01,Accident on Old State Route 32 near Lori Lynn Dr. Expect delays.,Old State Route 32,Batavia,Clermont,OH,45103,US,US/Eastern,KI69,2016-03-14 08:33:00,57.4,,100.0,29.76,10.0,SSE,3.5,,Overcast,False,False,False,False,False,False,False,False,False,False,False,False,False,Day,Day,Day,Day
A-644,Source2,2,2016-03-14 09:01:50,2016-03-14 09:31:50,39.751579,-84.239983,,,0.01,Accident on 3rd St at Abbey Ave.,Abbey Ave,Dayton,Montgomery,OH,45417,US,US/Eastern,KDAY,2016-03-14 08:56:00,57.0,,100.0,29.75,0.5,SSW,9.2,,Overcast,False,False,False,False,False,False,False,False,False,False,False,True,False,Day,Day,Day,Day
A-645,Source2,3,2016-03-14 09:03:48,2016-03-14 09:33:48,41.404495,-82.116928,,,0.01,Accident on I-90 Westbound at Exits 145A 145B OH-57 Lorain Blvd. Expect delays.,Lorain Blvd,Elyria,Lorain,OH,44035,US,US/Eastern,KLPR,2016-03-14 08:53:00,57.9,,90.0,29.73,6.0,South,11.5,,Mostly Cloudy,False,False,False,False,False,False,False,False,False,False,False,False,False,Day,Day,Day,Day
A-646,Source2,2,2016-03-14 09:14:25,2016-03-14 09:44:25,39.625694,-84.200005,,,0.01,Accident on Yankee St at Lyons Rd.,Lyons Rd,Dayton,Montgomery,OH,45458-1881,US,US/Eastern,KMGY,2016-03-14 09:24:00,57.9,,93.0,29.74,6.0,South,4.6,,Scattered Clouds,False,False,False,False,False,False,False,False,False,False,False,True,False,Day,Day,Day,Day
A-647,Source2,2,2016-03-14 09:22:34,2016-03-14 09:52:34,41.383537,-83.641235,,,0.0,Accident on Frazee Ave at College Dr.,Frazee Ave,Bowling Green,Wood,OH,43402,US,US/Eastern,KTDZ,2016-03-14 08:53:00,57.0,,89.0,29.72,4.0,SSW,9.2,,Overcast,False,False,True,False,False,False,False,False,False,True,False,False,False,Day,Day,Day,Day
A-648,Source2,2,2016-03-14 09:34:02,2016-03-14 10:04:02,39.76926,-84.236465,,,0.01,Accident on Bridge St at Oxford Ave.,Oxford Ave,Dayton,Montgomery,OH,45406-4337,US,US/Eastern,KDAY,2016-03-14 09:35:00,57.0,,100.0,29.75,2.0,South,9.2,,Overcast,False,False,False,False,False,False,False,False,False,False,False,False,False,Day,Day,Day,Day
A-649,Source2,2,2016-03-14 09:34:35,2016-03-14 10:04:35,39.592564,-84.155518,,,0.0,Accident on Atchison Rd at Mallet Dr.,Mallet Dr,Dayton,Montgomery,OH,45458-9341,US,US/Eastern,KMGY,2016-03-14 09:24:00,57.9,,93.0,29.74,6.0,South,4.6,,Scattered Clouds,False,False,False,False,False,False,False,False,False,False,False,False,False,Day,Day,Day,Day
A-650,Source2,2,2016-03-14 11:15:46,2016-03-14 11:45:46,39.788414,-84.183693,,,0.01,Accident on Stanley Ave at I-75.,Stanley Ave,Dayton,Montgomery,OH,45404,US,US/Eastern,KFFO,2016-03-14 10:58:00,60.8,,100.0,29.73,10.0,East,1.2,,Mostly Cloudy,False,False,False,False,False,False,False,False,False,False,False,False,False,Day,Day,Day,Day
A-651,Source2,2,2016-03-14 13:12:57,2016-03-14 13:42:57,39.800083,-84.21869699999998,,,0.01,Accident on OH-48 Main St at Northwood Ave.,N Main St,Dayton,Montgomery,OH,45405-2406,US,US/Eastern,KDAY,2016-03-14 13:12:00,62.1,,86.0,29.7,2.0,SSE,6.9,0.02,Rain,False,False,False,False,False,False,False,False,False,False,False,False,False,Day,Day,Day,Day
A-652,Source2,3,2016-03-14 13:33:38,2016-03-14 14:18:38,39.733723,-84.204971,,,0.01,Accident on I-75 Southbound at Exit 51 Edwin C Moses Blvd.,I-75 N,Dayton,Montgomery,OH,45417,US,US/Eastern,KDAY,2016-03-14 13:33:00,61.0,,93.0,29.69,4.0,East,6.9,0.09,Rain,False,False,False,False,False,False,False,False,False,False,False,False,False,Day,Day,Day,Day
A-653,Source2,2,2016-03-14 15:02:26,2016-03-14 15:47:26,39.738392,-84.140419,,,0.01,Accident on Smithville Rd at Wayne Ave.,Wayne Ave,Dayton,Montgomery,OH,45420,US,US/Eastern,KFFO,2016-03-14 14:58:00,65.8,,84.0,29.63,10.0,SSW,13.8,0.0,Mostly Cloudy,False,False,True,False,False,False,False,False,False,False,False,True,False,Day,Day,Day,Day
A-654,Source2,3,2016-03-14 17:19:43,2016-03-14 18:04:43,39.645313,-84.232414,,,0.01,Accident on I-75 Northbound at Exit 44 OH-725 Miamisburg Centerville Rd. Approach with care.,I-75 N,Dayton,Montgomery,OH,45449,US,US/Eastern,KMGY,2016-03-14 16:53:00,66.9,,57.0,29.61,10.0,WSW,11.5,,Mostly Cloudy,False,False,False,False,False,False,False,False,False,False,False,False,False,Day,Day,Day,Day
A-655,Source2,3,2016-03-14 17:28:00,2016-03-14 23:31:00,39.651726,-84.233627,,,0.01,Left lane blocked due to accident on I-75 Northbound at Exit 44 OH-725 Miamisburg Centerville Rd.,I-75 N,Dayton,Montgomery,OH,45449,US,US/Eastern,KMGY,2016-03-14 17:53:00,66.0,,63.0,29.62,10.0,West,8.1,,Scattered Clouds,False,False,False,False,False,False,False,False,False,False,False,False,False,Day,Day,Day,Day
A-656,Source2,3,2016-03-15 06:01:06,2016-03-15 06:31:06,39.945255,-82.600075,,,0.01,Accident on I-70 Westbound at Exit 122 OH-158 Outville Rd. Expect delays.,I-70 W,Millersport,Licking,OH,43046,US,US/Eastern,KVTA,2016-03-15 05:54:00,55.9,,84.0,29.77,9.0,West,11.5,,Overcast,False,False,False,False,False,False,False,False,False,False,False,False,False,Night,Night,Night,Night
A-657,Source2,2,2016-03-15 06:58:33,2016-03-15 07:28:33,39.783661,-84.166382,,,0.0,Accident on Farr Dr at Stanley Ave.,Stanley Ave,Dayton,Montgomery,OH,45404-2731,US,US/Eastern,KFFO,2016-03-15 06:58:00,54.3,,100.0,29.82,5.0,NW,2.3,0.0,Overcast,False,False,True,False,False,False,False,False,False,False,False,True,False,Night,Night,Day,Day
A-658,Source2,2,2016-03-15 07:22:02,2016-03-15 07:52:02,40.082298,-82.896858,,,0.01,Accident on OH-161 New Albany Expy Westbound at Sunbury Rd.,Executive Pkwy,Westerville,Franklin,OH,43081-3850,US,US/Eastern,KCMH,2016-03-15 07:00:00,53.6,,82.0,29.8,6.0,WNW,8.1,,Haze,False,False,False,False,False,False,False,False,False,False,False,False,False,Night,Day,Day,Day
A-659,Source2,2,2016-03-15 07:47:00,2016-03-15 08:17:00,39.75125900000001,-84.167778,,,0.0,Accident on Steele Ave at Clover St.,Steele Ave,Dayton,Montgomery,OH,45410-1845,US,US/Eastern,KFFO,2016-03-15 07:48:00,53.6,,100.0,29.82,2.0,NNW,1.2,,Overcast,False,False,False,False,False,False,False,False,False,False,False,False,False,Day,Day,Day,Day
A-660,Source2,2,2016-03-15 07:56:30,2016-03-15 08:26:30,39.748081,-84.13945799999998,,,0.01,Accident on Linden Ave at Smithville Rd.,S Smithville Rd,Dayton,Montgomery,OH,45410,US,US/Eastern,KFFO,2016-03-15 07:58:00,54.3,,100.0,29.83,1.5,North,2.3,,Overcast,False,False,False,False,False,False,False,False,False,False,False,True,False,Day,Day,Day,Day
A-661,Source2,2,2016-03-15 08:06:07,2016-03-15 08:36:07,39.943745,-83.073151,,,0.01,Accident on Sullivant Ave at Hague Ave.,Sullivant Ave,Columbus,Franklin,OH,43204-2413,US,US/Eastern,KTZR,2016-03-15 07:47:00,53.6,,94.0,29.83,4.0,NW,5.8,,Overcast,False,False,False,False,False,False,False,False,True,False,False,True,False,Day,Day,Day,Day
A-662,Source2,3,2016-03-15 08:13:31,2016-03-15 08:43:31,41.407391,-81.64676700000003,,,0.01,Left hand shoulder blocked due to accident on I-480 Westbound at Exit 20A-B I-77.,Outerbelt South Fwy W,Independence,Cuyahoga,OH,44131,US,US/Eastern,KBKL,2016-03-15 07:53:00,43.0,37.7,97.0,29.81,0.8,WSW,9.2,0.01,Light Rain,False,False,False,False,False,False,False,False,False,False,False,False,False,Day,Day,Day,Day
A-663,Source2,2,2016-03-15 08:25:06,2016-03-15 08:55:06,39.802471,-84.235107,,,0.01,Accident on Philadelphia Dr at Garvin Rd.,Philadelphia Dr,Dayton,Montgomery,OH,45405-1924,US,US/Eastern,KDAY,2016-03-15 08:27:00,53.1,,100.0,29.84,2.0,NNW,3.5,,Overcast,False,False,False,False,False,False,False,False,False,False,False,False,False,Day,Day,Day,Day
A-664,Source2,2,2016-03-15 11:13:58,2016-03-15 11:43:58,39.787209,-84.205185,,,0.0,Accident on Fairview Ave at Riverside Dr.,E Fairview Ave,Dayton,Montgomery,OH,45405,US,US/Eastern,KDAY,2016-03-15 10:56:00,55.0,,93.0,29.86,4.0,ENE,3.5,,Overcast,False,False,False,False,False,False,False,False,False,False,False,False,False,Day,Day,Day,Day
A-665,Source2,2,2016-03-15 12:30:02,2016-03-15 13:15:02,39.731812,-84.15831,,,0.01,Accident on Wilmington Ave at Shadowlawn Ave.,Wilmington Ave,Dayton,Montgomery,OH,45420-1847,US,US/Eastern,KFFO,2016-03-15 12:28:00,60.8,,77.0,29.83,10.0,South,2.3,,Mostly Cloudy,False,False,False,False,False,False,False,False,False,False,False,False,False,Day,Day,Day,Day
A-666,Source2,3,2016-03-15 13:13:45,2016-03-15 14:13:45,39.733723,-84.204971,,,0.01,Accident on I-75 Northbound at Exit 51 Edwin C Moses Blvd.,I-75 N,Dayton,Montgomery,OH,45417,US,US/Eastern,KDAY,2016-03-15 13:22:00,62.1,,72.0,29.83,10.0,South,5.8,,Scattered Clouds,False,False,False,False,False,False,False,False,False,False,False,False,False,Day,Day,Day,Day
A-667,Source2,2,2016-03-15 14:22:22,2016-03-15 15:07:22,39.812775,-84.220001,,,0.01,Accident on Riverside Dr at Shoup Mill Rd.,Shoup Mill Rd,Dayton,Montgomery,OH,45405,US,US/Eastern,KDAY,2016-03-15 13:56:00,64.9,,68.0,29.81,10.0,ESE,5.8,,Partly Cloudy,False,False,False,False,False,False,False,False,False,False,False,True,False,Day,Day,Day,Day
A-668,Source2,2,2016-03-15 14:31:24,2016-03-15 15:01:24,39.794266,-84.215851,,,0.0,Accident on Maplelawn Dr at OH-48 Main St.,N Main St,Dayton,Montgomery,OH,45405-2703,US,US/Eastern,KDAY,2016-03-15 14:56:00,66.9,,59.0,29.78,10.0,SE,8.1,,Scattered Clouds,False,False,False,False,False,False,False,False,False,False,False,True,False,Day,Day,Day,Day
A-669,Source2,2,2016-03-15 14:57:15,2016-03-15 15:42:15,39.764576,-84.187706,,,0.01,Accident on Patterson Blvd at OH-4 Monument Ave.,E Monument Ave,Dayton,Montgomery,OH,45402,US,US/Eastern,KFFO,2016-03-15 14:58:00,67.8,,63.0,29.79,10.0,SE,3.5,,Clear,False,False,True,False,False,False,False,False,False,False,False,True,False,Day,Day,Day,Day
A-670,Source2,2,2016-03-15 16:04:30,2016-03-15 16:49:30,39.819523,-84.20468100000002,,,0.01,Accident on Needmore Rd at Northcutt Pl.,Needmore Rd,Dayton,Montgomery,OH,45414-3801,US,US/Eastern,KDAY,2016-03-15 15:56:00,68.0,,59.0,29.75,10.0,SE,8.1,,Partly Cloudy,False,False,False,False,False,False,False,False,False,False,False,False,False,Day,Day,Day,Day
A-671,Source2,3,2016-03-16 05:01:05,2016-03-16 05:31:05,39.788414,-84.183693,,,0.01,Accident on I-75 Northbound at Exit 56 Stanley Ave.,Stanley Ave,Dayton,Montgomery,OH,45404,US,US/Eastern,KFFO,2016-03-16 04:58:00,63.1,,71.0,29.53,5.0,SW,9.2,,Haze,False,False,False,False,False,False,False,False,False,False,False,False,False,Night,Night,Night,Night
A-672,Source2,2,2016-03-16 04:59:05,2016-03-16 05:29:05,39.980274,-82.83625,,,0.01,Accident on OH-16 Broad St at McNaughten Rd.,E Broad St,Columbus,Franklin,OH,43213-1572,US,US/Eastern,KCMH,2016-03-16 04:51:00,60.1,,62.0,29.55,10.0,SSE,5.8,,Overcast,False,False,False,False,False,False,False,False,False,False,False,True,False,Night,Night,Night,Night
A-673,Source2,3,2016-03-16 05:09:57,2016-03-16 05:39:57,39.773193,-84.187454,,,0.01,Accident on I-75 Northbound at Exits 54A 54B OH-4. Expect delays.,I-75 S,Dayton,Montgomery,OH,45404,US,US/Eastern,KFFO,2016-03-16 05:12:00,64.4,,68.0,29.55,7.0,WSW,15.0,,Mostly Cloudy,False,False,False,False,False,False,False,False,False,False,False,False,False,Night,Night,Night,Night
A-674,Source2,2,2016-03-16 06:29:00,2016-03-16 06:59:00,39.941711,-83.978874,,,0.0,Accident on County Hwy-314 New Carlisle Pike at Bischoff Rd.,New Carlisle Pike,New Carlisle,Clark,OH,45344-9778,US,US/Eastern,KFFO,2016-03-16 06:58:00,60.4,,68.0,29.62,7.0,WSW,13.8,,Scattered Clouds,False,False,False,False,False,False,False,False,False,False,False,False,False,Night,Night,Night,Day
A-675,Source2,2,2016-03-16 06:47:19,2016-03-16 07:17:19,39.737404,-84.185776,,,0.01,Accident on OH-48 Main St at Caldwell St / Media Center Way.,S Main St,Dayton,Montgomery,OH,45409-2547,US,US/Eastern,KFFO,2016-03-16 06:58:00,60.4,,68.0,29.62,7.0,WSW,13.8,,Scattered Clouds,False,False,True,False,False,False,False,False,False,False,False,False,False,Night,Night,Day,Day
A-676,Source2,2,2016-03-16 06:49:57,2016-03-16 07:19:57,40.082397,-82.906921,,,0.01,Accident on OH-161 New Albany Expy at I-270 Outerbelt. Expect delays.,New Albany Expy W,Westerville,Franklin,OH,43081,US,US/Eastern,KCMH,2016-03-16 06:51:00,64.0,,56.0,29.57,10.0,SSW,12.7,,Scattered Clouds,False,False,False,False,False,False,False,False,False,False,False,False,False,Night,Night,Day,Day
A-677,Source2,2,2016-03-16 07:08:25,2016-03-16 07:38:25,39.184589,-84.235176,,,0.01,Accident on Pleasant Hill Rd at Deblin Dr.,Deblin Dr,Milford,Clermont,OH,45150-2367,US,US/Eastern,KI69,2016-03-16 07:13:00,62.1,,60.0,29.67,10.0,WSW,13.8,,Scattered Clouds,False,False,True,False,False,False,False,False,False,True,False,False,False,Night,Night,Day,Day
A-678,Source2,2,2016-03-16 07:10:24,2016-03-16 07:40:24,39.923038,-82.784538,,,0.01,Accident on OH-256 Hill Rd Southbound at Turnberry Dr.,Hill Rd N,Pickerington,Fairfield,OH,43147-8891,US,US/Eastern,KLHQ,2016-03-16 06:53:00,64.0,,60.0,29.58,10.0,SSW,8.1,,Overcast,False,False,False,False,False,False,False,False,False,False,False,False,False,Night,Night,Day,Day
A-679,Source2,2,2016-03-16 07:23:13,2016-03-16 07:53:13,39.745384,-84.183006,,,0.01,Accident on Brown St at Wyoming St.,Brown St,Dayton,Montgomery,OH,45409-2940,US,US/Eastern,KFFO,2016-03-16 07:33:00,59.0,,67.0,29.64,7.0,WSW,19.6,,Overcast,False,False,False,False,False,False,False,False,False,False,False,True,False,Night,Day,Day,Day
A-680,Source2,2,2016-03-16 07:38:10,2016-03-16 08:08:10,39.870964,-82.855354,,,0.01,Accident on US-33 Westbound at Bixby Rd.,US-33 W,Groveport,Franklin,OH,43125,US,US/Eastern,KLCK,2016-03-16 07:35:00,61.2,,71.0,29.61,10.0,WSW,11.5,,Overcast,False,False,False,False,False,False,False,False,False,False,False,False,False,Night,Day,Day,Day
A-681,Source2,3,2016-03-16 07:38:20,2016-03-16 08:08:20,39.981812,-83.118767,,,0.01,Accident on I-270 Outerbelt Northbound at Exit 8 I-70. Expect delays.,Outerbelt N,Columbus,Franklin,OH,43204,US,US/Eastern,KTZR,2016-03-16 07:47:00,62.6,,72.0,29.63,10.0,West,9.2,,Overcast,False,False,False,False,False,False,False,False,False,False,False,False,False,Night,Day,Day,Day
A-682,Source2,3,2016-03-16 07:31:25,2016-03-16 08:01:25,39.997391,-83.118156,,,0.01,Accident on I-270 Outerbelt Northbound at I-270 Outerbelt. Expect delays.,Outerbelt N,Columbus,Franklin,OH,43228,US,US/Eastern,KTZR,2016-03-16 07:20:00,62.6,,72.0,29.61,10.0,WSW,11.5,,Overcast,False,False,False,False,True,False,False,False,False,False,False,False,False,Night,Day,Day,Day
A-683,Source2,3,2016-03-16 07:55:16,2016-03-16 08:25:16,39.632637,-84.20303299999998,,,0.01,Accident on I-675 Northbound at OH-725 Miamisburg Centerville Rd / Leona Ln. Expect delays.,Miamisburg Centerville Rd,Dayton,Montgomery,OH,45459,US,US/Eastern,KMGY,2016-03-16 07:53:00,59.0,,64.0,29.67,10.0,West,15.0,,Overcast,False,False,False,False,False,False,False,False,False,False,False,False,False,Day,Day,Day,Day
A-684,Source2,2,2016-03-16 08:54:38,2016-03-16 09:24:38,39.9767,-83.045517,,,0.01,Accident on Grandview Ave at Goodale Blvd.,Goodale Blvd,Columbus,Franklin,OH,43212-3450,US,US/Eastern,KOSU,2016-03-16 08:53:00,59.0,,64.0,29.67,10.0,West,17.3,,Overcast,False,False,False,False,False,False,False,False,False,False,False,False,False,Day,Day,Day,Day
A-685,Source2,2,2016-03-16 09:25:43,2016-03-16 09:55:43,39.72419,-84.152336,,,0.01,Accident on Wilmington Ave at Patterson Rd.,Wilmington Ave,Dayton,Montgomery,OH,45420,US,US/Eastern,KFFO,2016-03-16 08:58:00,56.5,,61.0,29.72,10.0,WSW,21.9,,Partly Cloudy,False,False,False,False,False,False,False,False,False,False,False,False,False,Day,Day,Day,Day
A-686,Source2,3,2016-03-16 09:36:49,2016-03-16 10:06:49,39.770382,-84.194901,,,0.01,Accident on I-75 Southbound at Exit 54B Grand Ave. Expect delays.,N Main St,Dayton,Montgomery,OH,45405,US,US/Eastern,KDAY,2016-03-16 09:56:00,55.0,,59.0,29.74,10.0,WSW,23.0,,Partly Cloudy,False,False,False,False,False,False,False,False,False,False,False,False,False,Day,Day,Day,Day
A-687,Source2,2,2016-03-16 10:41:00,2016-03-16 14:00:00,40.266563,-82.928535,,,0.01,Entry ramp closed due to accident on US-36 State Route 37 at I-71.,E State Route 37,Sunbury,Delaware,OH,43074,US,US/Eastern,KDLZ,2016-03-16 10:39:00,57.2,,51.0,29.73,10.0,WSW,23.0,,Scattered Clouds,False,False,False,False,False,False,False,False,False,False,False,True,False,Day,Day,Day,Day
A-688,Source2,3,2016-03-16 12:24:15,2016-03-16 13:09:15,41.42202800000001,-81.877464,,,0.01,Entry ramp closed due to incident on I-480 Eastbound at Exit 7 Clague Rd.,I-480 E,North Olmsted,Cuyahoga,OH,44070,US,US/Eastern,KCLE,2016-03-16 12:51:00,59.0,,46.0,29.69,10.0,WSW,31.1,,Scattered Clouds,False,False,False,False,False,False,False,False,False,False,False,False,False,Day,Day,Day,Day
A-689,Source2,2,2016-03-17 04:12:59,2016-03-17 04:42:59,39.820084,-84.16755699999999,,,0.01,Accident on Wagner Ford Rd at Needmore Rd / Wagoner Ford Rd.,Wagner Ford Rd,Dayton,Montgomery,OH,45414,US,US/Eastern,KDAY,2016-03-17 03:56:00,42.1,37.1,65.0,29.91,10.0,West,8.1,,Scattered Clouds,False,False,False,False,False,False,False,False,False,False,False,True,False,Night,Night,Night,Night
A-690,Source2,2,2016-03-17 06:55:29,2016-03-17 07:25:29,39.754055,-84.17588,,,0.01,Accident on US-35 at Keowee St / Wayne Ave.,US-35 E,Dayton,Montgomery,OH,45410,US,US/Eastern,KFFO,2016-03-17 06:58:00,37.8,32.5,81.0,29.91,10.0,SSW,6.9,,Clear,False,False,False,False,False,False,False,False,False,False,False,False,False,Night,Night,Day,Day
A-691,Source2,2,2016-03-17 07:12:30,2016-03-17 07:42:30,39.122822,-84.135796,,,0.01,Accident on US-50 Main St at OH-132 Broadway St / Broadway St. Expect delays.,E Main St,Owensville,Clermont,OH,45160,US,US/Eastern,KI69,2016-03-17 07:13:00,46.8,,57.0,29.93,10.0,SW,5.8,,Clear,False,False,True,False,False,False,False,False,False,False,False,True,False,Night,Night,Day,Day
A-692,Source2,2,2016-03-17 07:31:22,2016-03-17 08:01:22,39.803738,-84.22461700000002,,,0.0,Accident on Cromwell Pl at Bennington Dr.,Cromwell Pl,Dayton,Montgomery,OH,45405-1708,US,US/Eastern,KDAY,2016-03-17 07:56:00,42.1,36.6,65.0,29.91,10.0,SW,9.2,,Clear,False,False,False,False,False,False,False,False,False,False,False,False,False,Night,Day,Day,Day
A-693,Source2,2,2016-03-17 07:38:17,2016-03-17 08:08:17,39.596882,-84.117653,,,0.01,Accident on Nutt Rd Southbound at Clyo Rd.,Clyo Rd,Dayton,Montgomery,OH,45458-9122,US,US/Eastern,KMGY,2016-03-17 07:53:00,43.0,39.5,60.0,29.9,10.0,SSW,5.8,,Clear,False,False,False,False,False,False,False,False,False,False,False,False,False,Night,Day,Day,Day
A-694,Source2,2,2016-03-17 07:56:30,2016-03-17 08:26:30,39.615669,-84.135452,,,0.01,Accident on Clyo Rd at Washington Creek Ln.,Washington Creek Ln,Dayton,Montgomery,OH,45458-2806,US,US/Eastern,KMGY,2016-03-17 07:53:00,43.0,39.5,60.0,29.9,10.0,SSW,5.8,,Clear,False,False,False,False,False,False,False,False,False,False,False,False,False,Day,Day,Day,Day
A-695,Source2,2,2016-03-17 08:07:07,2016-03-17 08:37:07,39.973015,-83.014801,,,0.01,Accident on Neil Ave at Vine St.,I-670 W,Columbus,Franklin,OH,43215,US,US/Eastern,KCMH,2016-03-17 07:51:00,45.0,42.6,56.0,29.9,10.0,SW,4.6,,Scattered Clouds,False,False,False,False,False,False,False,False,False,False,False,False,False,Day,Day,Day,Day
A-696,Source2,2,2016-03-17 08:07:38,2016-03-17 08:37:38,39.949711,-82.970123,,,0.01,Accident on US-33 Livingston Ave at Champion Ave.,E Livingston Ave,Columbus,Franklin,OH,43205-2831,US,US/Eastern,KCMH,2016-03-17 07:51:00,45.0,42.6,56.0,29.9,10.0,SW,4.6,,Scattered Clouds,False,False,True,False,False,False,False,False,True,False,False,False,False,Day,Day,Day,Day
A-697,Source2,2,2016-03-17 08:28:13,2016-03-17 08:58:13,39.949711,-82.970123,,,0.01,Accident on US-33 Livingston Ave at Champion Ave.,E Livingston Ave,Columbus,Franklin,OH,43205-2831,US,US/Eastern,KCMH,2016-03-17 08:51:00,48.0,,52.0,29.91,10.0,SW,6.9,,Clear,False,False,True,False,False,False,False,False,True,False,False,False,False,Day,Day,Day,Day
A-698,Source2,3,2016-03-17 08:51:23,2016-03-17 09:51:23,39.733723,-84.204971,,,0.01,Accident on I-75 Northbound at Exit 51 Edwin C Moses Blvd.,I-75 N,Dayton,Montgomery,OH,45417,US,US/Eastern,KDAY,2016-03-17 08:56:00,46.9,,59.0,29.93,10.0,WSW,10.4,,Clear,False,False,False,False,False,False,False,False,False,False,False,False,False,Day,Day,Day,Day
A-699,Source2,2,2016-03-17 08:50:37,2016-03-17 09:50:37,39.74773,-84.172325,,,0.01,Accident on Wayne Ave at Wyoming St.,Wayne Ave,Dayton,Montgomery,OH,45410-1427,US,US/Eastern,KFFO,2016-03-17 08:58:00,45.5,41.3,71.0,29.94,10.0,SW,8.1,,Clear,False,False,False,False,False,False,False,False,False,False,False,True,False,Day,Day,Day,Day
A-700,Source2,2,2016-03-17 08:58:06,2016-03-17 09:58:06,39.740417,-84.186539,,,0.01,Accident on Stewart St at OH-48 Main St.,S Main St,Dayton,Montgomery,OH,45409,US,US/Eastern,KFFO,2016-03-17 08:58:00,45.5,41.3,71.0,29.94,10.0,SW,8.1,,Clear,False,False,True,False,False,False,False,False,False,False,False,True,False,Day,Day,Day,Day
A-701,Source2,2,2016-03-17 09:08:21,2016-03-17 09:38:21,39.625694,-84.200005,,,0.01,Accident on Lyons Rd at Yankee St.,Lyons Rd,Dayton,Montgomery,OH,45458-1881,US,US/Eastern,KMGY,2016-03-17 08:53:00,48.0,,52.0,29.92,10.0,SW,6.9,,Clear,False,False,False,False,False,False,False,False,False,False,False,True,False,Day,Day,Day,Day
A-702,Source2,2,2016-03-17 09:30:29,2016-03-17 10:00:29,39.785046,-84.236137,,,0.0,Accident on Victoria Ave at Colonial Village Ln.,Victoria Ave,Dayton,Montgomery,OH,45406-2741,US,US/Eastern,KDAY,2016-03-17 09:56:00,50.0,,50.0,29.94,10.0,West,18.4,,Partly Cloudy,False,False,False,False,False,False,False,False,False,False,False,False,False,Day,Day,Day,Day
A-703,Source2,2,2016-03-17 11:10:37,2016-03-17 11:40:37,39.749626,-84.178291,,,0.0,Accident on Perrine St near Johnson St.,Johnson St,Dayton,Montgomery,OH,45410-1345,US,US/Eastern,KFFO,2016-03-17 10:58:00,55.0,,40.0,29.94,10.0,WSW,13.8,,Clear,False,False,False,False,False,False,False,False,False,False,False,False,False,Day,Day,Day,Day
A-704,Source2,2,2016-03-17 11:10:37,2016-03-17 13:29:20,39.783344,-84.253738,,,0.0,Accident on Kings Hwy at Gettysburg Ave.,Kings Hwy,Dayton,Montgomery,OH,45406-3526,US,US/Eastern,KDAY,2016-03-17 10:56:00,54.0,,43.0,29.94,10.0,West,16.1,,Partly Cloudy,False,False,False,False,False,False,False,False,False,False,False,False,False,Day,Day,Day,Day
A-705,Source2,2,2016-03-17 11:10:37,2016-03-17 13:29:20,39.820084,-84.16755699999999,,,0.01,Accident on Wagner Ford Rd at Needmore Rd.,Wagner Ford Rd,Dayton,Montgomery,OH,45414,US,US/Eastern,KDAY,2016-03-17 10:56:00,54.0,,43.0,29.94,10.0,West,16.1,,Partly Cloudy,False,False,False,False,False,False,False,False,False,False,False,True,False,Day,Day,Day,Day
A-706,Source2,2,2016-03-17 11:10:37,2016-03-17 13:44:20,39.739201,-84.230324,,,0.0,Accident on Weaver St at Dennison Ave.,Dennison Ave,Dayton,Montgomery,OH,45417-4503,US,US/Eastern,KDAY,2016-03-17 10:56:00,54.0,,43.0,29.94,10.0,West,16.1,,Partly Cloudy,False,False,False,False,False,False,False,False,False,False,False,False,False,Day,Day,Day,Day
A-707,Source2,2,2016-03-17 11:10:37,2016-03-17 13:59:20,39.790916,-84.235085,,,0.01,Accident on Philadelphia Dr at Hillcrest Ave.,Philadelphia Dr,Dayton,Montgomery,OH,45406,US,US/Eastern,KDAY,2016-03-17 10:56:00,54.0,,43.0,29.94,10.0,West,16.1,,Partly Cloudy,True,False,False,False,False,False,False,False,False,False,False,True,False,Day,Day,Day,Day
A-708,Source2,2,2016-03-17 14:50:41,2016-03-17 15:20:41,39.80933,-84.235146,,,0.0,Accident on Hornwood Dr at Philadelphia Dr.,Philadelphia Dr,Dayton,Montgomery,OH,45405-1955,US,US/Eastern,KDAY,2016-03-17 14:56:00,55.0,,31.0,29.92,10.0,West,21.9,,Scattered Clouds,False,False,False,False,False,False,False,False,False,False,False,True,False,Day,Day,Day,Day
A-709,Source2,3,2016-03-17 17:28:00,2016-03-17 21:00:00,39.904541,-83.02684,,,0.01,Left lane blocked due to accident on I-71 Southbound at Exit 104 OH-104 Frank Rd.,I-71 S,Grove City,Franklin,OH,43123,US,US/Eastern,KTZR,2016-03-17 17:50:00,57.2,,31.0,29.89,10.0,WSW,16.1,,Scattered Clouds,False,False,False,False,False,False,False,False,False,False,False,False,False,Day,Day,Day,Day
A-710,Source2,3,2016-03-17 20:18:00,2016-03-17 23:00:00,39.982506,-82.98451999999997,,,0.01,Right lane blocked due to accident on I-71 Innerbelt Northbound at Exit 108B I-670.,North Fwy N,Columbus,Franklin,OH,43201,US,US/Eastern,KCMH,2016-03-17 19:51:00,52.0,,34.0,29.92,10.0,WNW,11.5,,Scattered Clouds,False,False,False,False,False,False,False,False,False,False,False,False,False,Night,Night,Day,Day
A-711,Source2,2,2016-03-18 04:02:41,2016-03-18 04:32:41,39.75777100000001,-84.142036,,,0.0,Accident on Huffman Ave at Gondert Ave.,Huffman Ave,Dayton,Montgomery,OH,45403-3018,US,US/Eastern,KFFO,2016-03-18 03:58:00,38.3,,72.0,29.98,10.0,Calm,,,Clear,False,False,False,False,False,False,False,False,False,False,False,False,False,Night,Night,Night,Night
A-712,Source2,2,2016-03-18 06:48:10,2016-03-18 07:18:10,39.736004,-84.14344799999998,,,0.0,Accident on Rosemont Blvd at Woodbine Ave.,Rosemont Blvd,Dayton,Montgomery,OH,45420-2538,US,US/Eastern,KFFO,2016-03-18 06:58:00,39.7,37.6,72.0,30.0,10.0,SSE,3.5,,Overcast,False,False,False,False,False,False,False,False,False,False,False,False,False,Night,Night,Day,Day
A-713,Source2,2,2016-03-18 07:10:13,2016-03-18 07:40:13,39.59872100000001,-84.161491,,,0.01,Accident on OH-48 Dayton Lebanon Pike at Nutt Rd / Hibberd Dr.,Dayton Lebanon Pike,Dayton,Montgomery,OH,45458-5139,US,US/Eastern,KMGY,2016-03-18 06:53:00,37.0,34.5,70.0,30.0,10.0,South,3.5,,Clear,False,False,False,False,False,False,False,False,False,False,False,False,False,Night,Night,Day,Day
A-714,Source2,2,2016-03-18 09:09:35,2016-03-18 09:39:35,39.74004,-84.194923,,,0.01,Accident on Edwin C Moses Blvd at Stewart St.,W Stewart St,Dayton,Montgomery,OH,45417,US,US/Eastern,KDAY,2016-03-18 08:56:00,46.0,41.0,51.0,30.02,10.0,West,10.4,,Scattered Clouds,False,False,True,False,False,False,False,False,False,False,False,True,False,Day,Day,Day,Day
A-715,Source2,2,2016-03-18 10:55:02,2016-03-18 11:25:02,39.77626,-84.243752,,,0.01,Accident on Cornell Dr at Wesleyan Rd.,Wesleyan Rd,Dayton,Montgomery,OH,45406-4250,US,US/Eastern,KDAY,2016-03-18 10:56:00,50.0,,38.0,30.06,10.0,WNW,12.7,,Scattered Clouds,False,False,False,False,False,False,False,False,False,False,False,False,False,Day,Day,Day,Day
A-716,Source2,2,2016-03-18 11:10:12,2016-03-18 11:40:12,39.62394000000001,-84.194153,,,0.0,Accident on Washington Village Dr at Woodgrove Dr.,Washington Village Dr,Dayton,Montgomery,OH,45458-1843,US,US/Eastern,KMGY,2016-03-18 10:53:00,50.0,,44.0,30.05,10.0,NNW,12.7,,Clear,False,False,False,False,False,False,False,False,False,False,False,False,False,Day,Day,Day,Day
A-717,Source2,2,2016-03-18 11:44:25,2016-03-18 12:14:25,39.73232700000001,-84.163055,,,0.0,Accident on Firwood Dr at Irving Ave.,Irving Ave,Dayton,Montgomery,OH,45419-4138,US,US/Eastern,KMGY,2016-03-18 11:53:00,51.1,,35.0,30.06,10.0,NW,11.5,,Clear,False,False,False,False,False,False,False,False,False,False,False,False,False,Day,Day,Day,Day
A-718,Source2,2,2016-03-18 11:44:25,2016-03-18 12:57:34,39.772064,-84.253517,,,0.01,Accident on Gettysburg Ave at James H McGee Blvd.,N James H McGee Blvd,Dayton,Montgomery,OH,45417,US,US/Eastern,KDAY,2016-03-18 11:56:00,52.0,,32.0,30.07,10.0,WNW,15.0,,Scattered Clouds,False,False,True,False,False,False,False,False,False,False,False,True,False,Day,Day,Day,Day
A-719,Source2,2,2016-03-18 13:27:13,2016-03-18 13:57:13,39.772064,-84.253517,,,0.01,Accident on Gettysburg Ave at James H McGee Blvd.,N James H McGee Blvd,Dayton,Montgomery,OH,45417,US,US/Eastern,KDAY,2016-03-18 13:56:00,55.0,,30.0,30.06,10.0,WNW,17.3,,Scattered Clouds,False,False,True,False,False,False,False,False,False,False,False,True,False,Day,Day,Day,Day
A-720,Source2,3,2016-03-18 13:52:00,2016-03-18 14:44:00,40.263664,-82.927452,,,0.01,Entry ramp closed due to emergency repairs on I-71 Northbound at Exit 131 US-36 State Route 37. Detour in operation.,I-71 N,Sunbury,Delaware,OH,43074,US,US/Eastern,KDLZ,2016-03-18 13:59:00,53.6,,26.0,30.02,10.0,West,15.0,,Clear,False,False,False,False,False,False,False,False,False,False,False,False,False,Day,Day,Day,Day
A-721,Source2,2,2016-03-18 14:16:10,2016-03-18 14:46:10,39.658939,-84.223244,,,0.01,Accident on OH-741 Springboro Pike at Carnation Rd.,Carnation Rd,Dayton,Montgomery,OH,45449-3053,US,US/Eastern,KMGY,2016-03-18 13:53:00,55.9,,26.0,30.06,10.0,WNW,17.3,,Clear,False,False,False,False,False,False,False,False,False,False,False,False,False,Day,Day,Day,Day
A-722,Source2,2,2016-03-18 14:38:06,2016-03-18 15:08:06,39.67889,-84.221413,,,0.0,Accident on Cobblegate Blvd at OH-741 Springboro Pike.,Lindbergh Blvd,Dayton,Montgomery,OH,45449-2735,US,US/Eastern,KMGY,2016-03-18 14:53:00,57.0,,23.0,30.04,10.0,West,17.3,,Clear,False,False,False,False,False,False,False,False,False,False,False,False,False,Day,Day,Day,Day
A-723,Source2,2,2016-03-18 14:39:06,2016-03-18 15:09:06,39.749786,-84.199493,,,0.01,Accident on Edwin C Moses Blvd at Washington St.,S Edwin C Moses Blvd,Dayton,Montgomery,OH,45402-8430,US,US/Eastern,KFFO,2016-03-18 14:51:00,55.4,,25.0,30.04,10.0,WNW,19.6,,Mostly Cloudy,False,False,True,False,False,False,False,False,False,False,False,True,False,Day,Day,Day,Day
A-724,Source2,2,2016-03-18 16:16:49,2016-03-18 16:46:49,39.745384,-84.183006,,,0.01,Accident on Brown St at Wyoming St.,Brown St,Dayton,Montgomery,OH,45409-2940,US,US/Eastern,KFFO,2016-03-18 15:58:00,55.8,,25.0,30.04,10.0,WNW,15.0,,Mostly Cloudy,False,False,False,False,False,False,False,False,False,False,False,True,False,Day,Day,Day,Day
A-725,Source2,2,2016-03-18 16:36:53,2016-03-18 17:06:53,39.625694,-84.200005,,,0.01,Accident on Lyons Rd at Yankee St.,Lyons Rd,Dayton,Montgomery,OH,45458-1881,US,US/Eastern,KMGY,2016-03-18 16:53:00,55.9,,21.0,30.02,10.0,WNW,12.7,,Clear,False,False,False,False,False,False,False,False,False,False,False,True,False,Day,Day,Day,Day
A-726,Source2,3,2016-03-18 16:59:00,2016-03-18 21:00:00,40.120651,-82.973045,,,0.01,Right lane blocked due to accident on I-71 Southbound at Exits 119 119A 119B I-270 Outerbelt.,North Fwy S,Westerville,Franklin,OH,43081,US,US/Eastern,KCMH,2016-03-18 16:51:00,53.1,,26.0,30.01,10.0,NW,18.4,,Mostly Cloudy,False,False,False,False,False,False,False,False,False,False,False,False,False,Day,Day,Day,Day
A-727,Source2,3,2016-03-18 17:44:00,2016-03-18 23:59:00,41.128685,-81.652153,,,0.01,Right lane blocked due to accident on I-77 Northbound at Exit 136 OH-21.,I-77 N,Akron,Summit,OH,44321,US,US/Eastern,KAKR,2016-03-18 17:54:00,48.9,,39.0,30.0,10.0,North,16.1,,Mostly Cloudy,False,False,False,False,False,False,False,False,False,False,False,False,False,Day,Day,Day,Day
A-728,Source2,2,2016-03-18 18:15:34,2016-03-18 19:00:34,39.959805,-83.370483,,,0.01,Accident on US-42 US Highway 42 at US-42 US Highway 42.,US Highway 42 NE,London,Madison,OH,43140-9596,US,US/Eastern,KTZR,2016-03-18 17:50:00,51.8,,35.0,30.02,10.0,WNW,11.5,,Clear,False,False,False,False,False,False,False,False,False,False,False,False,False,Day,Day,Day,Day
A-729,Source2,3,2016-06-21 10:34:40,2016-06-21 11:04:40,38.0853,-122.233017,,,0.0,Right hand shoulder blocked due to accident on I-80 Westbound at Magazine St.,Magazine St,Vallejo,Solano,CA,94591,US,US/Pacific,KAPC,2016-06-21 10:54:00,75.0,,48.0,30.0,10.0,Variable,5.8,,Clear,False,False,False,False,False,False,False,False,False,False,False,False,False,Day,Day,Day,Day
A-730,Source2,3,2016-06-21 10:30:16,2016-06-21 11:16:39,37.631813,-122.084167,,,0.0,Accident on I-880 Northbound at Exit 26 Tennyson Rd.,I-880 N,Hayward,Alameda,CA,94544,US,US/Pacific,KHWD,2016-06-21 10:54:00,75.0,,48.0,30.06,10.0,WSW,4.6,,Clear,False,False,False,False,False,False,False,False,False,False,False,False,False,Day,Day,Day,Day
A-731,Source2,2,2016-06-21 10:49:14,2016-06-21 11:19:14,37.896564,-122.070717,,,0.0,Right lane blocked due to accident on CA-24 Westbound at I-680.,I-680 N,Walnut Creek,Contra Costa,CA,94595,US,US/Pacific,KCCR,2016-06-21 10:53:00,82.9,,31.0,29.97,10.0,NNW,4.6,,Clear,False,False,False,False,False,False,False,False,False,False,False,False,False,Day,Day,Day,Day
A-732,Source2,3,2016-06-21 10:41:42,2016-06-21 11:11:42,37.334255,-122.032471,,,0.0,#4 &amp; HOV lane blocked due to accident on I-280 Northbound before Exit 11 De Anza Blvd.,N De Anza Blvd,Cupertino,Santa Clara,CA,95014,US,US/Pacific,KNUQ,2016-06-21 10:56:00,75.9,,48.0,30.04,10.0,NNE,4.6,,Clear,False,False,False,False,False,False,False,False,False,False,False,False,False,Day,Day,Day,Day
A-733,Source2,2,2016-06-21 10:16:26,2016-06-21 11:04:16,37.250729,-121.910713,,,0.0,Right hand shoulder blocked due to accident on CA-85 Northbound at Exit 8 Camden Ave.,Norman Y Mineta Hwy,San Jose,Santa Clara,CA,95118,US,US/Pacific,KRHV,2016-06-21 09:50:00,75.2,,41.0,30.06,10.0,Variable,5.8,,Clear,False,False,False,False,False,False,False,False,False,False,False,False,False,Day,Day,Day,Day
A-734,Source2,3,2016-06-21 10:31:06,2016-06-21 11:16:26,37.701584,-121.906929,,,0.0,Accident on I-580 Westbound near I-580 Exit 45 / Dougherty Rd.,I-580 E,Pleasanton,Alameda,CA,94588,US,US/Pacific,KLVK,2016-06-21 10:53:00,82.9,,24.0,30.0,10.0,Variable,5.8,,Clear,False,False,False,False,False,False,False,False,False,False,False,False,False,Day,Day,Day,Day
A-735,Source2,3,2016-06-21 10:17:17,2016-06-21 11:03:50,37.328312,-121.871811,,,0.0,#1 lane blocked due to accident on I-280 Southbound at 10th St.,I-280 S,San Jose,Santa Clara,CA,95112,US,US/Pacific,KSJC,2016-06-21 09:53:00,73.0,,53.0,30.04,10.0,Variable,4.6,,Partly Cloudy,False,False,False,False,True,False,False,False,False,False,False,False,False,Day,Day,Day,Day
A-736,Source2,3,2016-06-21 10:51:31,2016-06-21 11:21:31,37.719162,-122.448273,,,0.0,Accident on I-280 Northbound at Geneva Ave.,John F Foran Fwy,San Francisco,San Francisco,CA,94112,US,US/Pacific,KSFO,2016-06-21 10:56:00,71.1,,55.0,30.04,10.0,NE,4.6,,Partly Cloudy,False,False,False,False,False,False,False,False,False,False,False,False,False,Day,Day,Day,Day
A-737,Source2,2,2016-06-21 10:56:00,2016-06-21 11:26:00,37.868114,-122.19593,,,0.0,Right hand shoulder blocked due to accident on CA-24 Westbound near Wilder Rd.,CA-24 W,Orinda,Contra Costa,CA,94563,US,US/Pacific,KCCR,2016-06-21 10:53:00,82.9,,31.0,29.97,10.0,NNW,4.6,,Clear,False,False,False,False,True,False,False,False,False,False,False,False,False,Day,Day,Day,Day
A-738,Source2,3,2016-06-21 10:57:01,2016-06-21 11:27:01,37.700951,-121.80175,,,0.0,Left lane blocked due to accident on I-580 Westbound at Exit 51 Isabel Ave.,Isabel Ave,Livermore,Alameda,CA,94551,US,US/Pacific,KLVK,2016-06-21 10:53:00,82.9,,24.0,30.0,10.0,Variable,5.8,,Clear,False,False,False,False,False,False,False,False,False,False,False,False,False,Day,Day,Day,Day
A-739,Source2,2,2016-06-21 11:02:59,2016-06-21 11:32:59,38.321342,-122.713707,,,0.0,Right hand shoulder blocked due to accident on US-101 Northbound at Exit 481A Sierra Ave.,W Sierra Ave,Cotati,Sonoma,CA,94931,US,US/Pacific,KO69,2016-06-21 10:55:00,80.6,,39.0,30.04,10.0,WNW,5.8,,Clear,False,False,False,False,False,False,False,False,False,False,False,False,False,Day,Day,Day,Day
A-740,Source2,2,2016-06-21 11:06:50,2016-06-21 11:36:50,38.005135,-122.037445,,,0.0,Accident on CA-4 Westbound at CA-242.,CA-4 E,Concord,Contra Costa,CA,94520,US,US/Pacific,KCCR,2016-06-21 10:53:00,82.9,,31.0,29.97,10.0,NNW,4.6,,Clear,False,False,False,False,False,False,False,False,False,False,False,False,False,Day,Day,Day,Day
A-741,Source2,3,2016-06-21 11:11:50,2016-06-21 11:41:50,37.70071400000001,-121.773895,,,0.0,#4 &amp; #5 lane blocked due to accident on I-580 Westbound at County Hwy-J2 Livermore Ave.,N Livermore Ave,Livermore,Alameda,CA,94551,US,US/Pacific,KLVK,2016-06-21 10:53:00,82.9,,24.0,30.0,10.0,Variable,5.8,,Clear,False,False,False,False,False,False,False,False,False,False,False,True,False,Day,Day,Day,Day
A-742,Source2,2,2016-06-21 11:13:06,2016-06-21 11:43:06,37.395771,-122.012772,,,0.0,#1 lane blocked due to accident on US-101 Northbound before Fair Oaks Ave.,US-101 N,Sunnyvale,Santa Clara,CA,94085,US,US/Pacific,KNUQ,2016-06-21 10:56:00,75.9,,48.0,30.04,10.0,NNE,4.6,,Clear,False,False,False,False,True,False,False,False,False,False,False,False,False,Day,Day,Day,Day
A-743,Source2,3,2016-06-21 11:19:24,2016-06-21 11:49:24,37.701576,-121.872177,,,0.0,#2 lane blocked due to accident on I-580 Westbound at Exit 47 / Tassajara Rd.,Tassajara Rd,Dublin,Alameda,CA,94568,US,US/Pacific,KLVK,2016-06-21 10:53:00,82.9,,24.0,30.0,10.0,Variable,5.8,,Clear,False,False,False,False,False,False,False,False,False,False,False,False,False,Day,Day,Day,Day
A-744,Source2,2,2016-06-21 11:16:14,2016-06-21 12:01:14,38.481682,-121.408768,,,0.0,#1 lane blocked due to accident on Power Inn Rd Northbound at Gerber Rd.,Gerber Rd,Sacramento,Sacramento,CA,95828,US,US/Pacific,KSAC,2016-06-21 10:53:00,86.0,,26.0,30.0,10.0,NNW,9.2,,Clear,False,False,False,False,False,False,False,False,False,False,False,False,False,Day,Day,Day,Day
A-745,Source2,3,2016-06-21 11:16:55,2016-06-21 12:01:55,38.682713,-121.33628799999998,,,0.0,Multi-vehicle accident on I-80 Westbound at Exit 98 County Hwy-E14 Greenback Ln. On the median.,I-80 E,Sacramento,Sacramento,CA,95841,US,US/Pacific,KMCC,2016-06-21 11:15:00,86.0,,20.0,30.01,10.0,NW,9.2,,Clear,False,False,False,False,False,False,False,False,False,False,False,False,False,Day,Day,Day,Day
A-746,Source2,2,2016-06-21 11:20:47,2016-06-21 11:50:47,37.391258,-121.995895,,,0.0,Accident on US-101 Northbound at Exit 394 / County Hwy-G2 Lawrence Expy.,Lawrence Expy,Sunnyvale,Santa Clara,CA,94085,US,US/Pacific,KNUQ,2016-06-21 10:56:00,75.9,,48.0,30.04,10.0,NNE,4.6,,Clear,False,False,False,False,False,False,False,False,False,False,False,False,False,Day,Day,Day,Day
A-747,Source2,2,2016-06-21 11:37:40,2016-06-21 12:07:40,37.775215,-122.220863,,,0.0,Accident a school bus involved on 37th Ave near International Blvd.,37th Ave,Oakland,Alameda,CA,94601-3438,US,US/Pacific,KOAK,2016-06-21 11:53:00,73.9,,50.0,30.03,10.0,West,8.1,,Partly Cloudy,True,False,True,True,False,False,False,False,False,True,False,False,False,Day,Day,Day,Day
A-748,Source2,2,2016-06-21 11:33:06,2016-06-21 12:03:06,37.418728,-121.970436,,,0.0,Right hand shoulder blocked due to accident on CA-237 Westbound near Exit 6 Great America Pkwy.,CA-237 W,Alviso,Santa Clara,CA,95002,US,US/Pacific,KNUQ,2016-06-21 11:56:00,82.0,,29.0,30.03,10.0,Variable,5.8,,Clear,False,False,False,False,True,False,False,False,False,False,False,False,False,Day,Day,Day,Day
A-749,Source2,3,2016-06-21 11:30:58,2016-06-21 12:00:58,37.38237,-121.904358,,,0.0,#2 lane blocked due to accident on I-880 Southbound at Exit 5 / Brokaw Rd.,E Brokaw Rd,San Jose,Santa Clara,CA,95131-2310,US,US/Pacific,KSJC,2016-06-21 11:53:00,84.0,,27.0,30.01,10.0,NW,8.1,,Partly Cloudy,False,False,False,False,False,False,False,False,False,False,False,False,False,Day,Day,Day,Day
A-750,Source2,3,2016-06-21 11:34:23,2016-06-21 12:04:23,37.701363,-121.849533,,,0.0,Accident on I-580 Westbound at Exit 48 / El Charro Rd.,Fallon Rd,Pleasanton,Alameda,CA,94588,US,US/Pacific,KLVK,2016-06-21 11:53:00,88.0,,19.0,29.99,10.0,South,4.6,,Clear,False,False,False,False,False,False,False,False,False,False,False,False,False,Day,Day,Day,Day
A-751,Source2,2,2016-06-21 11:36:40,2016-06-21 12:06:40,37.131519,-121.633308,,,0.0,Accident on US-101 Northbound at Exit 366 Dunne Ave.,S Valley Fwy N,Morgan Hill,Santa Clara,CA,95037,US,US/Pacific,KE16,2016-06-21 11:35:00,86.0,,20.0,30.02,10.0,NW,12.7,,Clear,False,False,False,False,False,False,False,False,False,False,False,False,False,Day,Day,Day,Day
A-752,Source2,2,2016-06-21 11:40:35,2016-06-21 12:10:35,38.303768,-122.708183,,,0.0,Right hand shoulder blocked due to accident on US-101 Northbound at Exit 479 Railroad Ave.,US-101 N,Petaluma,Sonoma,CA,94952,US,US/Pacific,KO69,2016-06-21 11:35:00,82.4,,37.0,30.04,10.0,WNW,3.5,,Clear,False,False,False,False,False,False,False,False,False,False,False,False,False,Day,Day,Day,Day
A-753,Source2,3,2016-06-21 11:38:59,2016-06-21 12:08:59,38.026699,-122.113785,,,0.0,Accident on I-680 Northbound at Toll Plaza.,I-680 N,Martinez,Contra Costa,CA,94553,US,US/Pacific,KCCR,2016-06-21 11:53:00,88.0,,25.0,29.96,10.0,NNW,8.1,,Clear,False,False,False,False,False,False,False,False,False,False,False,False,False,Day,Day,Day,Day
A-754,Source2,2,2016-06-21 11:56:59,2016-06-21 12:26:59,38.220692,-122.607536,,,0.0,Right hand shoulder blocked due to accident on US-101 Southbound after Exit 472A Kastania Rd.,Kastania Rd,Petaluma,Sonoma,CA,94952,US,US/Pacific,KO69,2016-06-21 11:55:00,84.2,,37.0,30.03,10.0,NW,4.6,,Clear,False,False,False,False,False,False,False,False,False,False,False,False,False,Day,Day,Day,Day
A-755,Source2,2,2016-06-21 11:52:03,2016-06-21 12:22:03,37.613815,-122.396652,,,0.0,#2 lane blocked due to accident on US-101 Northbound at Exit 422 McDonnell Rd.,US-101 N,Millbrae,San Mateo,CA,94030,US,US/Pacific,KSFO,2016-06-21 11:56:00,75.9,,38.0,30.03,10.0,WNW,12.7,,Partly Cloudy,False,False,False,False,False,False,False,False,False,False,False,False,False,Day,Day,Day,Day
A-756,Source2,3,2016-06-21 11:50:43,2016-06-21 12:35:43,38.646683,-121.376694,,,0.0,Accident on I-80 Bus Capital City Fwy Westbound at CA-51.,I-80 W,North Highlands,Sacramento,CA,95660,US,US/Pacific,KMCC,2016-06-21 11:55:00,87.8,,21.0,30.0,10.0,WNW,9.2,,Clear,False,False,False,False,False,False,False,False,False,False,False,False,False,Day,Day,Day,Day
A-757,Source2,3,2016-06-21 12:06:52,2016-06-21 12:36:52,37.66637,-122.107491,,,0.0,Accident on I-880 Southbound at I-880 Exit 29 / A St.,I-880 N,Hayward,Alameda,CA,94541,US,US/Pacific,KHWD,2016-06-21 11:54:00,77.0,,37.0,30.05,10.0,West,8.1,,Clear,False,False,True,False,False,False,False,False,False,False,False,True,False,Day,Day,Day,Day
A-758,Source2,3,2016-06-21 12:13:43,2016-06-21 12:43:43,37.70071400000001,-121.773895,,,0.0,Accident on I-580 Westbound at County Hwy-J2 Livermore Ave.,N Livermore Ave,Livermore,Alameda,CA,94551,US,US/Pacific,KLVK,2016-06-21 11:53:00,88.0,,19.0,29.99,10.0,South,4.6,,Clear,False,False,False,False,False,False,False,False,False,False,False,True,False,Day,Day,Day,Day
A-759,Source2,2,2016-06-21 12:21:52,2016-06-21 12:51:52,38.54702,-122.808311,,,0.0,Accident on US-101 Northbound after Windsor River Rd.,Redwood Hwy S,Windsor,Sonoma,CA,95492,US,US/Pacific,KSTS,2016-06-21 11:53:00,82.9,,34.0,29.98,10.0,SW,5.8,,Clear,False,False,False,False,False,False,False,False,False,False,False,False,False,Day,Day,Day,Day
A-760,Source2,3,2016-06-21 12:20:59,2016-06-21 12:50:59,37.856171,-122.029907,,,0.0,Accident on I-680 Northbound at Exits 42A 42B Stone Valley Rd.,I-680 N,Alamo,Contra Costa,CA,94507,US,US/Pacific,KCCR,2016-06-21 11:53:00,88.0,,25.0,29.96,10.0,NNW,8.1,,Clear,False,False,False,False,False,False,False,False,False,False,False,False,False,Day,Day,Day,Day
A-761,Source2,2,2016-06-21 12:29:00,2016-06-21 12:59:00,37.119289,-121.626114,,,0.0,Accident on US-101 Northbound before Exit 365 Tennant Ave.,Tennant Ave,Morgan Hill,Santa Clara,CA,95037,US,US/Pacific,KE16,2016-06-21 12:35:00,89.6,,21.0,30.01,10.0,NW,10.4,,Clear,False,False,False,False,False,False,False,False,False,False,False,False,False,Day,Day,Day,Day
A-762,Source2,2,2016-06-21 12:28:17,2016-06-21 12:58:17,37.088932,-121.59922,,,0.0,Accident on US-101 Northbound at Exit 362 San Martin Ave.,S Valley Fwy N,San Martin,Santa Clara,CA,95046,US,US/Pacific,KE16,2016-06-21 12:35:00,89.6,,21.0,30.01,10.0,NW,10.4,,Clear,False,False,False,False,False,False,False,False,False,False,False,False,False,Day,Day,Day,Day
A-763,Source2,2,2016-06-21 12:32:53,2016-06-21 13:02:53,38.601768,-122.864983,,,0.0,Accident on US-101 Northbound before US-101 Exit 503 / Healdsburg Ave.,US-101 N,Healdsburg,Sonoma,CA,95448,US,US/Pacific,KSTS,2016-06-21 12:53:00,90.0,,25.0,29.96,10.0,South,4.6,,Partly Cloudy,False,False,False,False,True,False,False,False,False,False,False,False,False,Day,Day,Day,Day
A-764,Source2,2,2016-06-21 12:39:41,2016-06-21 13:09:41,37.701061,-122.393188,,,0.0,#1 lane blocked due to accident on US-101 Northbound near Exit 429A Harney Way.,US-101 N,Brisbane,San Mateo,CA,94005,US,US/Pacific,KSFO,2016-06-21 12:56:00,73.0,,44.0,30.02,10.0,WNW,19.6,,Partly Cloudy,False,False,False,False,True,False,False,False,False,False,False,False,False,Day,Day,Day,Day
A-765,Source2,2,2016-06-21 12:33:43,2016-06-21 13:03:43,37.448879,-122.12313799999998,,,0.0,Right hand shoulder blocked due to accident on US-101 Northbound at US-101 Exit 402 / Embarcadero Rd.,Embarcadero Rd,Palo Alto,Santa Clara,CA,94303,US,US/Pacific,KPAO,2016-06-21 12:47:00,82.4,,45.0,30.01,30.0,North,13.8,,Clear,False,False,False,False,False,False,False,False,False,False,False,False,False,Day,Day,Day,Day
A-766,Source2,3,2016-06-21 12:46:38,2016-06-21 13:16:38,37.732746,-122.404938,,,0.0,#1 lane blocked due to accident on US-101 Southbound at Silver Ave.,Silver Ave,San Francisco,San Francisco,CA,94134-1230,US,US/Pacific,KSFO,2016-06-21 12:56:00,73.0,,44.0,30.02,10.0,WNW,19.6,,Partly Cloudy,False,False,False,False,False,False,False,False,False,False,False,False,False,Day,Day,Day,Day
A-767,Source2,2,2016-06-21 12:58:04,2016-06-21 13:28:04,37.749485,-122.403236,,,0.0,Slow lane blocked due to accident on US-101 Southbound at Exit 432 / Cesar Chavez.,Cesar Chavez St,San Francisco,San Francisco,CA,94107,US,US/Pacific,KOAK,2016-06-21 12:53:00,77.0,,40.0,30.03,10.0,WNW,11.5,,Partly Cloudy,False,False,False,False,False,False,False,False,False,False,False,False,False,Day,Day,Day,Day
A-768,Source2,3,2016-06-21 12:52:56,2016-06-21 13:22:56,37.454247,-121.923073,,,0.0,#1 lane blocked due to accident on I-880 Southbound before Dixon Landing Rd.,Dixon Landing Rd,Milpitas,Santa Clara,CA,95035,US,US/Pacific,KSJC,2016-06-21 12:53:00,87.1,,24.0,30.01,10.0,NW,9.2,,Partly Cloudy,False,False,False,False,False,False,False,False,False,False,False,False,False,Day,Day,Day,Day
A-769,Source2,3,2016-06-21 12:53:58,2016-06-21 13:23:58,37.401531,-121.908859,,,0.0,Right hand shoulder blocked due to accident on I-880 Southbound at Exit 7 / County Hwy-G4 Montague Expy.,Montague Expy,San Jose,Santa Clara,CA,95131,US,US/Pacific,KSJC,2016-06-21 12:53:00,87.1,,24.0,30.01,10.0,NW,9.2,,Partly Cloudy,False,False,False,False,False,False,False,False,False,False,False,False,False,Day,Day,Day,Day
A-770,Source2,3,2016-06-21 12:54:27,2016-06-21 13:39:27,38.563538,-121.637466,,,0.0,Accident on I-80 Eastbound at Exit 78 Chiles Rd.,I-80 E,Davis,Yolo,CA,95618,US,US/Pacific,KEDU,2016-06-21 12:55:00,91.4,,20.0,29.99,10.0,NNE,5.8,,Clear,False,False,False,False,False,False,False,False,False,False,False,False,False,Day,Day,Day,Day
A-771,Source2,3,2016-06-21 13:02:04,2016-06-21 13:32:04,37.825397,-122.304802,,,0.0,Accident on I-80 Westbound at Exits 8A 8B I-880.,I-80 W,Oakland,Alameda,CA,94607,US,US/Pacific,KOAK,2016-06-21 12:53:00,77.0,,40.0,30.03,10.0,WNW,11.5,,Partly Cloudy,False,False,False,False,True,False,False,False,False,False,False,False,False,Day,Day,Day,Day
A-772,Source2,3,2016-06-21 13:03:25,2016-06-21 13:33:25,37.8009,-122.228767,,,0.0,Accident on I-580 Westbound at Exit 22B Beaumont Ave.,Beaumont Ave,Oakland,Alameda,CA,94602,US,US/Pacific,KOAK,2016-06-21 12:53:00,77.0,,40.0,30.03,10.0,WNW,11.5,,Partly Cloudy,False,False,False,False,False,False,False,False,True,False,False,False,False,Day,Day,Day,Day
A-773,Source2,3,2016-06-21 13:15:59,2016-06-21 13:45:59,37.31665,-121.945389,,,0.0,Accident on I-880 Southbound at I-280.,I-280 S,San Jose,Santa Clara,CA,95128,US,US/Pacific,KSJC,2016-06-21 12:53:00,87.1,,24.0,30.01,10.0,NW,9.2,,Partly Cloudy,False,False,False,False,False,False,False,False,False,False,False,False,False,Day,Day,Day,Day
A-774,Source2,2,2016-06-21 13:18:11,2016-06-21 14:03:11,38.36479600000001,-121.350449,,,0.0,Accident on CA-99 Southbound at CA-99 Exit 283 / Eschinger Rd. On exit ramp.,CA-99 S,Elk Grove,Sacramento,CA,95757,US,US/Pacific,KSAC,2016-06-21 12:53:00,91.9,,20.0,29.97,10.0,Variable,6.9,,Clear,False,False,False,False,False,False,False,False,False,False,False,False,False,Day,Day,Day,Day
A-775,Source2,3,2016-06-21 13:27:20,2016-06-21 14:13:00,38.551689,-121.699516,,,0.0,Very slow traffic and shoulder blocked on exit ramp due to accident on I-80 Eastbound at I-80 Exit 75 / Mace Blvd.,I-80 E,Davis,Yolo,CA,95618,US,US/Pacific,KEDU,2016-06-21 13:35:00,93.2,,20.0,29.97,10.0,WNW,3.5,,Clear,False,False,False,False,True,False,False,False,False,False,False,False,False,Day,Day,Day,Day
A-776,Source2,2,2016-06-21 13:23:19,2016-06-21 14:08:19,38.618011,-121.401459,,,0.0,Accident on Marconi Ave near Fulton Ave.,Marconi Ave,Sacramento,Sacramento,CA,95821-5105,US,US/Pacific,KMCC,2016-06-21 13:15:00,91.4,,18.0,29.98,10.0,WNW,6.9,,Clear,False,False,True,False,False,False,False,False,False,False,False,False,False,Day,Day,Day,Day
A-777,Source2,2,2016-06-21 13:35:09,2016-06-21 14:05:09,37.49221,-122.386093,,,0.0,Accident on CA-92 San Mateo Rd Westbound at Pilarcitos Creek Rd.,San Mateo Rd,Half Moon Bay,San Mateo,CA,94019-7106,US,US/Pacific,KHAF,2016-06-21 13:35:00,60.8,,77.0,30.07,2.5,NW,17.3,,Haze,False,False,False,False,False,False,False,False,True,False,False,False,False,Day,Day,Day,Day
A-778,Source2,2,2016-06-21 13:34:39,2016-06-21 14:04:39,37.46876500000001,-122.155205,,,0.0,Accident on US-101 Southbound at Exits 404A 404B CA-114 Willow Rd.,Bayshore Fwy S,Menlo Park,San Mateo,CA,94025,US,US/Pacific,KPAO,2016-06-21 13:47:00,80.6,,48.0,30.0,30.0,North,13.8,,Clear,False,False,False,False,False,False,False,False,False,False,False,False,False,Day,Day,Day,Day
A-779,Source2,2,2016-06-21 13:38:18,2016-06-21 14:23:18,38.452553,-121.37175,,,0.0,Slow traffic due to accident on Calvine Rd both ways at Elk Grove Florin Rd.,Calvine Rd,Elk Grove,Sacramento,CA,95624,US,US/Pacific,KSAC,2016-06-21 13:53:00,93.9,,17.0,29.96,10.0,NNW,6.9,,Clear,False,False,True,False,False,False,False,False,False,False,False,True,False,Day,Day,Day,Day
A-780,Source2,3,2016-06-21 13:59:18,2016-06-21 14:29:18,37.741356,-121.580826,,,0.0,Accident on I-580 Westbound at Exit 63 Grant Line Rd.,I-580 W,Tracy,Alameda,CA,95377,US,US/Pacific,KLVK,2016-06-21 13:53:00,93.9,,19.0,29.96,10.0,Variable,4.6,,Clear,False,False,False,False,True,False,False,False,False,False,False,False,False,Day,Day,Day,Day
A-781,Source2,2,2016-06-21 13:59:57,2016-06-21 14:44:57,38.668053,-121.31208,,,0.0,Accident on Coyle Ave Westbound near St Charles Dr.,Coyle Ave,Carmichael,Sacramento,CA,95608-0307,US,US/Pacific,KMCC,2016-06-21 13:55:00,93.2,,12.0,29.97,9.0,NW,6.9,,Clear,False,False,False,False,False,False,False,False,False,False,False,False,False,Day,Day,Day,Day
A-782,Source2,3,2016-06-21 14:06:34,2016-06-21 14:36:34,37.78735,-122.247955,,,0.0,Accident on I-880 Southbound at Exit 40 16th Ave.,Nimitz Fwy S,Oakland,Alameda,CA,94606,US,US/Pacific,KOAK,2016-06-21 13:53:00,79.0,,38.0,30.01,10.0,WNW,12.7,,Partly Cloudy,False,False,False,False,True,False,False,False,False,False,False,False,False,Day,Day,Day,Day
A-783,Source2,2,2016-06-21 14:03:09,2016-06-21 14:48:10,38.781418,-121.145889,,,0.0,Accident on Auburn Folsom Rd Southbound near Moss Ln.,Auburn Folsom Rd,Granite Bay,Placer,CA,95746-5879,US,US/Pacific,KMCC,2016-06-21 13:55:00,93.2,,12.0,29.97,9.0,NW,6.9,,Clear,False,False,False,False,False,False,False,False,False,False,False,False,False,Day,Day,Day,Day
A-784,Source2,3,2016-06-21 14:16:46,2016-06-21 14:46:46,37.608707,-122.068192,,,0.0,Accident on I-880 Southbound at Exit 24 Whipple Rd.,Nimitz Fwy S,Union City,Alameda,CA,94587,US,US/Pacific,KHWD,2016-06-21 13:54:00,82.9,,26.0,30.03,10.0,WNW,11.5,,Clear,False,False,False,False,True,False,False,False,False,False,False,False,False,Day,Day,Day,Day
A-785,Source2,3,2016-06-21 14:17:32,2016-06-21 15:17:32,38.547523,-121.717918,,,0.0,Very slow traffic due to accident on I-80 Eastbound near Exit 73 Olive Dr.,I-80 E,Davis,Yolo,CA,95618,US,US/Pacific,KEDU,2016-06-21 14:15:00,93.2,,20.0,29.96,10.0,Calm,,,Clear,False,False,False,False,False,False,False,False,False,False,False,False,False,Day,Day,Day,Day
A-786,Source2,2,2016-06-21 14:41:50,2016-06-21 15:11:50,37.977779,-122.06575,,,0.0,Accident on Concord Ave at Contra Costa Blvd.,Contra Costa Blvd,Pleasant Hill,Contra Costa,CA,94523-1203,US,US/Pacific,KCCR,2016-06-21 14:53:00,98.1,,11.0,29.91,10.0,NW,11.5,,Clear,False,False,False,False,False,False,False,False,False,False,False,False,False,Day,Day,Day,Day
A-787,Source2,2,2016-06-21 14:34:20,2016-06-21 15:04:20,37.339455,-121.852043,,,0.0,Accident on US-101 Southbound at Exits 385A 385B I-680.,I-680 N,San Jose,Santa Clara,CA,95122,US,US/Pacific,KRHV,2016-06-21 14:55:00,93.2,,16.0,29.99,10.0,NW,15.0,,Clear,False,False,False,False,False,False,False,False,False,False,False,False,False,Day,Day,Day,Day
A-788,Source2,2,2016-06-21 14:49:07,2016-06-21 15:19:07,37.553684,-122.296257,,,0.0,Accident on US-101 Northbound at Exit 414B CA-92.,US-101 N,San Mateo,San Mateo,CA,94403,US,US/Pacific,KSQL,2016-06-21 14:50:00,84.2,,33.0,29.99,10.0,North,10.4,,Partly Cloudy,False,False,False,False,False,False,False,False,False,False,False,False,False,Day,Day,Day,Day
A-789,Source2,3,2016-06-21 14:57:48,2016-06-21 15:27:48,37.731983,-122.415413,,,0.0,Accident on I-280 Northbound at Exit 53 Alemany Blvd.,John F Foran Fwy,San Francisco,San Francisco,CA,94134,US,US/Pacific,KSFO,2016-06-21 14:56:00,71.1,,47.0,30.0,10.0,WNW,24.2,,Partly Cloudy,False,False,False,False,False,False,False,False,False,False,False,False,False,Day,Day,Day,Day
A-790,Source2,3,2016-06-21 14:53:08,2016-06-21 15:23:08,37.854485,-122.219765,,,0.0,Accident on CA-24 Westbound at Exit 6 Caldecott Ln.,CA-24 W,Oakland,Alameda,CA,94618,US,US/Pacific,KOAK,2016-06-21 14:53:00,77.0,,40.0,30.0,10.0,WNW,15.0,,Partly Cloudy,False,False,False,False,True,False,False,False,False,False,False,False,False,Day,Day,Day,Day
A-791,Source2,2,2016-06-21 14:51:55,2016-06-21 15:21:55,37.992588,-122.039635,,,0.0,Accident on CA-242 Southbound at Exit 2 Grant St.,CA-242 S,Concord,Contra Costa,CA,94520,US,US/Pacific,KCCR,2016-06-21 14:53:00,98.1,,11.0,29.91,10.0,NW,11.5,,Clear,False,False,False,False,False,False,False,False,False,False,False,False,False,Day,Day,Day,Day
A-792,Source2,2,2016-06-21 14:52:37,2016-06-21 15:37:37,38.58997,-121.26548,,,0.0,Slow traffic due to accident on White Rock Rd Eastbound at County Hwy-E2 Sunrise Blvd.,Sunrise Blvd,Rancho Cordova,Sacramento,CA,95742,US,US/Pacific,KMHR,2016-06-21 14:46:00,96.8,,17.0,29.93,10.0,NNW,10.4,,Clear,False,False,True,False,False,False,False,False,False,False,False,True,False,Day,Day,Day,Day
A-793,Source2,2,2016-06-21 15:09:59,2016-06-21 15:54:59,39.328636,-121.11116,,,0.0,Accident on CA-49 at Tyler Foote Rd.,State Highway 49,Nevada City,Nevada,CA,95959-9307,US,US/Pacific,KGOO,2016-06-21 15:05:00,87.8,,19.0,30.12,10.0,WSW,8.1,,Clear,False,False,False,False,False,False,False,False,False,True,False,False,False,Day,Day,Day,Day
A-794,Source2,2,2016-06-21 15:23:34,2016-06-21 16:08:34,38.481689,-121.396133,,,0.0,Accident on Gerber Rd at Reese Rd.,Reese Rd,Sacramento,Sacramento,CA,95828-3722,US,US/Pacific,KSAC,2016-06-21 15:53:00,97.0,,13.0,29.91,10.0,Variable,3.5,,Clear,False,False,False,False,False,False,False,False,False,False,False,False,False,Day,Day,Day,Day
A-795,Source2,3,2016-06-21 16:02:09,2016-06-21 16:32:09,37.462418,-122.144402,,,0.0,Accident on US-101 Southbound at Exit 403 Donohoe St.,Bayshore Fwy S,Palo Alto,San Mateo,CA,94303,US,US/Pacific,KPAO,2016-06-21 15:47:00,78.8,,51.0,29.97,30.0,NW,17.3,,Clear,False,False,False,False,True,False,False,False,False,False,False,False,False,Day,Day,Day,Day
A-796,Source2,3,2016-06-21 15:55:54,2016-06-21 16:25:54,38.404911,-121.912468,,,0.0,Accident on I-80 Westbound at Exit 59 Meridian Rd.,I-80 W,Vacaville,Solano,CA,95687,US,US/Pacific,KVCB,2016-06-21 15:53:00,99.0,,18.0,29.92,10.0,SSW,8.1,,Clear,False,False,False,False,True,False,False,False,False,False,False,False,False,Day,Day,Day,Day
A-797,Source2,2,2016-06-21 15:56:52,2016-06-21 16:56:52,38.744423,-121.247093,,,0.0,Slow traffic due to accident on Douglas Blvd Southbound near Eureka Rd.,Douglas Blvd,Roseville,Placer,CA,95661,US,US/Pacific,KMCC,2016-06-21 15:55:00,95.0,,12.0,29.92,10.0,NW,8.1,,Clear,False,False,True,False,False,False,False,False,False,False,False,True,False,Day,Day,Day,Day
A-798,Source2,2,2016-06-21 16:16:25,2016-06-21 17:01:25,38.203735,-121.556808,,,0.0,Accident on Isleton Rd at Andrus Island Rd.,Isleton Rd,Isleton,Sacramento,CA,95641-9701,US,US/Pacific,KSUU,2016-06-21 15:58:00,96.8,,17.0,29.91,10.0,SSW,10.4,,Clear,False,False,False,False,False,False,False,False,False,False,False,False,False,Day,Day,Day,Day
A-799,Source2,3,2016-06-21 16:47:53,2016-06-21 17:17:53,38.671062,-121.591881,,,0.0,Queueing traffic due to accident on I-5 Southbound at Exit 528 Airport Blvd.,CA-16 E,Sacramento,Sacramento,CA,95837,US,US/Pacific,KSMF,2016-06-21 16:53:00,97.0,,16.0,29.88,10.0,West,5.8,,Clear,False,False,False,False,False,False,False,False,False,False,False,False,False,Day,Day,Day,Day
A-800,Source2,2,2016-06-21 17:55:06,2016-06-21 18:25:06,38.566139,-121.336296,,,0.0,Accident on US-50 Westbound at Exit 13 Bradshaw Rd.,Bradshaw Rd,Sacramento,Sacramento,CA,95827,US,US/Pacific,KMHR,2016-06-21 17:45:00,98.6,,10.0,29.87,10.0,NNW,4.6,,Clear,False,False,False,False,False,False,False,False,False,False,False,False,False,Day,Day,Day,Day
A-801,Source2,2,2016-06-21 18:48:19,2016-06-21 19:18:19,38.846264,-121.299644,,,0.0,Lane blocked on exit ramp due to accident on CA-65 Northbound at Exit 313 Twelve Bridges Dr.,CA-65 N,Lincoln,Placer,CA,95648,US,US/Pacific,KLHM,2016-06-21 18:55:00,96.8,,11.0,29.86,10.0,WNW,3.5,,Clear,False,False,False,False,True,False,False,False,False,False,False,False,False,Day,Day,Day,Day
A-802,Source2,3,2016-06-21 18:58:58,2016-06-21 19:28:58,38.564201,-121.513878,,,0.0,Lane closed on exit ramp due to accident on I-5 Northbound at Exits 518 519A CA-99 CA-16.,I-5 N,Sacramento,Sacramento,CA,95818,US,US/Pacific,KSAC,2016-06-21 18:53:00,93.9,,23.0,29.87,10.0,SW,12.7,,Clear,False,False,False,False,True,False,False,False,False,False,False,False,False,Day,Day,Day,Day
A-803,Source2,2,2016-06-21 19:21:38,2016-06-21 20:06:38,38.682323,-120.847435,,,0.0,Accident on Pleasant Valley Rd at Hinman Aly.,Pleasant Valley Rd,El Dorado,El Dorado,CA,95623-4232,US,US/Pacific,KPVF,2016-06-21 19:15:00,86.0,,18.0,30.06,10.0,West,3.5,,Clear,False,False,True,False,False,False,False,False,False,False,False,False,False,Day,Day,Day,Day
A-804,Source2,2,2016-06-21 19:36:26,2016-06-21 20:06:26,37.923492,-122.513168,,,0.0,Accident on US-101 Northbound at Exits 449 449A Tamalpais Dr.,US-101 N,Corte Madera,Marin,CA,94925,US,US/Pacific,KDVO,2016-06-21 19:35:00,77.0,,32.0,29.94,,ESE,3.5,,Clear,False,False,False,False,True,False,False,False,False,False,False,False,False,Day,Day,Day,Day
A-805,Source2,3,2016-06-21 19:38:23,2016-06-21 20:08:23,37.692444,-122.140167,,,0.0,Accident on I-880 Southbound at Exit 31B Washington Ave.,I-880 N,San Leandro,Alameda,CA,94578,US,US/Pacific,KHWD,2016-06-21 19:54:00,66.0,,59.0,29.99,10.0,West,8.1,,Clear,False,False,False,False,False,False,False,False,False,False,False,False,False,Day,Day,Day,Day
A-806,Source2,3,2016-06-21 19:34:13,2016-06-21 20:04:13,37.804386,-121.989738,,,0.0,Accident on I-680 Northbound at Exit 36 Crow Canyon Rd.,I-680 N,Danville,Contra Costa,CA,94526,US,US/Pacific,KCCR,2016-06-21 19:53:00,84.0,,15.0,29.88,10.0,West,11.5,,Clear,False,False,False,False,False,False,False,False,True,False,False,False,False,Day,Day,Day,Day
A-807,Source2,2,2016-06-21 19:45:28,2016-06-21 20:15:28,37.252171,-121.95821399999998,,,0.0,Accident on CA-17 Southbound at Exits 21 22 Lark Ave.,CA-17 S,Los Gatos,Santa Clara,CA,95032,US,US/Pacific,KSJC,2016-06-21 19:53:00,73.0,,42.0,29.97,10.0,NW,12.7,,Clear,False,False,False,False,False,False,False,False,False,False,False,False,False,Day,Day,Day,Day
A-808,Source2,3,2016-06-21 19:46:41,2016-06-21 20:16:41,37.701649,-121.911278,,,0.0,Lane blocked due to accident on I-580 Eastbound at Exit 45 Hopyard Rd.,I-580 E,Pleasanton,Alameda,CA,94588,US,US/Pacific,KLVK,2016-06-21 19:53:00,80.1,,27.0,29.93,10.0,NW,9.2,,Clear,False,False,False,False,False,False,False,False,False,False,False,False,False,Day,Day,Day,Day
A-809,Source2,2,2016-06-21 20:03:18,2016-06-21 20:33:18,37.807072,-122.475616,,,0.0,Accident on US-101 Golden Gate Brg Southbound at Exit 439 Transit Transfer Facility.,Golden Gate Brg S,San Francisco,San Francisco,CA,94129,US,US/Pacific,KSFO,2016-06-21 19:56:00,61.0,,67.0,29.98,10.0,WNW,20.7,,Partly Cloudy,False,False,False,False,False,False,False,False,False,False,False,False,False,Day,Day,Day,Day
A-810,Source2,3,2016-06-21 20:02:45,2016-06-21 20:32:45,37.690559,-122.074669,,,0.0,Accident on I-580 Eastbound at Exit 36 Redwood Rd.,I-580 E,Castro Valley,Alameda,CA,94546,US,US/Pacific,KHWD,2016-06-21 19:54:00,66.0,,59.0,29.99,10.0,West,8.1,,Clear,False,False,False,False,False,False,True,False,True,False,False,False,False,Day,Day,Day,Day
A-811,Source2,3,2016-06-21 20:03:23,2016-06-21 20:48:23,37.766987,-121.335495,,,0.0,Two lanes blocked due to accident on I-205 Westbound at I-5.,I-205 W,Tracy,San Joaquin,CA,95304,US,US/Pacific,KSCK,2016-06-21 19:55:00,88.0,,24.0,29.89,10.0,West,15.0,,Clear,False,False,False,False,False,False,False,False,False,False,False,False,False,Day,Day,Day,Day
A-812,Source2,3,2016-06-21 20:19:38,2016-06-21 20:49:38,37.700043,-121.779655,,,0.0,Accident on I-580 Eastbound at Exit 51 Isabel Ave.,I-580 E,Livermore,Alameda,CA,94551,US,US/Pacific,KLVK,2016-06-21 19:53:00,80.1,,27.0,29.93,10.0,NW,9.2,,Clear,False,False,False,False,False,False,False,False,False,False,False,False,False,Day,Day,Day,Day
A-813,Source2,3,2016-06-21 20:38:09,2016-06-21 21:08:09,37.933292,-121.296669,,,0.0,Right hand shoulder blocked due to accident on I-5 Northbound at Exit 471 Charter Way.,I-5 N,Stockton,San Joaquin,CA,95206,US,US/Pacific,KSCK,2016-06-21 20:55:00,81.0,,31.0,29.9,10.0,WNW,6.9,,Clear,False,False,False,False,True,False,False,False,False,False,False,False,False,Night,Day,Day,Day
A-814,Source2,2,2016-06-21 20:48:42,2016-06-21 21:33:42,39.411289,-123.354477,,,0.0,Lane blocked due to accident on US-101 Main St Northbound at Mendocino Ave.,E Mendocino Ave,Willits,Mendocino,CA,95490-3554,US,US/Pacific,KUKI,2016-06-21 20:56:00,78.1,,32.0,29.94,10.0,North,9.2,,Clear,False,False,False,False,False,False,False,False,False,False,False,False,False,Night,Day,Day,Day
A-815,Source2,2,2016-06-21 21:18:10,2016-06-21 21:48:10,38.556145,-121.443192,,,0.0,Accident on US-50 Eastbound at Exit 7 Stockton Blvd.,El Dorado Fwy E,Sacramento,Sacramento,CA,95819,US,US/Pacific,KSAC,2016-06-21 20:53:00,80.1,,23.0,29.88,10.0,SSW,9.2,,Clear,False,False,False,False,True,False,False,False,False,False,False,False,False,Night,Night,Day,Day
A-816,Source2,3,2016-06-21 21:39:20,2016-06-21 22:09:20,38.74008900000001,-121.273468,,,0.0,Accident on I-80 Eastbound at Exits 103 103A 103B Sunrise Ave.,I-80 E,Roseville,Placer,CA,95661,US,US/Pacific,KMCC,2016-06-21 21:35:00,80.6,,23.0,29.89,10.0,SSW,9.2,,Clear,False,False,False,False,False,False,False,False,False,False,False,False,False,Night,Night,Day,Day
A-817,Source2,3,2016-06-21 21:42:40,2016-06-21 22:27:40,38.74008900000001,-121.273468,,,0.0,Accident on I-80 Eastbound at Exits 103 103A 103B Sunrise Ave.,I-80 E,Roseville,Placer,CA,95661,US,US/Pacific,KMCC,2016-06-21 21:35:00,80.6,,23.0,29.89,10.0,SSW,9.2,,Clear,False,False,False,False,False,False,False,False,False,False,False,False,False,Night,Night,Day,Day
A-818,Source2,2,2016-06-21 21:33:47,2016-06-21 22:18:47,38.74398400000001,-121.226074,,,0.0,Accident on County Hwy-E3 Sierra College Blvd at Douglas Blvd.,Douglas Blvd,Granite Bay,Placer,CA,95746,US,US/Pacific,KMCC,2016-06-21 21:35:00,80.6,,23.0,29.89,10.0,SSW,9.2,,Clear,False,False,True,False,False,False,False,False,False,False,False,True,False,Night,Night,Day,Day
A-819,Source2,2,2016-06-21 21:45:26,2016-06-21 22:15:26,38.477348,-122.73214,,,0.0,Accident on US-101 Northbound at Exit 492 Mendocino Ave.,US-101 N,Santa Rosa,Sonoma,CA,95403,US,US/Pacific,KSTS,2016-06-21 21:53:00,59.0,,69.0,29.92,8.0,South,4.6,,Clear,False,False,False,False,False,False,False,False,False,False,False,False,False,Night,Night,Day,Day
A-820,Source2,3,2016-06-21 22:01:11,2016-06-21 22:31:11,37.364136,-122.124481,,,0.0,Accident on I-280 Southbound at Exit 16 El Monte Rd.,I-280 S,Los Altos,Santa Clara,CA,94022,US,US/Pacific,KNUQ,2016-06-21 21:56:00,64.0,,73.0,30.01,10.0,North,10.4,,Clear,False,False,False,False,True,False,False,False,False,False,False,False,False,Night,Night,Night,Day
A-821,Source2,3,2016-06-21 22:02:04,2016-06-21 22:32:04,37.314922,-121.910576,,,0.0,Accident on I-280 Northbound at Exits 4 5A Parkmoor Ave.,Sinclair Fwy N,San Jose,Santa Clara,CA,95126,US,US/Pacific,KSJC,2016-06-21 21:53:00,64.9,,63.0,29.99,10.0,WNW,5.8,,Clear,False,False,False,False,False,False,False,False,False,False,False,False,False,Night,Night,Night,Day
A-822,Source2,2,2016-06-21 22:26:36,2016-06-21 22:56:36,37.955566,-122.370888,,,0.0,Accident on Martin Dr Eastbound at Ellison Ln.,Martin Dr,Richmond,Contra Costa,CA,94801-1702,US,US/Pacific,KCCR,2016-06-21 22:53:00,72.0,,38.0,29.89,10.0,SSW,10.4,,Clear,False,False,False,False,False,False,False,False,False,False,False,False,False,Night,Night,Night,Day
A-823,Source2,3,2016-06-21 22:55:09,2016-06-21 23:25:09,38.501938,-121.789146,,,0.0,Accident on I-80 Eastbound at Exit 69 Kidwell Rd.,CA-113 N,Dixon,Solano,CA,95620,US,US/Pacific,KEDU,2016-06-21 22:55:00,69.8,,40.0,29.89,10.0,South,4.6,,Clear,False,False,False,False,True,False,False,False,False,False,False,False,False,Night,Night,Night,Night
A-824,Source2,2,2016-06-21 23:46:57,2016-06-22 00:31:57,38.714298,-121.540237,,,0.0,Accident on CA-99 El Centro Blvd Southbound at Exit 309 Elverta Rd.,W Elverta Rd,Sacramento,Sacramento,CA,95836,US,US/Pacific,KSMF,2016-06-21 23:53:00,71.1,,41.0,29.87,10.0,SE,9.2,,Clear,False,False,False,False,False,False,False,False,False,False,False,False,False,Night,Night,Night,Night
A-825,Source2,3,2016-06-22 00:29:47,2016-06-22 00:59:47,37.69278,-122.101685,,,0.0,Two lanes blocked due to accident on I-580 Westbound at Exits 34 35 I-238. On the median.,I-580 W,Hayward,Alameda,CA,94541,US,US/Pacific,KHWD,2016-06-22 00:54:00,59.0,,72.0,30.02,10.0,West,8.1,,Clear,False,False,False,False,False,False,False,False,False,False,False,False,False,Night,Night,Night,Night
A-826,Source2,2,2016-06-22 00:29:20,2016-06-22 01:30:00,39.267353,-121.02877,,,0.0,Single alternate line traffic due to serious accident on CA-49 Southbound at Broad St.,State Highway 49,Nevada City,Nevada,CA,95959,US,US/Pacific,KGOO,2016-06-22 00:25:00,73.4,,23.0,30.08,10.0,Calm,,,Clear,False,False,False,False,False,False,False,False,False,False,False,False,False,Night,Night,Night,Night
A-827,Source2,2,2016-06-22 00:40:26,2016-06-22 01:10:26,39.098984,-122.804314,,,0.0,Accident on CA-20 at Foothill Dr.,Foothill Dr,Nice,Lake,CA,95464,US,US/Pacific,KUKI,2016-06-22 00:56:00,64.0,,54.0,29.94,10.0,Calm,,,Clear,False,False,False,False,False,False,False,False,False,False,False,False,False,Night,Night,Night,Night
A-828,Source2,3,2016-06-22 01:24:26,2016-06-22 02:24:26,37.785709,-122.244514,,,0.0,Lane blocked due to accident on I-880 Southbound at Exit 40 16th Ave.,Nimitz Fwy S,Oakland,Alameda,CA,94606,US,US/Pacific,KOAK,2016-06-22 01:53:00,57.9,,75.0,29.99,10.0,West,6.9,,Partly Cloudy,False,False,False,False,False,False,False,False,False,False,False,False,False,Night,Night,Night,Night
A-829,Source2,2,2016-06-22 01:23:44,2016-06-22 02:23:44,37.996063,-121.785194,,,0.0,Right hand shoulder blocked due to accident on CA-4 Eastbound at Exit 29 Hillcrest Ave.,CA-4 E,Antioch,Contra Costa,CA,94509,US,US/Pacific,KCCR,2016-06-22 01:53:00,62.1,,60.0,29.89,10.0,South,16.1,,Clear,False,False,False,False,False,False,False,False,False,False,False,False,False,Night,Night,Night,Night
A-830,Source2,2,2016-06-22 01:59:16,2016-06-22 02:59:16,38.558533,-122.447746,,,0.0,Lane blocked due to accident on Howell Mountain Rd both ways at Falls Rd.,Howell Mountain Rd S,Angwin,Napa,CA,94508-9650,US,US/Pacific,KSTS,2016-06-22 01:53:00,52.0,,86.0,29.92,7.0,Calm,,,Clear,False,False,True,False,False,False,False,False,False,False,False,False,False,Night,Night,Night,Night
A-831,Source2,3,2016-06-22 02:01:25,2016-06-22 03:01:25,37.926357,-122.060768,,,0.0,Right hand shoulder blocked due to accident on I-680 Northbound at Exit 48 Sunnyvale Ave.,I-680 S,Walnut Creek,Contra Costa,CA,94597,US,US/Pacific,KCCR,2016-06-22 01:53:00,62.1,,60.0,29.89,10.0,South,16.1,,Clear,False,False,False,False,False,False,False,False,False,False,False,False,False,Night,Night,Night,Night
A-832,Source2,3,2016-06-22 02:43:31,2016-06-22 03:43:31,37.352432,-121.837746,,,0.0,Right lane blocked due to accident and vehicles spun around on I-680 Northbound at Exits 1B 1C Jackson Ave.,I-680 N,San Jose,Santa Clara,CA,95116,US,US/Pacific,KRHV,2016-06-22 07:47:00,64.4,,64.0,30.02,10.0,Variable,5.8,,Clear,False,False,False,False,False,False,False,False,False,False,False,False,False,Night,Night,Night,Night
A-833,Source2,2,2016-06-22 03:46:12,2016-06-22 04:46:12,37.301517,-121.876823,,,0.0,Right hand shoulder blocked due to accident on CA-87 Guadalupe Fwy Southbound at County Hwy-G8 Almaden Expy.,Almaden Expy,San Jose,Santa Clara,CA,95125,US,US/Pacific,KSJC,2016-06-22 03:53:00,59.0,,78.0,29.97,10.0,NW,3.5,,Clear,False,False,False,False,False,False,False,False,False,False,False,False,False,Night,Night,Night,Night
A-834,Source2,3,2016-06-22 04:31:35,2016-06-22 05:31:35,37.808498,-122.366852,,,0.0,One lane blocked due to accident on I-80 Eastbound at Exit 4A Treasure Is.,San Francisco-Oakland Bay Brg E,San Francisco,San Francisco,CA,94130,US,US/Pacific,KOAK,2016-06-22 04:53:00,55.9,,80.0,29.98,10.0,WNW,10.4,,Mostly Cloudy,False,False,False,False,False,False,False,False,False,True,False,False,False,Night,Night,Night,Day
A-835,Source2,2,2016-06-22 05:53:46,2016-06-22 06:38:46,37.674477,-122.100662,,,0.0,Accident on Princeton St both ways at Bianca Ln.,Princeton St,Hayward,Alameda,CA,94541-3811,US,US/Pacific,KHWD,2016-06-22 05:54:00,57.0,,74.0,30.01,8.0,West,8.1,,Partly Cloudy,False,False,True,False,False,False,False,False,False,False,False,False,False,Day,Day,Day,Day
A-836,Source2,3,2016-06-22 05:45:14,2016-06-22 06:30:14,37.549904,-122.025429,,,0.0,Accident on I-880 Southbound at Exit 19 CA-84 Thornton Ave.,Nimitz Fwy S,Newark,Alameda,CA,94560,US,US/Pacific,KPAO,2016-06-22 06:47:00,57.2,,88.0,29.99,8.0,Calm,,,Haze,False,False,False,False,False,False,False,False,False,False,False,False,False,Night,Day,Day,Day
A-837,Source2,2,2016-06-22 06:46:30,2016-06-22 07:28:00,38.176636,-122.594177,,,0.0,Right hand shoulder blocked due to accident on US-101 Redwood Hwy Southbound at US-101 Redwood Hwy.,Redwood Hwy S,Novato,Marin,CA,94945,US,US/Pacific,KDVO,2016-06-22 06:55:00,50.0,,94.0,29.98,5.0,Calm,,,Clear,False,False,False,False,False,False,False,False,False,False,False,False,False,Day,Day,Day,Day
A-838,Source2,2,2016-06-22 06:40:26,2016-06-22 07:25:26,37.590557,-122.36186200000002,,,0.0,Shoulder blocked on exit ramp due to accident on US-101 Northbound at Exits 419A 419B Bayshore Hwy.,US-101 N,Burlingame,San Mateo,CA,94010,US,US/Pacific,KSFO,2016-06-22 06:56:00,55.9,,80.0,30.0,10.0,West,10.4,,Partly Cloudy,False,False,False,False,False,False,False,False,False,False,False,False,False,Day,Day,Day,Day
A-839,Source2,3,2016-06-22 07:07:21,2016-06-22 07:52:21,38.606236,-121.508064,,,0.0,Right hand shoulder blocked due to accident on I-5 Southbound at Exits 521 521A Garden Hwy.,Garden Hwy,Sacramento,Sacramento,CA,95833,US,US/Pacific,KMCC,2016-06-22 07:15:00,64.4,,56.0,29.92,7.0,SSE,12.7,,Clear,False,False,False,False,False,False,False,False,False,False,False,False,False,Day,Day,Day,Day
A-840,Source2,3,2016-06-22 08:01:02,2016-06-22 08:46:36,37.57436,-121.88523899999998,,,0.0,#6 lane blocked and right hand shoulder blocked due to accident on I-680 Southbound after Exit 20 Andrade Rd.,Andrade Rd,Sunol,Alameda,CA,94586,US,US/Pacific,KLVK,2016-06-22 07:53:00,62.1,,65.0,29.97,10.0,WNW,8.1,,Clear,False,False,False,False,False,False,False,False,False,False,False,False,False,Day,Day,Day,Day
A-841,Source2,2,2016-06-22 08:43:06,2016-06-22 09:28:06,38.692123,-120.886917,,,0.0,Fuel spillage on Greenstone Rd at Studebaker Rd.,Greenstone Rd,Placerville,El Dorado,CA,95667-8245,US,US/Pacific,KPVF,2016-06-22 08:35:00,77.0,,24.0,30.03,10.0,SE,6.9,,Clear,False,False,False,False,False,False,False,False,False,False,False,False,False,Day,Day,Day,Day
A-842,Source2,3,2016-06-22 09:11:07,2016-06-22 09:41:07,38.242306,-122.08654,,,0.0,Right hand shoulder blocked due to accident on I-80 Westbound near Exits 43 44A Abernathy Rd.,Abernathy Rd,Fairfield,Solano,CA,94534,US,US/Pacific,KAPC,2016-06-22 08:54:00,62.1,,70.0,29.96,10.0,WSW,10.4,,Clear,False,False,False,False,False,False,False,False,False,False,False,False,False,Day,Day,Day,Day
A-843,Source2,2,2016-06-22 09:16:22,2016-06-22 09:46:22,37.036915,-122.042366,,,0.0,Accident on Graham Hill Rd at Lockewood Ln.,Graham Hill Rd,Scotts Valley,Santa Cruz,CA,95066-4304,US,US/Pacific,KWVI,2016-06-22 09:14:00,57.0,,87.0,30.03,8.0,Calm,,,Overcast,False,False,True,False,False,False,False,False,False,False,False,True,False,Day,Day,Day,Day
A-844,Source2,3,2016-06-22 09:12:40,2016-06-22 09:42:40,37.708939,-121.723686,,,0.0,Left lane blocked due to accident on I-580 Eastbound after Exit 55 Vasco Rd.,I-580 E,Livermore,Alameda,CA,94551,US,US/Pacific,KLVK,2016-06-22 08:53:00,66.0,,56.0,29.97,10.0,WNW,8.1,,Clear,False,False,False,False,False,False,False,False,False,False,False,False,False,Day,Day,Day,Day
A-845,Source2,2,2016-06-22 09:26:11,2016-06-22 10:11:11,38.094425,-120.944992,,,0.0,One lane blocked due to accident on CA-26 at Wimer Rd.,N Wimer Rd,Linden,San Joaquin,CA,95236-9425,US,US/Pacific,KSCK,2016-06-22 09:55:00,80.1,,32.0,29.93,10.0,WNW,4.6,,Clear,False,False,False,False,False,False,False,False,False,False,False,False,False,Day,Day,Day,Day
A-846,Source2,2,2016-06-22 09:47:26,2016-06-22 10:17:26,37.359665,-121.995987,,,0.0,Accident on Cabrillo Ave at County Hwy-G2 Lawrence Expy.,Cabrillo Ave,Santa Clara,Santa Clara,CA,95051,US,US/Pacific,KSJC,2016-06-22 09:53:00,70.0,,53.0,30.0,10.0,NW,6.9,,Clear,False,False,True,True,False,False,False,False,False,False,False,True,False,Day,Day,Day,Day
A-847,Source2,3,2016-06-22 10:03:15,2016-06-22 10:33:15,37.986759,-122.31488,,,0.0,#2 &amp; #3 lane blocked due to accident on I-80 Westbound at I-80 Exit 20 / Richmond Pkwy.,Richmond Pkwy,San Pablo,Contra Costa,CA,94806,US,US/Pacific,KCCR,2016-06-22 09:53:00,72.0,,43.0,29.92,10.0,SSW,12.7,,Clear,False,False,False,False,False,False,False,False,False,False,False,True,False,Day,Day,Day,Day
A-848,Source2,3,2016-06-22 10:04:15,2016-06-22 10:34:15,37.997124,-122.286018,,,0.0,Middle lane blocked due to accident on I-80 Westbound before Exit 22 Pinole Valley Rd.,Pinole Valley Rd,Pinole,Contra Costa,CA,94564,US,US/Pacific,KCCR,2016-06-22 09:53:00,72.0,,43.0,29.92,10.0,SSW,12.7,,Clear,False,False,False,False,False,False,False,False,False,False,False,False,False,Day,Day,Day,Day
A-849,Source2,2,2016-06-22 10:08:16,2016-06-22 10:38:16,37.488846,-122.212852,,,0.0,Right hand shoulder blocked due to accident on CA-84 Woodside Rd Northbound before Exit 408 / CA-84 Woodside Rd.,Woodside Rd,Redwood City,San Mateo,CA,94063,US,US/Pacific,KSQL,2016-06-22 09:47:00,66.2,,52.0,30.01,10.0,West,10.4,,Partly Cloudy,False,False,False,False,False,False,False,False,False,False,False,False,False,Day,Day,Day,Day
A-850,Source2,2,2016-06-22 10:11:14,2016-06-22 10:56:14,38.578747,-121.307381,,,0.0,Accident on US-50 Eastbound at Exit 15 Mather Field Rd.,US-50 E,Rancho Cordova,Sacramento,CA,95670,US,US/Pacific,KMHR,2016-06-22 09:45:00,73.4,,41.0,29.93,10.0,SSW,5.8,,Clear,False,False,False,False,False,False,False,False,False,False,False,False,False,Day,Day,Day,Day
A-851,Source2,3,2016-06-22 10:21:08,2016-06-22 10:51:08,37.598789,-122.060852,,,0.0,Right hand shoulder blocked due to accident on I-880 Southbound at Exit 23 Alvarado Niles Rd.,Alvarado Niles Rd,Union City,Alameda,CA,94587,US,US/Pacific,KHWD,2016-06-22 09:54:00,61.0,,64.0,30.05,10.0,WNW,12.7,,Partly Cloudy,False,False,False,False,False,False,False,False,False,False,False,False,False,Day,Day,Day,Day
A-852,Source2,2,2016-06-22 10:18:36,2016-06-22 10:48:36,38.005135,-122.037445,,,0.0,Accident on CA-4 Eastbound near CA-242.,CA-4 E,Concord,Contra Costa,CA,94520,US,US/Pacific,KCCR,2016-06-22 09:53:00,72.0,,43.0,29.92,10.0,SSW,12.7,,Clear,False,False,False,False,False,False,False,False,False,False,False,False,False,Day,Day,Day,Day
A-853,Source2,3,2016-06-22 10:14:58,2016-06-22 10:44:58,37.701225,-121.92247,,,0.0,Accident on I-580 Westbound near I-680.,I-580 W,Dublin,Alameda,CA,94568,US,US/Pacific,KLVK,2016-06-22 09:53:00,70.0,,49.0,29.97,10.0,WNW,6.9,,Clear,False,False,False,False,False,False,False,False,False,False,False,False,False,Day,Day,Day,Day
A-854,Source2,3,2016-06-22 10:17:01,2016-06-22 11:02:01,38.686363,-121.33287,,,0.0,#1 &amp; #2 lane blocked due to accident on I-80 Westbound at Greenback Ln.,I-80 W,Sacramento,Sacramento,CA,95841,US,US/Pacific,KMCC,2016-06-22 10:15:00,75.2,,38.0,29.94,7.0,South,9.2,,Clear,False,False,False,False,False,False,False,False,False,False,False,False,False,Day,Day,Day,Day
A-855,Source2,2,2016-06-22 10:26:47,2016-06-22 10:56:47,37.506924,-122.341293,,,0.0,Slow lane blocked due to accident on CA-92 Half Moon Bay Rd Eastbound at Canada Rd.,Canada Rd,Redwood City,San Mateo,CA,94062,US,US/Pacific,KSQL,2016-06-22 10:47:00,66.2,,52.0,30.02,10.0,West,13.8,,Partly Cloudy,False,False,False,False,False,False,False,False,False,False,False,True,False,Day,Day,Day,Day
A-856,Source2,2,2016-06-22 10:22:06,2016-06-22 10:52:06,36.666836,-121.684853,,,0.0,Accident on Blanco Rd at Davis Rd.,W Blanco Rd,Salinas,Monterey,CA,93901,US,US/Pacific,KSNS,2016-06-22 09:53:00,64.0,,63.0,30.04,8.0,Variable,6.9,,Clear,False,False,False,False,False,False,False,False,False,False,False,True,False,Day,Day,Day,Day
A-857,Source2,3,2016-06-22 10:33:41,2016-06-22 11:03:41,37.798454,-122.274803,,,0.0,Accident on I-880 Northbound at Broadway.,I-880 S,Oakland,Alameda,CA,94607,US,US/Pacific,KOAK,2016-06-22 10:53:00,61.0,,70.0,30.03,10.0,Variable,6.9,,Mostly Cloudy,False,False,True,False,False,False,False,False,False,False,False,True,False,Day,Day,Day,Day
A-858,Source2,3,2016-06-22 10:49:43,2016-06-22 11:19:43,38.522472,-121.521584,,,0.0,Right hand shoulder blocked due to accident on I-5 Northbound at Exit 515 Seamas Ave.,I-5 N,Sacramento,Sacramento,CA,95822,US,US/Pacific,KSAC,2016-06-22 10:53:00,77.0,,43.0,29.93,10.0,SW,6.9,,Clear,False,False,False,False,True,False,False,False,False,False,False,False,False,Day,Day,Day,Day
A-859,Source2,2,2016-06-22 11:00:11,2016-06-22 11:30:11,38.069008,-122.53876499999998,,,0.0,Right hand shoulder blocked due to accident on US-101 Redwood Hwy Southbound at Ignacio Blvd.,US-101 S,Novato,Marin,CA,94949,US,US/Pacific,KDVO,2016-06-22 10:55:00,69.8,,53.0,29.98,,SW,8.1,,Clear,False,False,False,False,False,False,False,False,False,False,False,False,False,Day,Day,Day,Day
A-860,Source2,2,2016-06-22 11:02:15,2016-06-22 11:32:15,38.149895,-122.451241,,,0.0,Slow lane blocked due to accident on CA-37 Sears Point Rd Westbound at CA-121 Arnold Dr.,Sears Point Rd,Petaluma,Sonoma,CA,94954,US,US/Pacific,KO69,2016-06-22 10:55:00,68.0,,52.0,30.0,9.0,WNW,6.9,,Clear,False,False,False,False,False,False,False,False,False,False,False,False,False,Day,Day,Day,Day
A-861,Source2,3,2016-06-22 10:53:26,2016-06-22 11:23:26,37.910786,-122.31713899999998,,,0.0,Middle lane blocked due to accident on I-80 Westbound at Exit 14B Carlson Blvd.,I-80 E,Richmond,Contra Costa,CA,94804,US,US/Pacific,KCCR,2016-06-22 10:53:00,75.0,,40.0,29.92,10.0,SSW,16.1,,Clear,False,False,True,False,False,False,False,False,False,False,False,True,False,Day,Day,Day,Day
A-862,Source2,2,2016-06-22 10:54:18,2016-06-22 11:24:18,37.861332,-122.210243,,,0.0,Gore point obstructed due to accident on CA-24 Westbound after Exit 7A / Fish Ranch Rd.,Fish Ranch Rd,Orinda,Contra Costa,CA,94563,US,US/Pacific,KCCR,2016-06-22 10:53:00,75.0,,40.0,29.92,10.0,SSW,16.1,,Clear,False,False,False,False,False,False,False,False,False,False,False,False,False,Day,Day,Day,Day
A-863,Source2,2,2016-06-22 10:58:22,2016-06-22 11:28:22,36.992775,-121.957268,,,0.0,Accident on Old San Jose Rd at Oneill Ln.,Old San Jose Rd,Soquel,Santa Cruz,CA,95073,US,US/Pacific,KWVI,2016-06-22 10:53:00,66.9,,63.0,30.03,10.0,SE,4.6,,Clear,False,False,True,False,False,False,False,False,False,False,False,True,False,Day,Day,Day,Day
A-864,Source2,2,2016-06-22 10:57:43,2016-06-22 11:27:43,36.609657,-121.898407,,,0.0,Accident on Lighthouse Ave at Reeside Ave.,Reeside Ave,Monterey,Monterey,CA,93940-1809,US,US/Pacific,KMRY,2016-06-22 10:54:00,57.9,,78.0,30.1,8.0,West,10.4,,Scattered Clouds,True,False,True,False,False,False,False,False,True,False,False,True,False,Day,Day,Day,Day
A-865,Source2,3,2016-06-22 10:52:25,2016-06-22 11:22:25,37.700855,-121.81778,,,0.0,Right hand shoulder blocked due to accident on I-580 Westbound after Airway Blvd.,Airway Blvd,Livermore,Alameda,CA,94551,US,US/Pacific,KLVK,2016-06-22 10:53:00,75.0,,41.0,29.97,10.0,WNW,10.4,,Clear,False,False,False,False,False,False,False,False,False,False,False,False,False,Day,Day,Day,Day
A-866,Source2,2,2016-06-22 10:57:10,2016-06-22 11:27:10,36.676228,-121.701744,,,0.0,Accident on Blanco Rd at Hitchcock Rd.,W Blanco Rd,Salinas,Monterey,CA,93908-9235,US,US/Pacific,KSNS,2016-06-22 10:53:00,63.0,,67.0,30.05,9.0,West,15.0,,Clear,False,False,False,False,False,False,False,False,False,False,False,False,False,Day,Day,Day,Day
A-867,Source2,3,2016-06-22 11:04:27,2016-06-22 11:34:27,38.100746,-122.229858,,,0.0,Accident on I-80 Eastbound near Georgia St.,Georgia St,Vallejo,Solano,CA,94590,US,US/Pacific,KAPC,2016-06-22 10:54:00,69.1,,57.0,29.95,10.0,SSW,13.8,,Clear,False,False,False,False,False,False,False,False,False,False,False,False,False,Day,Day,Day,Day
A-868,Source2,3,2016-06-22 11:05:21,2016-06-22 11:35:21,37.495384,-121.923294,,,0.0,Right hand shoulder blocked and slow lane blocked due to accident on I-680 Southbound before Mission Blvd.,I-680 S,Fremont,Alameda,CA,94539,US,US/Pacific,KNUQ,2016-06-22 10:56:00,66.9,,63.0,30.03,10.0,North,9.2,,Clear,False,False,False,False,True,False,False,False,False,False,False,False,False,Day,Day,Day,Day
A-869,Source2,3,2016-06-22 11:03:22,2016-06-22 11:33:22,37.434715,-121.888161,,,0.0,#3 &amp; #4 lane blocked due to accident on I-680 Southbound before Exit 8 / CA-237.,E Calaveras Blvd,Milpitas,Santa Clara,CA,95035,US,US/Pacific,KSJC,2016-06-22 10:53:00,72.0,,49.0,30.01,10.0,WNW,6.9,,Clear,False,False,False,False,True,False,False,False,False,False,False,False,False,Day,Day,Day,Day
A-870,Source2,3,2016-06-22 11:11:09,2016-06-22 11:41:09,37.588905,-121.870926,,,0.0,Accident and spillage on I-680 Southbound after CA-84 Calaveras Rd.,I-680 S,Sunol,Alameda,CA,94586,US,US/Pacific,KLVK,2016-06-22 10:53:00,75.0,,41.0,29.97,10.0,WNW,10.4,,Clear,False,False,False,False,False,False,False,False,False,False,False,False,False,Day,Day,Day,Day
A-871,Source2,3,2016-06-22 11:21:36,2016-06-22 11:51:36,38.022526,-122.262299,,,0.0,Right hand shoulder blocked due to accident on I-80 Westbound near Exit 24 Willow Ave.,I-80 E,Hercules,Contra Costa,CA,94547,US,US/Pacific,KCCR,2016-06-22 10:53:00,75.0,,40.0,29.92,10.0,SSW,16.1,,Clear,False,False,False,False,False,False,False,False,False,False,False,False,False,Day,Day,Day,Day
A-872,Source2,3,2016-06-22 11:19:53,2016-06-22 11:49:53,37.740906,-122.196472,,,0.0,Right hand shoulder blocked due to accident on I-880 Northbound at Exit 36 / Hegenberger Rd / Edes Ave.,I-880 N,Oakland,Alameda,CA,94621,US,US/Pacific,KOAK,2016-06-22 11:10:00,62.1,,67.0,30.03,10.0,West,8.1,,Scattered Clouds,False,False,False,False,True,False,False,False,False,False,False,False,False,Day,Day,Day,Day
A-873,Source2,3,2016-06-22 11:18:40,2016-06-22 11:48:40,38.02545900000001,-122.112236,,,0.0,Right hand shoulder blocked due to accident on I-680 Southbound before Exit 56 / Marina Vista Ave.,I-680 S,Martinez,Contra Costa,CA,94553,US,US/Pacific,KCCR,2016-06-22 10:53:00,75.0,,40.0,29.92,10.0,SSW,16.1,,Clear,False,False,False,False,False,False,False,False,False,False,False,False,False,Day,Day,Day,Day
A-874,Source2,3,2016-06-22 11:24:04,2016-06-22 11:54:04,37.605614,-121.872658,,,0.0,Accident on I-680 Southbound at Exit 22 Koopman Rd.,I-680 S,Sunol,Alameda,CA,94586,US,US/Pacific,KLVK,2016-06-22 11:53:00,78.1,,37.0,29.97,10.0,NW,9.2,,Clear,False,False,False,False,True,False,False,False,False,False,False,False,False,Day,Day,Day,Day
A-875,Source2,2,2016-06-22 11:13:07,2016-06-22 11:43:07,36.624298,-121.841774,,,0.0,Accident on CA-1 Southbound at Fremont Blvd.,California Ave,Seaside,Monterey,CA,93955,US,US/Pacific,KMRY,2016-06-22 11:01:00,57.9,,78.0,30.06,8.0,WNW,11.5,,Overcast,False,False,False,False,False,False,False,False,False,False,False,False,False,Day,Day,Day,Day
A-876,Source2,2,2016-06-22 11:23:11,2016-06-22 11:53:11,37.318287,-121.831551,,,0.0,HOV lane blocked due to accident on US-101 Northbound before Exit 383 Tully Rd.,Bayshore Fwy S,San Jose,Santa Clara,CA,95121,US,US/Pacific,KRHV,2016-06-22 11:50:00,77.0,,41.0,30.02,10.0,WNW,16.1,,Clear,False,False,False,False,False,False,False,False,False,False,False,False,False,Day,Day,Day,Day
A-877,Source2,2,2016-06-22 11:19:52,2016-06-22 12:04:52,38.510151,-121.459702,,,0.0,Accident on CA-99 Northbound at Exits 294A 294B 47th Ave.,CA-99 N,Sacramento,Sacramento,CA,95823,US,US/Pacific,KSAC,2016-06-22 10:53:00,77.0,,43.0,29.93,10.0,SW,6.9,,Clear,False,False,False,False,True,False,False,False,False,False,False,False,False,Day,Day,Day,Day
A-878,Source2,3,2016-06-22 11:17:24,2016-06-22 12:02:24,38.644184,-121.38831299999998,,,0.0,Accident on I-80 Eastbound at Exits 94A 94B Watt Ave.,I-80 E,Sacramento,Sacramento,CA,95821,US,US/Pacific,KMCC,2016-06-22 11:15:00,80.6,,32.0,29.94,8.0,South,8.1,,Clear,False,False,False,False,False,False,False,False,False,False,False,False,False,Day,Day,Day,Day
A-879,Source2,2,2016-06-22 11:24:03,2016-06-22 12:09:03,38.559532,-121.373085,,,0.0,Accident on US-50 Westbound at Exit 11 Watt Ave.,El Dorado Fwy W,Sacramento,Sacramento,CA,95826,US,US/Pacific,KMHR,2016-06-22 11:46:00,82.4,,32.0,29.93,10.0,SSW,5.8,,Clear,False,False,False,False,False,False,False,False,False,False,False,False,False,Day,Day,Day,Day
A-880,Source2,3,2016-06-22 11:26:59,2016-06-22 11:56:59,37.74055900000001,-121.58578500000002,,,0.0,Right hand shoulder blocked due to accident on I-580 Westbound at Exit 63 Grant Line Rd.,I-580 W,Tracy,Alameda,CA,95377,US,US/Pacific,KLVK,2016-06-22 11:53:00,78.1,,37.0,29.97,10.0,NW,9.2,,Clear,False,False,False,False,False,False,False,False,False,False,False,False,False,Day,Day,Day,Day
A-881,Source2,3,2016-06-22 11:45:37,2016-06-22 12:15:37,37.997124,-122.286018,,,0.0,Accident on I-80 Westbound at Exit 22 Pinole Valley Rd.,Pinole Valley Rd,Pinole,Contra Costa,CA,94564,US,US/Pacific,KCCR,2016-06-22 11:53:00,78.1,,35.0,29.92,10.0,SSW,17.3,,Clear,False,False,False,False,False,False,False,False,False,False,False,False,False,Day,Day,Day,Day
A-882,Source2,2,2016-06-22 11:40:37,2016-06-22 12:10:37,37.337513,-122.059784,,,0.0,Right hand shoulder blocked due to accident on CA-85 Southbound at Exits 19A 19B / Homestead Rd.,Homestead Rd,Cupertino,Santa Clara,CA,95014,US,US/Pacific,KNUQ,2016-06-22 11:56:00,69.1,,58.0,30.03,10.0,North,10.4,,Clear,False,False,False,False,False,False,False,False,False,False,False,False,False,Day,Day,Day,Day
A-883,Source2,2,2016-06-22 12:09:08,2016-06-22 12:39:08,37.276817,-122.007233,,,0.0,Right hand shoulder blocked due to accident on CA-85 Northbound after Exit 14 Saratoga Ave.,Norman Y Mineta Hwy,Saratoga,Santa Clara,CA,95070,US,US/Pacific,KSJC,2016-06-22 11:53:00,72.0,,53.0,30.01,10.0,WNW,10.4,,Clear,False,False,False,False,False,False,False,False,False,False,False,False,False,Day,Day,Day,Day
A-884,Source2,2,2016-06-22 12:04:35,2016-06-22 12:49:35,38.494873,-121.45028700000002,,,0.0,Accident on East Pkwy at Florin Rd.,East Pkwy,Sacramento,Sacramento,CA,95823-3131,US,US/Pacific,KSAC,2016-06-22 11:53:00,81.0,,38.0,29.93,10.0,Variable,5.8,,Clear,False,False,False,False,False,False,False,False,False,False,False,False,False,Day,Day,Day,Day
A-885,Source2,2,2016-06-22 12:03:52,2016-06-22 12:48:52,38.409306,-121.35331,,,0.0,Accident on Waterman Rd at Elk Grove Blvd.,Elk Grove Blvd,Elk Grove,Sacramento,CA,95624-2101,US,US/Pacific,KSAC,2016-06-22 11:53:00,81.0,,38.0,29.93,10.0,Variable,5.8,,Clear,False,False,False,False,False,False,False,False,False,False,False,False,False,Day,Day,Day,Day
A-886,Source2,3,2016-06-22 12:24:23,2016-06-22 12:54:23,37.89658,-122.071281,,,0.0,Right hand shoulder blocked due to accident on I-680 Southbound at CA-24.,Mt Diablo Blvd,Walnut Creek,Contra Costa,CA,94597,US,US/Pacific,KCCR,2016-06-22 12:53:00,81.0,,30.0,29.91,10.0,South,15.0,,Clear,False,False,True,False,False,False,False,False,False,False,False,True,False,Day,Day,Day,Day
A-887,Source2,2,2016-06-22 12:22:52,2016-06-22 13:07:52,37.955479,-121.324814,,,0.0,Accident on Carlton Ave near Fremont St.,Carlton Ave,Stockton,San Joaquin,CA,95203-1941,US,US/Pacific,KSCK,2016-06-22 11:55:00,88.0,,21.0,29.93,10.0,West,11.5,,Clear,False,False,False,False,False,False,False,False,False,False,False,False,False,Day,Day,Day,Day
A-888,Source2,3,2016-06-22 12:42:09,2016-06-22 13:12:09,38.022526,-122.262299,,,0.0,Accident on I-80 Westbound at Exit 24 Willow Ave.,I-80 E,Hercules,Contra Costa,CA,94547,US,US/Pacific,KCCR,2016-06-22 12:53:00,81.0,,30.0,29.91,10.0,South,15.0,,Clear,False,False,False,False,False,False,False,False,False,False,False,False,False,Day,Day,Day,Day
A-889,Source2,3,2016-06-22 12:29:21,2016-06-22 12:59:21,37.687485,-122.133484,,,0.0,Right hand shoulder blocked due to accident on I-238 Northbound at I-880.,Nimitz Fwy S,San Leandro,Alameda,CA,94579,US,US/Pacific,KHWD,2016-06-22 12:54:00,64.0,,60.0,30.05,10.0,West,11.5,,Clear,False,False,False,False,False,False,False,False,False,False,False,False,False,Day,Day,Day,Day
A-890,Source2,3,2016-06-22 12:41:12,2016-06-22 13:11:12,37.334255,-122.032471,,,0.0,#1 lane blocked due to accident on I-280 Northbound at Exit 11 De Anza Blvd.,N De Anza Blvd,Cupertino,Santa Clara,CA,95014,US,US/Pacific,KNUQ,2016-06-22 12:56:00,69.1,,58.0,30.03,10.0,North,11.5,,Clear,False,False,False,False,False,False,False,False,False,False,False,False,False,Day,Day,Day,Day
A-891,Source2,2,2016-06-22 12:31:22,2016-06-22 13:01:22,37.381866,-121.963829,,,0.0,Accident on County Hwy-G4 Montague Expy Eastbound near US-101.,Bayshore Fwy S,Santa Clara,Santa Clara,CA,95054,US,US/Pacific,KSJC,2016-06-22 12:53:00,73.9,,50.0,30.0,10.0,WNW,11.5,,Clear,False,False,False,False,False,False,False,False,False,False,False,False,False,Day,Day,Day,Day
A-892,Source2,2,2016-06-22 12:46:58,2016-06-22 13:16:58,37.704407,-122.394241,,,0.0,#2 &amp; #3 lane blocked due to accident on US-101 Southbound at Harney Way.,Bayshore Fwy S,Brisbane,San Mateo,CA,94005,US,US/Pacific,KSFO,2016-06-22 12:56:00,63.0,,63.0,30.03,10.0,West,21.9,,Partly Cloudy,False,False,False,False,False,False,False,False,False,False,False,False,False,Day,Day,Day,Day
A-893,Source2,3,2016-06-22 12:43:29,2016-06-22 13:13:29,38.169338,-122.199928,,,0.0,Accident on I-80 Eastbound at Exit 36 American Canyon Rd.,I-80 E,American Canyon,Solano,CA,94503,US,US/Pacific,KAPC,2016-06-22 12:54:00,73.9,,50.0,29.94,10.0,SSW,15.0,,Clear,False,False,False,False,False,False,False,False,False,False,False,False,False,Day,Day,Day,Day
A-894,Source2,3,2016-06-22 12:56:27,2016-06-22 13:26:27,37.795124,-122.266594,,,0.0,#1 &amp; #2 lane blocked due to accident on I-880 Southbound at I-880 Exit 41A / Oak St.,Nimitz Fwy S,Oakland,Alameda,CA,94607,US,US/Pacific,KOAK,2016-06-22 12:53:00,64.9,,61.0,30.02,10.0,West,11.5,,Partly Cloudy,False,False,True,False,False,False,False,False,False,False,False,True,False,Day,Day,Day,Day
A-895,Source2,2,2016-06-22 12:53:01,2016-06-22 13:23:01,37.276817,-122.007233,,,0.0,Shoulder blocked due to accident on CA-85 Northbound at Exit 14 Saratoga Ave.,Norman Y Mineta Hwy,Saratoga,Santa Clara,CA,95070,US,US/Pacific,KSJC,2016-06-22 12:53:00,73.9,,50.0,30.0,10.0,WNW,11.5,,Clear,False,False,False,False,False,False,False,False,False,False,False,False,False,Day,Day,Day,Day
A-896,Source2,3,2016-06-22 13:05:41,2016-06-22 13:35:41,37.756107,-122.392464,,,0.0,Accident on I-280 Southbound at Exit 55 Pennsylvania Ave.,I-280 S,San Francisco,San Francisco,CA,94107,US,US/Pacific,KOAK,2016-06-22 12:53:00,64.9,,61.0,30.02,10.0,West,11.5,,Partly Cloudy,False,False,False,False,True,False,False,False,False,False,False,False,False,Day,Day,Day,Day
A-897,Source2,3,2016-06-22 13:05:08,2016-06-22 13:35:08,37.793484,-122.263992,,,0.0,Accident on I-880 Southbound at Exit 41A Oak St.,I-880 N,Oakland,Alameda,CA,94607,US,US/Pacific,KOAK,2016-06-22 12:53:00,64.9,,61.0,30.02,10.0,West,11.5,,Partly Cloudy,False,False,False,False,False,False,False,False,False,False,False,False,False,Day,Day,Day,Day
A-898,Source2,2,2016-06-22 13:18:24,2016-06-22 13:48:24,37.877388,-122.184158,,,0.0,Accident on CA-24 Eastbound at Exit 9 Camino Pablo.,CA-24 E,Orinda,Contra Costa,CA,94563,US,US/Pacific,KCCR,2016-06-22 12:53:00,81.0,,30.0,29.91,10.0,South,15.0,,Clear,False,False,False,False,False,False,False,False,False,False,False,False,False,Day,Day,Day,Day
A-899,Source2,2,2016-06-22 13:19:25,2016-06-22 14:04:25,38.478897,-121.421066,,,0.0,Accident on Stockton Blvd at Massie Cir.,Suncountry Ln,Sacramento,Sacramento,CA,95823,US,US/Pacific,KSAC,2016-06-22 12:53:00,84.0,,33.0,29.92,10.0,SSW,8.1,,Clear,False,False,False,False,False,False,False,False,False,False,False,False,False,Day,Day,Day,Day
A-900,Source2,2,2016-06-22 13:42:52,2016-06-22 14:12:52,37.54932,-122.292496,,,0.0,Accident on US-101 Southbound at Exit 414B CA-92.,Bayshore Fwy S,San Mateo,San Mateo,CA,94403,US,US/Pacific,KSQL,2016-06-22 13:54:00,71.6,,50.0,30.0,10.0,NNW,12.7,,Partly Cloudy,False,False,False,False,False,False,False,False,False,False,False,False,False,Day,Day,Day,Day
A-901,Source2,2,2016-06-22 13:42:22,2016-06-22 14:27:22,38.588772,-121.404259,,,0.0,Accident on Hurley Way at Oak Terrace Ct.,Hurley Way,Sacramento,Sacramento,CA,95825-3608,US,US/Pacific,KMCC,2016-06-22 13:35:00,89.6,,24.0,29.91,9.0,SE,3.5,,Clear,False,False,False,False,False,False,False,False,False,False,False,False,False,Day,Day,Day,Day
A-902,Source2,3,2016-06-22 13:54:49,2016-06-22 14:24:49,37.76329000000001,-122.216171,,,0.0,Accident on I-880 Northbound at Exit 37 66th Ave.,I-880 N,Oakland,Alameda,CA,94601,US,US/Pacific,KOAK,2016-06-22 13:53:00,64.9,,61.0,30.02,10.0,West,9.2,,Partly Cloudy,False,False,False,False,False,False,False,False,False,False,False,False,False,Day,Day,Day,Day
A-903,Source2,2,2016-06-22 13:53:36,2016-06-22 14:23:36,37.994179,-122.074287,,,0.0,Accident on Blum Rd at CA-4.,Blum Rd,Martinez,Contra Costa,CA,94553-4308,US,US/Pacific,KCCR,2016-06-22 13:53:00,82.9,,29.0,29.9,10.0,SSW,13.8,,Clear,False,False,False,False,False,False,False,False,False,False,False,True,False,Day,Day,Day,Day
A-904,Source2,3,2016-06-22 14:00:36,2016-06-22 14:47:00,38.641266,-121.473755,,,0.0,Right hand shoulder blocked due to accident on I-80 Westbound near Exit 89 Northgate Blvd.,I-80 W,Sacramento,Sacramento,CA,95834,US,US/Pacific,KMCC,2016-06-22 13:55:00,89.6,,22.0,29.91,9.0,Calm,,,Clear,False,False,False,False,False,False,False,False,False,False,False,False,False,Day,Day,Day,Day
A-905,Source2,3,2016-06-22 14:00:36,2016-06-22 14:45:36,38.631653,-121.397972,,,0.0,Shoulder blocked on entry ramp due to accident on I-80 Bus Capital City Fwy Northbound at Fulton Ave.,Capital City Fwy E,Sacramento,Sacramento,CA,95821,US,US/Pacific,KMCC,2016-06-22 13:55:00,89.6,,22.0,29.91,9.0,Calm,,,Clear,False,False,False,False,False,False,False,False,False,False,False,False,False,Day,Day,Day,Day
A-906,Source2,3,2016-06-22 14:04:35,2016-06-22 14:34:35,37.560719,-122.035637,,,0.0,Accident on I-880 Southbound at Exit 21 CA-84.,Nimitz Fwy S,Newark,Alameda,CA,94560,US,US/Pacific,KPAO,2016-06-22 13:47:00,69.8,,64.0,30.0,10.0,NNW,18.4,,Clear,False,False,False,False,False,False,False,False,False,False,False,False,False,Day,Day,Day,Day
A-907,Source2,2,2016-06-22 14:04:29,2016-06-22 14:49:29,38.343533,-121.335594,,,0.0,Right hand shoulder blocked due to accident on CA-99 Northbound at Exit 281 Dillard Rd.,CA-99 N,Wilton,Sacramento,CA,95693,US,US/Pacific,KMHR,2016-06-22 13:45:00,89.6,,24.0,29.9,10.0,SW,9.2,,Clear,False,False,False,False,True,False,False,False,False,False,False,False,False,Day,Day,Day,Day
A-908,Source2,3,2016-06-22 14:16:51,2016-06-22 15:01:51,38.546047,-121.509056,,,0.0,Right hand shoulder blocked due to accident on I-5 Northbound near Exit 516 Sutterville Rd.,I-5 N,Sacramento,Sacramento,CA,95818,US,US/Pacific,KSAC,2016-06-22 13:53:00,87.1,,27.0,29.9,10.0,South,5.8,,Clear,False,False,False,False,False,False,False,False,False,False,False,False,False,Day,Day,Day,Day
A-909,Source2,2,2016-06-22 14:31:14,2016-06-22 15:01:14,38.026489,-121.960167,,,0.0,Accident on Willow Pass Rd at Port Chicago Hwy.,Port Chicago Hwy,Pittsburg,Contra Costa,CA,94565,US,US/Pacific,KCCR,2016-06-22 14:53:00,84.0,,27.0,29.89,10.0,South,12.7,,Clear,False,False,True,False,False,False,False,False,False,False,False,True,False,Day,Day,Day,Day
A-910,Source2,2,2016-06-22 14:29:28,2016-06-22 15:17:00,39.202377,-121.062012,,,0.0,Accident on CA-49 Golden Center Fwy Southbound at McKnight Way.,Golden Center Fwy S,Grass Valley,Nevada,CA,95949,US,US/Pacific,KGOO,2016-06-22 14:25:00,84.2,,15.0,30.06,10.0,SSW,6.9,,Clear,False,False,False,False,False,False,False,False,False,False,False,False,False,Day,Day,Day,Day
A-911,Source2,2,2016-06-22 14:40:35,2016-06-22 15:10:35,36.988647,-121.982933,,,0.0,Accident on Soquel Dr between CA-1 and Hospital Dr.,Commercial Xing,Santa Cruz,Santa Cruz,CA,95065,US,US/Pacific,KWVI,2016-06-22 14:53:00,71.1,,53.0,30.0,10.0,SSE,9.2,,Clear,False,False,True,False,False,False,False,False,False,False,False,True,False,Day,Day,Day,Day
A-912,Source2,2,2016-06-22 14:50:47,2016-06-22 15:20:47,37.539642,-121.923859,,,0.0,Accident on CA-238 Mission Blvd Southbound at I-680.,Mission Rd,Fremont,Alameda,CA,94539,US,US/Pacific,KNUQ,2016-06-22 14:56:00,70.0,,59.0,30.01,10.0,NNW,12.7,,Clear,False,False,False,False,False,False,False,False,False,False,False,True,False,Day,Day,Day,Day
A-913,Source2,2,2016-06-22 14:52:35,2016-06-22 15:37:35,38.116135,-121.395554,,,0.0,Accident on CA-12 at Thornton Rd.,W Highway 12,Lodi,San Joaquin,CA,95242,US,US/Pacific,KSCK,2016-06-22 14:55:00,95.0,,19.0,29.9,10.0,NW,11.5,,Clear,False,False,False,False,False,False,False,False,False,False,False,False,False,Day,Day,Day,Day
A-914,Source2,2,2016-06-22 14:56:21,2016-06-22 15:26:21,38.23616,-122.461472,,,0.0,Accident on CA-116 Arnold Dr at CA-121 Arnold Dr.,Bonneau Rd,Sonoma,Sonoma,CA,95476-9229,US,US/Pacific,KO69,2016-06-22 14:55:00,75.2,,41.0,29.99,10.0,West,11.5,,Clear,False,False,False,False,False,False,False,False,False,True,False,False,False,Day,Day,Day,Day
A-915,Source2,2,2016-06-22 15:22:39,2016-06-22 15:52:39,38.676525,-121.359612,,,0.0,One lane blocked due to accident on Walerga Rd at Oakhollow Dr.,Oakhollow Dr,Sacramento,Sacramento,CA,95842,US,US/Pacific,KMCC,2016-06-22 15:15:00,93.2,,19.0,29.89,10.0,SSW,8.1,,Clear,False,False,False,False,False,False,False,False,False,False,False,False,False,Day,Day,Day,Day
A-916,Source2,3,2016-06-22 15:36:39,2016-06-22 16:06:39,37.784885,-122.39267,,,0.0,Accident on I-80 Westbound at Exits 2B 2C Harrison St.,James Lick Fwy N,San Francisco,San Francisco,CA,94107,US,US/Pacific,KOAK,2016-06-22 15:53:00,66.0,,59.0,30.01,10.0,West,13.8,,Partly Cloudy,False,False,False,False,False,False,False,False,False,False,False,False,False,Day,Day,Day,Day
A-917,Source2,3,2016-06-22 15:37:17,2016-06-22 16:07:17,37.351471,-121.91433700000002,,,0.0,Accident on I-880 Northbound at Exit 3 Airport Blvd.,I-880 N,San Jose,Santa Clara,CA,95110,US,US/Pacific,KSJC,2016-06-22 15:53:00,75.0,,48.0,29.98,10.0,WNW,13.8,,Clear,False,False,False,False,True,False,False,False,False,False,False,False,False,Day,Day,Day,Day
A-918,Source2,2,2016-06-22 15:54:24,2016-06-22 16:24:24,38.937412,-121.095352,,,0.0,Accident on CA-49 Grass Valley Hwy near Masters Ct.,Grass Valley Hwy,Auburn,Placer,CA,95603-2520,US,US/Pacific,KAUN,2016-06-22 15:55:00,91.4,,20.0,29.97,10.0,South,5.8,,Clear,False,False,False,False,False,False,False,False,False,False,False,False,False,Day,Day,Day,Day
A-919,Source2,3,2016-06-22 15:55:13,2016-06-22 16:25:13,38.772587,-121.253479,,,0.0,Accident on CA-65 Southbound at Exits 306A 306B I-80.,CA-65 N,Roseville,Placer,CA,95678,US,US/Pacific,KMCC,2016-06-22 15:55:00,93.2,,19.0,29.88,10.0,South,10.4,,Clear,False,False,False,False,False,False,False,False,False,False,False,False,False,Day,Day,Day,Day
A-920,Source2,2,2016-06-22 15:55:51,2016-06-22 16:25:51,39.300751,-121.029884,,,0.0,Accident on Lake Vera Purdon Rd near Marigold Way.,Lake Vera Purdon Rd,Nevada City,Nevada,CA,95959-9455,US,US/Pacific,KGOO,2016-06-22 15:45:00,84.2,,13.0,30.05,10.0,SSW,5.8,,Clear,False,False,False,False,False,False,False,False,False,False,False,False,False,Day,Day,Day,Day
A-921,Source2,3,2016-06-22 16:30:45,2016-06-22 17:00:45,37.410072,-121.879219,,,0.0,Lane blocked due to accident on I-680 Northbound at Exit 6 County Hwy-G4 Montague Expy.,I-680 S,Milpitas,Santa Clara,CA,95035,US,US/Pacific,KSJC,2016-06-22 16:53:00,73.0,,51.0,29.98,10.0,WNW,16.1,,Clear,False,False,False,False,False,False,False,False,False,False,False,False,False,Day,Day,Day,Day
A-922,Source2,2,2016-06-22 16:45:30,2016-06-22 17:15:30,38.675251,-121.352432,,,0.0,Accident on Hillsdale Blvd at Diablo Dr.,Hillsdale Blvd,Sacramento,Sacramento,CA,95842-3102,US,US/Pacific,KMCC,2016-06-22 16:35:00,93.2,,19.0,29.87,10.0,SSW,11.5,,Clear,False,False,False,False,False,False,False,False,False,False,False,False,False,Day,Day,Day,Day
A-923,Source2,2,2016-06-22 16:50:46,2016-06-22 17:20:46,38.667656,-121.33844,,,0.0,Accident on Auburn Blvd near Palm Ave.,Auburn Blvd,Sacramento,Sacramento,CA,95841-2806,US,US/Pacific,KMCC,2016-06-22 16:55:00,93.2,,17.0,29.87,9.0,South,10.4,,Clear,False,False,False,False,False,False,False,False,False,False,False,False,False,Day,Day,Day,Day
A-924,Source2,2,2016-06-22 16:44:48,2016-06-22 17:14:48,38.678547,-121.235008,,,0.0,Accident on County Hwy-E14 Greenback Ln at Illinois Ave.,Illinois Ave,Orangevale,Sacramento,CA,95662,US,US/Pacific,KMCC,2016-06-22 16:35:00,93.2,,19.0,29.87,10.0,SSW,11.5,,Clear,False,False,False,False,False,False,False,False,False,False,False,True,False,Day,Day,Day,Day
A-925,Source2,2,2016-06-22 16:44:23,2016-06-22 17:14:23,39.143547,-121.061333,,,0.0,Accident on Alta Sierra Dr at Meyer Way.,Meyer Way,Grass Valley,Nevada,CA,95949-6817,US,US/Pacific,KGOO,2016-06-22 16:45:00,86.0,,13.0,30.05,10.0,SSW,4.6,,Clear,False,False,False,False,False,False,False,False,False,False,False,False,False,Day,Day,Day,Day
A-926,Source2,3,2016-06-22 17:47:35,2016-06-22 18:32:35,38.552616,-121.69381,,,0.0,Right hand shoulder blocked due to accident on I-80 Eastbound at Exit 75 Chiles Rd.,I-80 E,Davis,Yolo,CA,95618,US,US/Pacific,KEDU,2016-06-22 17:55:00,89.6,,29.0,29.85,10.0,SSW,8.1,,Clear,False,False,False,False,False,False,False,False,False,False,False,False,False,Day,Day,Day,Day
A-927,Source2,2,2016-06-22 17:44:46,2016-06-22 18:29:46,37.570854,-122.032478,,,0.0,Accident on Fremont Blvd Northbound at Decoto Rd.,Fremont Blvd,Fremont,Alameda,CA,94555,US,US/Pacific,KHWD,2016-06-22 17:54:00,63.0,,63.0,30.02,10.0,West,9.2,,Clear,False,False,False,False,False,False,False,False,False,False,False,True,False,Day,Day,Day,Day
A-928,Source2,3,2016-06-22 17:56:42,2016-06-22 18:41:42,38.945255,-121.046089,,,0.0,Right hand shoulder blocked due to accident on I-80 Westbound at Exit 123 Bell Rd.,I-80 E,Auburn,Placer,CA,95603,US,US/Pacific,KAUN,2016-06-22 17:55:00,91.4,,15.0,29.95,10.0,SW,6.9,,Clear,False,False,False,False,False,False,False,False,False,False,False,False,False,Day,Day,Day,Day
A-929,Source2,2,2016-06-22 18:06:34,2016-06-22 18:51:34,38.929756,-121.08866100000002,,,0.0,Accident on CA-49 Grass Valley Hwy Northbound at Hulbert Way.,Hulbert Way,Auburn,Placer,CA,95603,US,US/Pacific,KAUN,2016-06-22 18:15:00,91.4,,17.0,29.95,10.0,South,8.1,,Clear,False,False,False,False,False,False,False,False,False,False,False,True,False,Day,Day,Day,Day
A-930,Source2,3,2016-06-22 18:13:45,2016-06-22 18:43:45,37.31652800000001,-121.911858,,,0.0,Accident on I-280 Eastbound at Exits 4 5A Parkmoor Ave.,Parkmoor Ave,San Jose,Santa Clara,CA,95126-3429,US,US/Pacific,KSJC,2016-06-22 17:53:00,72.0,,49.0,29.98,10.0,WNW,11.5,,Clear,False,False,True,False,False,False,True,False,False,False,False,True,False,Day,Day,Day,Day
A-931,Source2,3,2016-06-22 18:26:43,2016-06-22 18:56:43,37.315025,-121.909073,,,0.0,Lane blocked due to accident on I-280 Southbound at Exits 4 5A Parkmoor Ave.,I-280 S,San Jose,Santa Clara,CA,95126,US,US/Pacific,KSJC,2016-06-22 18:53:00,71.1,,47.0,29.99,10.0,WNW,9.2,,Clear,False,False,False,False,False,False,False,False,False,False,False,False,False,Day,Day,Day,Day
A-932,Source2,3,2016-06-22 18:45:07,2016-06-22 19:15:07,37.830669,-122.293343,,,0.0,Accident on I-80 I-580 Westbound at Exit 19A I-80 I-580.,I-580 W,Emeryville,Alameda,CA,94608,US,US/Pacific,KOAK,2016-06-22 18:53:00,63.0,,65.0,30.0,10.0,WSW,11.5,,Partly Cloudy,False,False,False,False,False,False,False,False,False,False,False,False,False,Day,Day,Day,Day
A-933,Source2,3,2016-06-22 18:54:05,2016-06-22 19:24:05,37.641117,-122.406021,,,0.0,Accident on I-380 Eastbound at Exit 6A US-101.,Bayshore Fwy S,South San Francisco,San Mateo,CA,94080,US,US/Pacific,KSFO,2016-06-22 18:56:00,62.1,,62.0,30.0,10.0,West,12.7,,Partly Cloudy,False,False,False,False,False,False,False,False,False,False,False,False,False,Day,Day,Day,Day
A-934,Source2,3,2016-06-22 18:52:35,2016-06-22 19:22:35,37.693237,-122.052116,,,0.0,Accident on I-580 Eastbound at Exit 37 Castro Valley Blvd.,I-580 E,Castro Valley,Alameda,CA,94552,US,US/Pacific,KHWD,2016-06-22 18:54:00,64.0,,60.0,30.03,10.0,West,12.7,,Clear,False,False,False,False,False,False,False,False,False,False,False,False,False,Day,Day,Day,Day
A-935,Source2,3,2016-06-22 19:02:49,2016-06-22 19:32:49,37.852394,-122.029083,,,0.0,Accident on I-680 Southbound at Exits 42A 42B Stone Valley Rd.,I-680 S,Alamo,Contra Costa,CA,94507,US,US/Pacific,KCCR,2016-06-22 18:53:00,75.9,,38.0,29.88,10.0,SSW,16.1,,Clear,False,False,False,False,True,False,False,False,False,False,False,False,False,Day,Day,Day,Day
A-936,Source2,2,2016-06-22 18:53:20,2016-06-22 19:38:20,38.373032,-121.358482,,,0.0,Right hand shoulder blocked due to accident on CA-99 Northbound at Exit 284 County Hwy-E2 Grant Line Rd.,CA-99 N,Elk Grove,Sacramento,CA,95624,US,US/Pacific,KSAC,2016-06-22 18:53:00,84.0,,31.0,29.85,10.0,SSW,9.2,,Clear,False,False,False,False,False,False,False,False,False,False,False,False,False,Day,Day,Day,Day
A-937,Source2,3,2016-06-22 19:21:16,2016-06-22 19:51:16,38.64341,-121.434265,,,0.0,Accident on I-80 Westbound at Exit 91 Raley Blvd.,I-80 W,Sacramento,Sacramento,CA,95838,US,US/Pacific,KMCC,2016-06-22 19:15:00,86.0,,27.0,29.86,9.0,South,10.4,,Clear,False,False,False,False,True,False,False,False,False,False,False,False,False,Day,Day,Day,Day
A-938,Source2,3,2016-06-22 19:27:10,2016-06-22 20:12:10,38.537041,-121.739067,,,0.0,Accident on I-80 Eastbound at Exits 70 71 Old Davis Rd. On the median.,I-80 E,Davis,Solano,CA,95616,US,US/Pacific,KEDU,2016-06-22 19:35:00,84.2,,30.0,29.85,10.0,SW,10.4,,Clear,False,False,False,False,False,False,False,False,False,False,False,False,False,Day,Day,Day,Day
A-939,Source2,3,2016-06-22 19:25:00,2016-06-22 20:10:00,38.559505,-121.467201,,,0.0,One lane blocked due to accident on I-80 Bus Capital City Fwy Eastbound at Exits 6A 6B 6C 298B US-50.,US-50 E,Sacramento,Sacramento,CA,95817,US,US/Pacific,KSAC,2016-06-22 19:53:00,78.1,,37.0,29.86,10.0,South,8.1,,Clear,False,False,False,False,False,False,False,False,False,False,False,False,False,Day,Day,Day,Day
A-940,Source2,3,2016-06-22 19:38:29,2016-06-22 20:23:29,38.546028,-121.509315,,,0.0,Right hand shoulder blocked due to accident on I-5 Southbound at Exits 518 519A CA-99 CA-16.,I-5 S,Sacramento,Sacramento,CA,95818,US,US/Pacific,KSAC,2016-06-22 19:53:00,78.1,,37.0,29.86,10.0,South,8.1,,Clear,False,False,False,False,False,False,False,False,False,False,False,False,False,Day,Day,Day,Day
A-941,Source2,3,2016-06-22 19:39:03,2016-06-22 20:24:03,38.942398,-121.09426100000002,,,0.0,Accident on Bell Rd at Quartz Dr.,Bell Rd,Auburn,Placer,CA,95603,US,US/Pacific,KAUN,2016-06-22 19:35:00,87.8,,21.0,29.95,10.0,South,8.1,,Clear,False,False,True,False,False,False,False,False,False,False,False,True,False,Day,Day,Day,Day
A-942,Source2,3,2016-06-22 19:50:32,2016-06-22 20:35:32,38.618366,-121.529411,,,0.0,One lane blocked due to accident on I-80 Eastbound at Exit 85 El Camino Ave.,I-80 E,Sacramento,Sacramento,CA,95833,US,US/Pacific,KMCC,2016-06-22 19:55:00,82.4,,30.0,29.87,9.0,South,12.7,,Clear,False,False,False,False,False,False,False,False,False,False,False,False,False,Day,Day,Day,Day
A-943,Source2,3,2016-06-22 19:49:43,2016-06-22 20:34:43,37.779552,-121.314514,,,0.0,Accident on I-5 Northbound at Exit 460 CA-120. On the median.,I-5 N,Lathrop,San Joaquin,CA,95330,US,US/Pacific,KSCK,2016-06-22 19:55:00,81.0,,21.0,29.88,10.0,West,16.1,,Clear,False,False,False,False,False,False,False,False,False,False,False,False,False,Day,Day,Day,Day
A-944,Source2,3,2016-06-22 19:52:44,2016-06-22 20:37:44,37.851658,-121.282875,,,0.0,Accident on I-5 Northbound at Exit 465 Roth Rd.,I-5 N,Lathrop,San Joaquin,CA,95330,US,US/Pacific,KSCK,2016-06-22 19:55:00,81.0,,21.0,29.88,10.0,West,16.1,,Clear,False,False,False,False,True,False,False,False,False,False,False,False,False,Day,Day,Day,Day
A-945,Source2,3,2016-06-22 19:58:19,2016-06-22 20:43:19,38.64315,-121.434677,,,0.0,One lane blocked due to accident on I-80 Eastbound at Exit 90 Norwood Ave.,I-80 E,Sacramento,Sacramento,CA,95838,US,US/Pacific,KMCC,2016-06-22 19:55:00,82.4,,30.0,29.87,9.0,South,12.7,,Clear,False,False,False,False,False,False,False,False,False,False,False,False,False,Day,Day,Day,Day
A-946,Source2,2,2016-06-22 20:07:30,2016-06-22 20:52:30,38.658169,-120.969086,,,0.0,Accident on Coach Ln at Cameron Park Dr.,Cameron Park Dr,Cameron Park,El Dorado,CA,95682-8412,US,US/Pacific,KPVF,2016-06-22 20:15:00,75.2,,21.0,30.03,10.0,South,6.9,,Clear,False,False,False,False,False,False,False,False,False,False,False,True,False,Day,Day,Day,Day
A-947,Source2,2,2016-06-22 20:20:55,2016-06-22 21:05:55,37.638012,-121.324409,,,0.0,Accident on CA-132 Vernalis Rd near Koster Rd.,S Koster Rd,Tracy,San Joaquin,CA,95304,US,US/Pacific,KSCK,2016-06-22 19:55:00,81.0,,21.0,29.88,10.0,West,16.1,,Clear,False,False,False,False,False,False,False,False,False,False,False,False,False,Day,Day,Day,Day
A-948,Source2,3,2016-06-22 20:42:15,2016-06-22 21:12:15,37.31638,-121.951538,,,0.0,Accident on I-280 Eastbound at Exit 6 Winchester Blvd.,Moorpark Ave,San Jose,Santa Clara,CA,95117,US,US/Pacific,KSJC,2016-06-22 20:53:00,64.0,,63.0,30.0,10.0,NW,6.9,,Clear,False,False,False,False,False,False,False,False,False,False,False,True,False,Night,Day,Day,Day
A-949,Source2,3,2016-06-22 20:51:12,2016-06-22 21:36:12,38.767025,-121.253128,,,0.0,Accident on I-80 Eastbound at Exit 106 CA-65.,I-80 E,Roseville,Placer,CA,95661,US,US/Pacific,KMCC,2016-06-22 20:55:00,77.0,,34.0,29.88,9.0,South,15.0,,Clear,False,False,False,False,False,False,False,False,False,False,False,False,False,Night,Day,Day,Day
A-950,Source2,2,2016-06-22 21:10:41,2016-06-22 22:25:41,39.233013,-121.03894,,,0.0,Accident on CA-49 Golden Center Fwy Northbound at Exit 183 / Brunswick Rd.,Golden Center Fwy N,Grass Valley,Nevada,CA,95945,US,US/Pacific,KGOO,2016-06-22 21:05:00,75.2,,27.0,30.04,10.0,Calm,,,Clear,False,False,False,False,True,False,False,False,False,False,False,False,False,Night,Night,Day,Day
A-951,Source2,2,2016-06-22 21:44:20,2016-06-22 22:59:20,38.651775,-121.382942,,,0.0,Accident on Watt Ave near Winona Way.,Winona Way,North Highlands,Sacramento,CA,95660,US,US/Pacific,KMCC,2016-06-22 21:35:00,75.2,,36.0,29.89,10.0,South,11.5,,Clear,False,False,False,False,False,False,False,False,False,False,False,True,False,Night,Night,Day,Day
A-952,Source2,3,2016-06-22 22:01:43,2016-06-22 22:31:43,37.634174,-122.414825,,,0.0,Accident on I-380 Eastbound at Exit 5 CA-82 El Camino Real.,I-380 E,San Bruno,San Mateo,CA,94066,US,US/Pacific,KSFO,2016-06-22 21:56:00,57.0,,77.0,30.02,10.0,West,12.7,,Partly Cloudy,False,False,False,False,False,False,False,False,False,False,False,False,False,Night,Night,Night,Day
A-953,Source2,3,2016-06-22 22:02:42,2016-06-22 22:32:42,37.581238,-122.049042,,,0.0,Accident on I-880 Northbound at Exit 22 Fremont Blvd.,I-880 N,Fremont,Alameda,CA,94555,US,US/Pacific,KHWD,2016-06-22 21:54:00,59.0,,69.0,30.05,10.0,West,8.1,,Clear,False,False,False,False,False,False,False,False,False,False,False,False,False,Night,Night,Night,Day
A-954,Source2,2,2016-06-22 22:08:03,2016-06-22 23:23:03,38.601833,-121.382904,,,0.0,Accident on Ardendale Ln at Watt Ave.,Watt Ave,Sacramento,Sacramento,CA,95825-1404,US,US/Pacific,KMCC,2016-06-22 22:15:00,71.6,,41.0,29.91,10.0,SSE,9.2,,Clear,False,False,False,False,False,False,False,False,False,False,False,False,False,Night,Night,Night,Day
A-955,Source2,2,2016-06-22 22:23:58,2016-06-22 22:53:58,38.236176,-122.461472,,,0.0,Accident on CA-121 Arnold Dr Northbound at CA-121 Fremont Dr.,Bonneau Rd,Sonoma,Sonoma,CA,95476-9229,US,US/Pacific,KO69,2016-06-22 22:15:00,53.6,,88.0,30.01,7.0,North,,,Mostly Cloudy,False,False,False,False,False,False,False,False,False,True,False,False,False,Night,Night,Night,Day
A-956,Source2,3,2016-06-22 22:22:53,2016-06-22 22:52:53,37.785542,-122.39138,,,0.0,Multi-vehicle accident on I-80 Eastbound at Exits 2B 2C Harrison St.,James Lick Fwy N,San Francisco,San Francisco,CA,94105,US,US/Pacific,KOAK,2016-06-22 21:53:00,59.0,,75.0,30.01,10.0,WSW,12.7,,Partly Cloudy,False,False,False,False,True,False,False,False,False,False,False,False,False,Night,Night,Night,Day
A-957,Source2,2,2016-06-22 22:34:05,2016-06-22 23:04:05,37.62746,-120.99706299999998,,,0.0,Accident on CA-99 Southbound at Exit 225B Tuolumne Blvd.,Tuolumne Blvd,Modesto,Stanislaus,CA,95351,US,US/Pacific,KMOD,2016-06-22 22:53:00,78.1,,15.0,29.91,10.0,NNW,10.4,,Clear,False,False,False,False,False,False,False,False,False,False,False,False,False,Night,Night,Night,Night
A-958,Source2,2,2016-06-22 22:42:15,2016-06-22 23:42:15,38.761791,-120.915413,,,0.0,Accident on Feldspar Ln at Gold Hill Rd.,Feldspar Ln,Placerville,El Dorado,CA,95667-9403,US,US/Pacific,KPVF,2016-06-22 22:35:00,69.8,,28.0,30.05,10.0,SE,9.2,,Clear,False,False,False,False,False,False,False,False,False,False,False,False,False,Night,Night,Night,Night
A-959,Source2,3,2016-06-22 23:26:28,2016-06-22 23:56:28,38.229401,-122.116844,,,0.0,Right hand shoulder blocked due to accident now on the shoulder on I-80 Westbound in Fairfield.,I-80 W,Fairfield,Solano,CA,94534,US,US/Pacific,KAPC,2016-06-22 23:54:00,55.9,,80.0,29.96,10.0,WSW,9.2,0.0,Light Rain,False,False,False,False,False,False,False,False,False,False,False,False,False,Night,Night,Night,Night
A-960,Source2,3,2016-06-22 23:28:00,2016-06-22 23:58:00,37.327499,-121.878082,,,0.0,Queueing traffic and right hand shoulder blocked due to serious multi-vehicle accident and accident now on the shoulder on I-280 Southbound at Exit 2A 4th St. On the median.,I-280 S,San Jose,Santa Clara,CA,95112,US,US/Pacific,KSJC,2016-06-22 23:53:00,59.0,,72.0,30.03,10.0,NNW,3.5,,Clear,False,False,False,False,False,False,False,False,False,False,False,False,False,Night,Night,Night,Night
A-961,Source2,1,2016-06-22 23:54:48,2016-06-23 00:39:48,37.750488,-121.379982,,,0.0,Accident on Banta Rd at Brichetto Rd.,W F St,Tracy,San Joaquin,CA,95304,US,US/Pacific,KSCK,2016-06-22 23:55:00,66.0,,42.0,29.94,10.0,WNW,6.9,,Clear,False,False,False,False,False,False,False,False,False,False,False,False,False,Night,Night,Night,Night
A-962,Source2,2,2016-06-23 00:12:46,2016-06-23 00:42:46,37.37682,-121.941536,,,0.0,Queueing traffic and Slow lane blocked due to accident on US-101 Southbound at Exits 391A 391B Trimble Rd.,Trimble Rd,San Jose,Santa Clara,CA,95131,US,US/Pacific,KSJC,2016-06-23 00:53:00,59.0,,72.0,30.03,10.0,NW,5.8,,Clear,False,False,False,False,True,False,False,False,False,False,False,False,False,Night,Night,Night,Night
A-963,Source2,3,2016-06-23 01:32:38,2016-06-23 02:32:38,37.38965200000001,-122.163582,,,0.0,Lane blocked due to accident on I-280 Southbound at Exit 20 County Hwy-G3 Page Mill Rd.,I-280 S,Los Altos,Santa Clara,CA,94022,US,US/Pacific,KNUQ,2016-06-23 01:56:00,55.9,,84.0,30.05,10.0,NE,3.5,,Clear,False,False,False,False,True,False,False,False,False,False,False,False,False,Night,Night,Night,Night
A-964,Source2,2,2016-06-23 01:32:06,2016-06-23 02:32:06,37.70306,-122.07856,,,0.0,Lane blocked due to accident on Santa Maria Ave both ways at Mabel Ave.,Santa Maria Ave,Castro Valley,Alameda,CA,94546-3462,US,US/Pacific,KHWD,2016-06-23 01:28:00,57.0,,77.0,30.04,10.0,West,10.4,,Scattered Clouds,False,False,True,False,False,False,False,False,False,True,False,False,False,Night,Night,Night,Night
A-965,Source2,3,2016-06-23 01:37:25,2016-06-23 02:37:25,37.323593,-121.940826,,,0.0,Lane blocked due to accident on I-880 Southbound at Exits 1A 1B 1C Stevens Creek Blvd.,I-880 S,San Jose,Santa Clara,CA,95128,US,US/Pacific,KSJC,2016-06-23 01:53:00,57.9,,75.0,30.04,10.0,NW,4.6,,Clear,False,False,False,False,False,False,False,False,False,False,False,False,False,Night,Night,Night,Night
A-966,Source2,3,2016-06-23 02:30:30,2016-06-23 03:30:30,37.690514,-121.918709,,,0.0,Lane blocked due to accident on I-680 Northbound at Exit 29 Stoneridge Dr.,I-680 S,Pleasanton,Alameda,CA,94588,US,US/Pacific,KLVK,2016-06-23 02:53:00,55.0,,80.0,30.01,10.0,WNW,10.4,,Clear,False,False,False,False,False,False,False,False,False,False,False,False,False,Night,Night,Night,Night
A-967,Source2,3,2016-06-23 02:22:17,2016-06-23 03:22:17,37.656654,-121.901588,,,0.0,Lane blocked due to accident and vehicles spun around on I-680 Northbound at Exit 26 Bernal Ave.,I-680 S,Pleasanton,Alameda,CA,94566,US,US/Pacific,KLVK,2016-06-23 01:53:00,55.9,,77.0,30.01,10.0,West,12.7,,Clear,False,False,False,False,False,False,False,False,False,False,False,False,False,Night,Night,Night,Night
A-968,Source2,3,2016-06-23 02:48:04,2016-06-23 03:48:04,37.753693,-122.151398,,,0.0,Right hand shoulder blocked due to accident on I-580 Eastbound at Exits 29 29A Golf Links Rd.,I-580 E,Oakland,Alameda,CA,94605,US,US/Pacific,KOAK,2016-06-23 02:53:00,55.9,,80.0,30.04,10.0,WSW,8.1,,Overcast,False,False,False,False,False,False,False,False,True,False,False,False,False,Night,Night,Night,Night
A-969,Source2,3,2016-06-23 03:04:28,2016-06-23 04:04:28,38.227737,-122.120537,,,0.0,Right hand shoulder blocked due to accident on I-80 Westbound at Scales.,I-80 W,Fairfield,Solano,CA,94534,US,US/Pacific,KAPC,2016-06-23 02:54:00,54.0,,83.0,29.98,10.0,WSW,5.8,0.0,Light Rain,False,False,False,False,False,False,False,False,False,False,False,False,False,Night,Night,Night,Night
A-970,Source2,2,2016-06-23 03:33:33,2016-06-23 04:33:33,37.769375,-122.405533,,,0.0,Lane blocked due to accident on US-101 Southbound before Exits 433 433B 433C San Francisco-Oakland Bay Bridge.,San Bruno Ave,San Francisco,San Francisco,CA,94103,US,US/Pacific,KSFO,2016-06-23 03:56:00,54.0,,86.0,30.04,10.0,West,11.5,,Partly Cloudy,False,False,False,False,False,False,False,False,False,False,False,False,False,Night,Night,Night,Night
A-971,Source2,2,2016-06-23 03:34:59,2016-06-23 04:34:59,37.696819,-122.071869,,,0.0,Lane blocked due to accident on Catalina Dr both ways at Kenmore Ct.,Catalina Dr,Castro Valley,Alameda,CA,94546-4451,US,US/Pacific,KHWD,2016-06-23 03:54:00,57.0,,77.0,30.06,10.0,West,9.2,,Mostly Cloudy,False,False,True,False,False,False,False,False,False,False,False,False,False,Night,Night,Night,Night
A-972,Source2,3,2016-06-23 06:12:18,2016-06-23 06:54:00,37.8745,-122.306038,,,0.0,Right hand shoulder blocked due to accident on I-80 I-580 Eastbound at Exit 12 I-580.,I-580 W,Berkeley,Alameda,CA,94710,US,US/Pacific,KOAK,2016-06-23 05:53:00,55.9,,80.0,30.06,10.0,WNW,4.6,,Mostly Cloudy,False,False,False,False,True,False,False,False,False,False,False,False,False,Day,Day,Day,Day
A-973,Source2,2,2016-06-23 06:42:10,2016-06-23 07:34:18,37.752502,-122.403008,,,0.0,#1 &amp; #2 lane blocked due to accident on US-101 Southbound at Exit 432 Cesar Chavez.,James Lick Fwy S,San Francisco,San Francisco,CA,94107,US,US/Pacific,KOAK,2016-06-23 06:53:00,57.9,,78.0,30.07,10.0,Calm,,,Scattered Clouds,False,False,False,False,True,False,False,False,False,False,False,False,False,Day,Day,Day,Day
A-974,Source2,2,2016-06-23 07:26:37,2016-06-23 07:56:37,37.7883,-121.300407,,,0.0,Right hand shoulder blocked due to accident on CA-120 Eastbound at Exit 1B I-5.,CA-120 E,Lathrop,San Joaquin,CA,95330,US,US/Pacific,KSCK,2016-06-23 07:55:00,68.0,,49.0,30.02,10.0,WNW,4.6,,Clear,False,False,False,False,False,False,False,False,False,False,False,False,False,Day,Day,Day,Day
A-975,Source2,2,2016-06-23 07:10:03,2016-06-23 07:55:03,38.860706,-121.300247,,,0.0,Accident on CA-65 Northbound at Exit 314 Lincoln Blvd. On the median.,CA-65 S,Lincoln,Placer,CA,95648,US,US/Pacific,KLHM,2016-06-23 07:15:00,64.4,,45.0,29.98,10.0,SSE,10.4,,Clear,False,False,False,False,False,False,False,False,False,False,False,False,False,Day,Day,Day,Day
A-976,Source2,2,2016-06-23 07:12:38,2016-06-23 07:57:38,37.86365900000001,-121.218956,,,0.0,Accident on CA-99 Southbound at Exit 246 County Hwy-J9 French Camp Rd.,CA-99 S,Stockton,San Joaquin,CA,95206,US,US/Pacific,KSCK,2016-06-23 06:55:00,62.1,,58.0,30.0,10.0,WNW,4.6,,Clear,False,False,False,False,False,False,False,False,False,False,False,False,False,Day,Day,Day,Day
A-977,Source2,3,2016-06-23 08:42:50,2016-06-23 09:28:33,37.54723,-122.37265,,,0.0,Right hand shoulder blocked due to accident on I-280 Northbound between Exits 34 35 / CA-35 Skyline Blvd and Exit 36 / Golf Course Dr.,I-280 S,Burlingame,San Mateo,CA,94010,US,US/Pacific,KSFO,2016-06-23 08:56:00,59.0,,72.0,30.08,10.0,NW,16.1,,Partly Cloudy,False,False,False,False,False,False,False,False,False,False,False,False,False,Day,Day,Day,Day
A-978,Source2,3,2016-06-23 08:48:31,2016-06-23 09:18:31,37.33442700000001,-121.936485,,,0.0,Right hand shoulder blocked due to accident on I-880 Northbound after Bascom Ave.,N Bascom Ave,San Jose,Santa Clara,CA,95128,US,US/Pacific,KSJC,2016-06-23 08:53:00,64.0,,65.0,30.08,10.0,Variable,3.5,,Clear,False,False,False,False,True,False,False,False,False,False,False,False,False,Day,Day,Day,Day
A-979,Source2,2,2016-06-23 09:00:24,2016-06-23 09:30:24,36.950603,-121.523094,,,0.0,Right hand shoulder blocked due to accident on CA-25 Southbound after Bolsa Rd.,State Highway 25,Gilroy,Santa Clara,CA,95020,US,US/Pacific,KE16,2016-06-23 08:55:00,64.4,,68.0,30.09,9.0,WNW,3.5,,Clear,False,False,False,False,False,False,False,False,False,True,False,False,False,Day,Day,Day,Day
A-980,Source2,2,2016-06-23 08:59:12,2016-06-23 09:44:12,38.660831,-121.337288,,,0.0,Accident on Garfield Ave at Madison Ave.,Madison Ave,Sacramento,Sacramento,CA,95841-3111,US,US/Pacific,KMCC,2016-06-23 08:55:00,68.0,,46.0,30.03,10.0,South,10.4,,Clear,False,False,False,False,False,False,False,False,False,False,False,False,False,Day,Day,Day,Day
A-981,Source2,3,2016-06-23 09:29:19,2016-06-23 09:59:19,38.222748,-122.12883,,,0.0,#1 lane blocked due to accident on I-80 Westbound near Exit 41 / Suisun Valley Rd.,Suisun Valley Rd,Fairfield,Solano,CA,94534,US,US/Pacific,KAPC,2016-06-23 09:54:00,66.0,,54.0,30.04,10.0,Variable,6.9,,Clear,False,False,False,False,False,False,False,False,False,False,False,False,False,Day,Day,Day,Day
A-982,Source2,3,2016-06-23 09:20:26,2016-06-23 09:50:26,37.343258,-121.846283,,,0.0,Accident on I-680 Southbound at King Rd.,S King Rd,San Jose,Santa Clara,CA,95116,US,US/Pacific,KRHV,2016-06-23 08:47:00,66.2,,56.0,30.1,10.0,Calm,,,Clear,False,False,False,False,False,False,False,False,False,False,False,False,False,Day,Day,Day,Day
A-983,Source2,3,2016-06-23 09:22:33,2016-06-23 10:37:33,37.777836,-121.317451,,,0.0,Accident on I-5 Southbound at Exit 460 CA-120.,I-5 S,Lathrop,San Joaquin,CA,95330,US,US/Pacific,KSCK,2016-06-23 08:55:00,72.0,,38.0,30.02,10.0,Calm,,,Clear,False,False,False,False,False,False,False,False,False,False,False,False,False,Day,Day,Day,Day
A-984,Source2,2,2016-06-23 09:28:40,2016-06-23 10:43:40,38.722092,-121.22583799999998,,,0.0,Accident on County Hwy-E3 Sierra College Blvd at Old Auburn Rd.,Sierra College Blvd,Roseville,Placer,CA,95661-5922,US,US/Pacific,KMCC,2016-06-23 09:35:00,71.6,,38.0,30.03,9.0,South,8.1,,Clear,False,False,True,False,False,False,False,False,False,False,False,True,False,Day,Day,Day,Day
A-985,Source2,2,2016-06-23 09:38:38,2016-06-23 10:08:38,38.246796,-122.627808,,,0.0,Right hand shoulder blocked due to accident on US-101 Southbound before Exit 474 / Washington St.,E Washington St,Petaluma,Sonoma,CA,94952,US,US/Pacific,KO69,2016-06-23 09:35:00,64.4,,56.0,30.09,9.0,West,5.8,,Clear,False,False,False,False,False,False,False,False,False,False,False,False,False,Day,Day,Day,Day
A-986,Source2,3,2016-06-23 09:36:50,2016-06-23 10:21:50,38.661053,-121.359779,,,0.0,Right hand shoulder blocked due to accident on I-80 Westbound before Exit 96 Madison Ave.,I-80 E,Sacramento,Sacramento,CA,95841,US,US/Pacific,KMCC,2016-06-23 09:35:00,71.6,,38.0,30.03,9.0,South,8.1,,Clear,False,False,True,False,False,False,False,False,False,False,False,False,False,Day,Day,Day,Day
A-987,Source2,2,2016-06-23 09:30:59,2016-06-23 10:45:59,37.813274,-121.034325,,,0.0,Accident on Sexton Rd near Arthur Rd.,Arthur Rd,Escalon,San Joaquin,CA,95320-9764,US,US/Pacific,KMOD,2016-06-23 09:53:00,79.0,,29.0,30.01,10.0,North,8.1,,Clear,False,False,False,False,False,False,False,False,False,False,False,False,False,Day,Day,Day,Day
A-988,Source2,3,2016-06-23 09:57:56,2016-06-23 10:27:56,37.731277,-122.435219,,,0.0,Right hand shoulder blocked due to accident on I-280 Southbound before I-280 Exit 52 / San Jose Ave.,John F Foran Fwy,San Francisco,San Francisco,CA,94112,US,US/Pacific,KSFO,2016-06-23 09:56:00,61.0,,62.0,30.08,10.0,WNW,19.6,,Partly Cloudy,False,False,False,False,False,False,False,False,False,False,False,False,False,Day,Day,Day,Day
A-989,Source2,3,2016-06-23 09:50:39,2016-06-23 10:20:39,37.315239,-121.914902,,,0.0,Right hand shoulder blocked due to accident on I-280 Northbound at Exits 4 5A / Parkmoor Ave.,Meridian Ave,San Jose,Santa Clara,CA,95126,US,US/Pacific,KSJC,2016-06-23 09:53:00,68.0,,50.0,30.08,10.0,Calm,,,Clear,False,False,False,False,False,False,False,False,False,False,False,False,False,Day,Day,Day,Day
A-990,Source2,3,2016-06-23 09:52:09,2016-06-23 10:22:09,37.328579,-121.871277,,,0.0,Middle lane blocked due to accident on I-280 Northbound before 11th St.,S 11th St,San Jose,Santa Clara,CA,95112,US,US/Pacific,KSJC,2016-06-23 09:53:00,68.0,,50.0,30.08,10.0,Calm,,,Clear,False,False,False,False,False,False,False,False,False,False,False,False,False,Day,Day,Day,Day
A-991,Source2,2,2016-06-23 10:01:11,2016-06-23 10:31:11,37.882004,-121.641479,,,0.0,Lane blocked due to accident on Byron Hwy at Kellogg Creek Rd.,Kellogg Creek Rd,Byron,Contra Costa,CA,94514-2216,US,US/Pacific,KLVK,2016-06-23 09:53:00,71.1,,44.0,30.05,10.0,West,9.2,,Clear,False,False,False,False,False,False,False,False,False,False,False,False,False,Day,Day,Day,Day
A-992,Source2,2,2016-06-23 09:55:31,2016-06-23 10:40:31,38.835583,-121.168533,,,0.0,Accident on Boyington Rd at I-80.,Penryn Rd,Penryn,Placer,CA,95663-9603,US,US/Pacific,KAUN,2016-06-23 09:55:00,78.8,,20.0,30.06,10.0,South,5.8,,Clear,False,False,False,False,False,False,False,False,False,False,False,True,False,Day,Day,Day,Day
A-993,Source2,2,2016-06-23 10:14:53,2016-06-23 10:44:53,37.933201,-122.046196,,,0.0,Accident on Bancroft Rd Eastbound at Minert Rd.,Bancroft Rd,Walnut Creek,Contra Costa,CA,94598-1003,US,US/Pacific,KCCR,2016-06-23 09:53:00,75.0,,26.0,30.0,10.0,West,8.1,,Clear,False,False,False,False,False,False,False,False,False,False,False,False,False,Day,Day,Day,Day
A-994,Source2,3,2016-06-23 10:17:23,2016-06-23 10:47:23,37.657974,-121.902954,,,0.0,Right hand shoulder blocked due to accident on I-680 Southbound at Exit 26 Bernal Ave.,I-680 S,Pleasanton,Alameda,CA,94566,US,US/Pacific,KLVK,2016-06-23 09:53:00,71.1,,44.0,30.05,10.0,West,9.2,,Clear,False,False,False,False,False,False,False,False,False,False,False,False,False,Day,Day,Day,Day
A-995,Source2,3,2016-06-23 10:19:30,2016-06-23 10:49:30,38.562939,-121.641922,,,0.0,Left hand shoulder blocked due to accident on I-80 Westbound at Exit 78 Chiles Rd.,I-80 W,Davis,Yolo,CA,95618,US,US/Pacific,KEDU,2016-06-23 10:15:00,75.2,,41.0,30.03,10.0,SSE,4.6,,Clear,False,False,False,False,False,False,False,False,False,False,False,False,False,Day,Day,Day,Day
A-996,Source2,2,2016-06-23 10:31:07,2016-06-23 11:01:07,38.022778,-121.965698,,,0.0,#4 lane blocked due to accident on CA-4 Westbound before Exit 19 / San Marco Blvd.,Willow Pass Rd,Pittsburg,Contra Costa,CA,94565,US,US/Pacific,KCCR,2016-06-23 10:53:00,78.1,,24.0,30.01,10.0,West,9.2,,Clear,False,False,False,False,False,False,False,False,False,False,False,False,False,Day,Day,Day,Day
A-997,Source2,3,2016-06-23 10:22:09,2016-06-23 10:52:09,37.656654,-121.901588,,,0.0,Right hand shoulder blocked due to accident on I-680 Southbound before Bernal Ave.,I-680 S,Pleasanton,Alameda,CA,94566,US,US/Pacific,KLVK,2016-06-23 09:53:00,71.1,,44.0,30.05,10.0,West,9.2,,Clear,False,False,False,False,False,False,False,False,False,False,False,False,False,Day,Day,Day,Day
A-998,Source2,2,2016-06-23 10:31:51,2016-06-23 11:46:51,38.690273,-121.392136,,,0.0,Accident on County Hwy-E14 Elkhorn Blvd at 32nd St.,32nd St,North Highlands,Sacramento,CA,95660,US,US/Pacific,KMCC,2016-06-23 10:35:00,77.0,,34.0,30.03,8.0,SSW,5.8,,Clear,False,False,False,False,False,False,False,False,False,False,False,True,False,Day,Day,Day,Day
A-999,Source2,2,2016-06-23 10:32:51,2016-06-23 11:47:51,38.68111,-121.333244,,,0.0,Accident on County Hwy-E14 Greenback Ln at Garfield Ave.,Garfield Ave,Citrus Heights,Sacramento,CA,95621,US,US/Pacific,KMCC,2016-06-23 10:35:00,77.0,,34.0,30.03,8.0,SSW,5.8,,Clear,False,False,False,False,False,False,False,False,False,False,False,True,False,Day,Day,Day,Day
A-1000,Source2,2,2016-06-23 10:31:12,2016-06-23 11:01:12,38.653061,-121.070541,,,0.0,Accident on US-50 Westbound near Exits 30 30A 30B Latrobe Rd.,Latrobe Rd,El Dorado Hills,El Dorado,CA,95762,US,US/Pacific,KMHR,2016-06-23 10:46:00,77.0,,34.0,30.02,10.0,SW,3.5,,Clear,False,False,False,False,False,False,False,False,False,False,False,False,False,Day,Day,Day,Day
A-1001,Source2,3,2016-06-23 10:42:49,2016-06-23 11:12:49,37.701363,-121.849533,,,0.0,#3 lane blocked due to accident on I-580 Eastbound after I-580 Exit 48 / El Charro Rd.,Fallon Rd,Pleasanton,Alameda,CA,94588,US,US/Pacific,KLVK,2016-06-23 10:53:00,75.9,,36.0,30.05,10.0,WSW,8.1,,Clear,False,False,False,False,False,False,False,False,False,False,False,False,False,Day,Day,Day,Day
A-1002,Source2,3,2016-06-23 10:34:49,2016-06-23 11:04:49,37.359573,-121.841133,,,0.0,Accident on I-680 Southbound after Alum Rock Ave. On the median.,I-680 S,San Jose,Santa Clara,CA,95116,US,US/Pacific,KRHV,2016-06-23 10:50:00,75.2,,34.0,30.1,10.0,NW,11.5,,Clear,False,False,False,False,False,False,False,False,False,False,False,False,False,Day,Day,Day,Day
A-1003,Source2,2,2016-06-23 10:40:13,2016-06-23 11:55:13,38.496124,-121.390579,,,0.0,Accident on Florin Rd at Florin Perkins Rd.,French Rd,Sacramento,Sacramento,CA,95828,US,US/Pacific,KSAC,2016-06-23 10:53:00,78.1,,36.0,30.02,10.0,SSE,3.5,,Clear,False,False,False,False,False,False,False,False,False,False,False,False,False,Day,Day,Day,Day
A-1004,Source2,2,2016-06-23 10:41:17,2016-06-23 11:56:17,38.578369,-121.308044,,,0.0,Accident on US-50 Eastbound at Exit 15 Mather Field Rd.,US-50 E,Rancho Cordova,Sacramento,CA,95670,US,US/Pacific,KMHR,2016-06-23 10:46:00,77.0,,34.0,30.02,10.0,SW,3.5,,Clear,False,False,False,False,False,False,False,False,False,False,False,False,False,Day,Day,Day,Day
A-1005,Source2,2,2016-06-23 10:46:36,2016-06-23 11:16:36,37.46876500000001,-122.155205,,,0.0,Right hand shoulder blocked due to accident on US-101 Southbound before Willow Rd.,Bayshore Fwy S,Menlo Park,San Mateo,CA,94025,US,US/Pacific,KPAO,2016-06-23 10:47:00,68.0,,68.0,30.09,10.0,North,5.8,,Clear,False,False,False,False,False,False,False,False,False,False,False,False,False,Day,Day,Day,Day
A-1006,Source2,3,2016-06-23 10:48:42,2016-06-23 11:18:42,37.700855,-121.81778,,,0.0,Accident on I-580 Westbound after Airway Blvd. On the median.,Airway Blvd,Livermore,Alameda,CA,94551,US,US/Pacific,KLVK,2016-06-23 10:53:00,75.9,,36.0,30.05,10.0,WSW,8.1,,Clear,False,False,False,False,False,False,False,False,False,False,False,False,False,Day,Day,Day,Day
A-1007,Source2,3,2016-06-23 10:55:43,2016-06-23 11:25:43,38.216862,-122.13784,,,0.0,Right hand shoulder blocked due to accident on I-80 Westbound near Green Valley Rd.,I-80 W,Fairfield,Solano,CA,94534,US,US/Pacific,KAPC,2016-06-23 10:54:00,70.0,,51.0,30.04,10.0,SSW,6.9,,Clear,False,False,False,False,False,False,False,False,False,False,False,False,False,Day,Day,Day,Day
A-1008,Source2,2,2016-06-23 10:55:44,2016-06-23 12:10:44,38.524895,-121.467789,,,0.0,Slow traffic and right hand shoulder blocked due to accident on CA-99 Sacramento Fwy Northbound at Exit 296 Fruitridge Rd.,Fruitridge Rd,Sacramento,Sacramento,CA,95824,US,US/Pacific,KSAC,2016-06-23 10:53:00,78.1,,36.0,30.02,10.0,SSE,3.5,,Clear,False,False,False,False,True,False,False,False,False,False,False,False,False,Day,Day,Day,Day
A-1009,Source2,2,2016-06-23 10:54:58,2016-06-23 12:09:58,38.510448,-121.460121,,,0.0,Lane blocked on exit ramp and slow traffic due to accident on CA-99 Northbound at Exits 294A 294B 47th Ave.,CA-99 S,Sacramento,Sacramento,CA,95823,US,US/Pacific,KSAC,2016-06-23 10:53:00,78.1,,36.0,30.02,10.0,SSE,3.5,,Clear,False,False,False,False,True,False,False,False,False,False,False,False,False,Day,Day,Day,Day
A-1010,Source2,2,2016-06-23 10:59:32,2016-06-23 11:29:32,37.734898,-122.408661,,,0.0,#1 lane blocked due to accident on US-101 Southbound before Silver Ave.,I-280 S,San Francisco,San Francisco,CA,94134,US,US/Pacific,KSFO,2016-06-23 10:56:00,64.0,,58.0,30.09,10.0,NW,16.1,,Partly Cloudy,False,False,False,False,False,False,False,False,False,False,False,False,False,Day,Day,Day,Day
A-1011,Source2,2,2016-06-23 10:58:32,2016-06-23 11:28:32,37.488846,-122.212852,,,0.0,Right hand shoulder blocked due to accident on CA-84 Woodside Rd Northbound at Woodside Rd.,Woodside Rd,Redwood City,San Mateo,CA,94063,US,US/Pacific,KSQL,2016-06-23 10:47:00,66.2,,68.0,30.09,10.0,North,6.9,,Clear,False,False,False,False,False,False,False,False,False,False,False,False,False,Day,Day,Day,Day
A-1012,Source2,3,2016-06-23 11:08:38,2016-06-23 11:38:38,37.643707,-122.093231,,,0.0,Accident on I-880 Northbound before CA-92 Jackson St.,Nimitz Fwy S,Hayward,Alameda,CA,94545,US,US/Pacific,KHWD,2016-06-23 10:54:00,70.0,,42.0,30.11,10.0,Variable,4.6,,Clear,False,False,False,False,True,False,False,False,False,False,False,False,False,Day,Day,Day,Day
A-1013,Source2,3,2016-06-23 11:00:44,2016-06-23 11:30:44,37.74287,-121.561752,,,0.0,Right hand shoulder blocked due to accident on I-580 Eastbound before Exit 65 I-205.,I-580 W,Tracy,Alameda,CA,95391,US,US/Pacific,KLVK,2016-06-23 10:53:00,75.9,,36.0,30.05,10.0,WSW,8.1,,Clear,False,False,False,False,False,False,False,False,False,False,False,False,False,Day,Day,Day,Day
A-1014,Source2,3,2016-06-23 11:10:15,2016-06-23 12:25:15,38.72451,-121.290306,,,0.0,Accident on I-80 Eastbound at Exit 102 Cirby Way.,Riverside Ave,Roseville,Placer,CA,95661,US,US/Pacific,KMCC,2016-06-23 11:15:00,80.6,,26.0,30.03,9.0,Calm,,,Clear,False,False,False,False,False,False,False,False,False,False,False,False,False,Day,Day,Day,Day
A-1015,Source2,3,2016-06-23 11:22:34,2016-06-23 11:52:34,37.732208,-122.414513,,,0.0,Accident on I-280 Northbound before Alemany Blvd. On the median.,Alemany Blvd,San Francisco,San Francisco,CA,94134,US,US/Pacific,KSFO,2016-06-23 10:56:00,64.0,,58.0,30.09,10.0,NW,16.1,,Partly Cloudy,False,False,False,False,True,False,False,False,False,False,False,False,False,Day,Day,Day,Day
A-1016,Source2,3,2016-06-23 11:29:52,2016-06-23 11:59:52,37.932659,-122.325897,,,0.0,#1 lane blocked due to accident on I-80 Eastbound before MacDonald Ave.,MacDonald Ave,Richmond,Contra Costa,CA,94805,US,US/Pacific,KCCR,2016-06-23 11:53:00,82.0,,22.0,30.0,10.0,WNW,12.7,,Clear,False,False,False,False,False,False,False,False,False,False,False,False,False,Day,Day,Day,Day
A-1017,Source2,3,2016-06-23 11:31:02,2016-06-23 12:01:02,37.920879,-122.317947,,,0.0,Accident on I-80 Eastbound before Potrero Ave.,Potrero Ave,El Cerrito,Contra Costa,CA,94530,US,US/Pacific,KCCR,2016-06-23 11:53:00,82.0,,22.0,30.0,10.0,WNW,12.7,,Clear,False,False,False,False,False,False,False,False,False,False,False,False,False,Day,Day,Day,Day
A-1018,Source2,3,2016-06-23 11:42:47,2016-06-23 12:12:47,37.627132,-122.430923,,,0.0,Right hand shoulder blocked due to accident on I-280 Southbound at San Bruno Ave.,I-280 S,San Bruno,San Mateo,CA,94066,US,US/Pacific,KSFO,2016-06-23 11:56:00,66.9,,49.0,30.09,10.0,WNW,18.4,,Clear,False,False,False,False,False,False,False,False,False,False,False,False,False,Day,Day,Day,Day
A-1019,Source2,2,2016-06-23 11:37:34,2016-06-23 12:07:34,37.420315,-121.939934,,,0.0,Accident on CA-237 Westbound before Zanker Rd. On the median.,CA-237 W,San Jose,Santa Clara,CA,95134,US,US/Pacific,KSJC,2016-06-23 11:53:00,78.1,,37.0,30.08,10.0,NW,8.1,,Clear,False,False,False,False,False,False,False,False,False,False,False,False,False,Day,Day,Day,Day
A-1020,Source2,3,2016-06-23 11:51:30,2016-06-23 12:21:30,37.700951,-121.80175,,,0.0,Right hand shoulder blocked due to accident on I-580 Westbound before Isabel Ave.,Isabel Ave,Livermore,Alameda,CA,94551,US,US/Pacific,KLVK,2016-06-23 11:53:00,81.0,,28.0,30.04,10.0,WNW,13.8,,Clear,False,False,False,False,False,False,False,False,False,False,False,False,False,Day,Day,Day,Day
A-1021,Source2,2,2016-06-23 12:04:13,2016-06-23 12:34:13,37.552235,-122.308876,,,0.0,Right hand shoulder blocked due to accident on CA-92 Westbound at Exit 12C Delaware St.,J Arthur Younger Fwy W,San Mateo,San Mateo,CA,94402,US,US/Pacific,KSQL,2016-06-23 11:50:00,71.6,,53.0,30.1,10.0,North,5.8,,Clear,False,False,True,False,False,False,True,False,False,False,False,False,False,Day,Day,Day,Day
A-1022,Source2,2,2016-06-23 12:11:21,2016-06-23 12:41:21,37.764633,-122.405113,,,0.0,Accident on US-101 Northbound at Exit 433A Vermont St.,17th St,San Francisco,San Francisco,CA,94103,US,US/Pacific,KSFO,2016-06-23 11:56:00,66.9,,49.0,30.09,10.0,WNW,18.4,,Clear,False,False,True,False,False,False,False,False,False,False,False,False,False,Day,Day,Day,Day
A-1023,Source2,3,2016-06-23 12:05:46,2016-06-23 12:35:46,37.825237,-122.305832,,,0.0,Accident on I-80 Westbound at Exits 8A 8B I-880.,I-80 W,Oakland,Alameda,CA,94607,US,US/Pacific,KOAK,2016-06-23 11:53:00,68.0,,50.0,30.09,10.0,West,9.2,,Clear,False,False,False,False,True,False,False,False,False,False,False,False,False,Day,Day,Day,Day
A-1024,Source2,3,2016-06-23 12:10:20,2016-06-23 12:40:20,37.783794,-122.178375,,,0.0,Accident on I-580 Eastbound at Seminary Avenue.,I-580 W,Oakland,Alameda,CA,94605,US,US/Pacific,KOAK,2016-06-23 11:53:00,68.0,,50.0,30.09,10.0,West,9.2,,Clear,False,False,False,False,False,False,False,False,False,False,False,False,False,Day,Day,Day,Day
A-1025,Source2,2,2016-06-23 12:05:00,2016-06-23 12:35:00,37.35236,-121.968605,,,0.0,Accident on County Hwy-G4 San Tomas Expy both ways at CA-82 El Camino Real.,San Tomas Expy,Santa Clara,Santa Clara,CA,95050,US,US/Pacific,KSJC,2016-06-23 11:53:00,78.1,,37.0,30.08,10.0,NW,8.1,,Clear,False,False,True,False,False,False,False,False,False,False,False,True,False,Day,Day,Day,Day
A-1026,Source2,3,2016-06-23 12:06:39,2016-06-23 12:36:39,37.364319,-121.90184,,,0.0,Accident on I-880 Northbound at Exits 4B 4C US-101.,I-880 S,San Jose,Santa Clara,CA,95112,US,US/Pacific,KSJC,2016-06-23 11:53:00,78.1,,37.0,30.08,10.0,NW,8.1,,Clear,False,False,False,False,False,False,False,False,False,False,False,False,False,Day,Day,Day,Day
A-1027,Source2,2,2016-06-23 12:08:34,2016-06-23 12:38:34,36.58207700000001,-121.899719,,,0.0,Accident and animals on road on CA-1 Southbound at Munras Ave.,CA-1 S,Monterey,Monterey,CA,93940,US,US/Pacific,KMRY,2016-06-23 11:54:00,61.0,,70.0,30.14,10.0,NW,8.1,,Clear,False,False,False,False,False,False,False,False,False,False,False,False,False,Day,Day,Day,Day
A-1028,Source2,3,2016-06-23 12:12:10,2016-06-23 12:42:10,37.70248400000001,-121.740356,,,0.0,#2 lane blocked due to accident on I-580 Westbound at Springtown Blvd.,I-580 E,Livermore,Alameda,CA,94551,US,US/Pacific,KLVK,2016-06-23 11:53:00,81.0,,28.0,30.04,10.0,WNW,13.8,,Clear,False,False,False,False,False,False,False,False,False,False,False,False,False,Day,Day,Day,Day
A-1029,Source2,3,2016-06-23 12:15:04,2016-06-23 12:45:04,37.705254,-121.733032,,,0.0,Accident on I-580 Westbound at Exit 55 Vasco Rd.,I-580 W,Livermore,Alameda,CA,94551,US,US/Pacific,KLVK,2016-06-23 11:53:00,81.0,,28.0,30.04,10.0,WNW,13.8,,Clear,False,False,False,False,False,False,False,False,False,False,False,False,False,Day,Day,Day,Day
A-1030,Source2,3,2016-06-23 12:34:23,2016-06-23 13:04:23,37.444141,-122.267685,,,0.0,Accident on I-280 Southbound at Exit 27 Farm Hill Blvd.,Junipero Serra Fwy N,Redwood City,San Mateo,CA,94062,US,US/Pacific,KSQL,2016-06-23 12:50:00,75.2,,36.0,30.08,10.0,NNW,10.4,,Clear,False,False,False,False,False,False,False,False,False,False,False,False,False,Day,Day,Day,Day
A-1031,Source2,2,2016-06-23 12:39:50,2016-06-23 13:09:50,38.313229,-122.488098,,,0.0,Accident on Boyes Blvd both ways at Riverside Dr.,Boyes Blvd,Sonoma,Sonoma,CA,95476-3710,US,US/Pacific,KO69,2016-06-23 11:55:00,77.0,,34.0,30.08,10.0,West,10.4,,Clear,False,False,False,False,False,False,False,False,False,False,False,False,False,Day,Day,Day,Day
A-1032,Source2,2,2016-06-23 12:40:41,2016-06-23 13:10:41,37.152908,-121.652679,,,0.0,Right hand shoulder blocked due to accident on US-101 Northbound at Exit 367 Cochrane Rd.,S Valley Fwy S,Morgan Hill,Santa Clara,CA,95037,US,US/Pacific,KE16,2016-06-23 11:55:00,82.4,,26.0,30.07,10.0,NNW,13.8,,Clear,False,False,False,False,False,False,False,False,False,False,False,False,False,Day,Day,Day,Day
A-1033,Source2,2,2016-06-23 12:46:31,2016-06-23 13:16:31,37.480171,-122.406914,,,0.0,Right hand shoulder blocked due to accident on CA-92 San Mateo Rd Westbound near Quarry Rd.,San Mateo Rd,Half Moon Bay,San Mateo,CA,94019-7112,US,US/Pacific,KHAF,2016-06-23 12:55:00,60.8,,77.0,30.14,7.0,NNW,15.0,,Clear,False,False,False,False,False,False,False,False,True,False,False,False,False,Day,Day,Day,Day
A-1034,Source2,2,2016-06-23 13:05:26,2016-06-23 13:35:26,38.228519,-121.970352,,,0.0,Right hand shoulder blocked due to accident on CA-12 both ways at Scally Rd.,State Highway 12,Suisun City,Solano,CA,94585,US,US/Pacific,KSUU,2016-06-23 12:58:00,85.3,,27.0,30.01,10.0,SW,15.0,,Clear,False,False,False,False,False,False,False,False,False,True,False,False,False,Day,Day,Day,Day
A-1035,Source2,2,2016-06-23 12:56:39,2016-06-23 13:26:39,38.15519000000001,-121.676437,,,0.0,Accident on CA-12 at CA-160.,State Highway 160,Isleton,Sacramento,CA,95641-9792,US,US/Pacific,KSUU,2016-06-23 12:58:00,85.3,,27.0,30.01,10.0,SW,15.0,,Clear,False,False,False,False,False,False,False,False,False,False,False,True,False,Day,Day,Day,Day
A-1036,Source2,2,2016-06-23 12:58:28,2016-06-23 13:28:28,38.553505,-121.409332,,,0.0,Accident on US-50 Eastbound at Exit 9 Hornet Dr.,Howe Ave,Sacramento,Sacramento,CA,95826,US,US/Pacific,KMHR,2016-06-23 12:45:00,84.2,,25.0,30.01,10.0,SW,5.8,,Clear,False,False,False,False,False,False,False,False,False,False,False,False,False,Day,Day,Day,Day
A-1037,Source2,2,2016-06-23 13:05:56,2016-06-23 13:35:56,37.371944,-121.917366,,,0.0,Accident on US-101 Northbound at Exit 389B Brokaw Rd.,N 1st St,San Jose,Santa Clara,CA,95112,US,US/Pacific,KSJC,2016-06-23 12:53:00,80.1,,32.0,30.07,10.0,Variable,5.8,,Clear,False,False,False,False,False,False,False,False,False,False,False,False,False,Day,Day,Day,Day
A-1038,Source2,3,2016-06-23 13:06:36,2016-06-23 13:36:36,37.701363,-121.849533,,,0.0,Accident on I-580 Westbound at Exit 48 El Charro Rd.,Fallon Rd,Pleasanton,Alameda,CA,94588,US,US/Pacific,KLVK,2016-06-23 12:53:00,82.9,,26.0,30.04,10.0,WNW,10.4,,Clear,False,False,False,False,False,False,False,False,False,False,False,False,False,Day,Day,Day,Day
A-1039,Source2,2,2016-06-23 13:27:16,2016-06-23 13:57:16,36.973698,-121.982666,,,0.0,Accident on Bianchi Ln both ways at Harper St.,Bianchi Ln,Santa Cruz,Santa Cruz,CA,95062-3056,US,US/Pacific,KWVI,2016-06-23 13:53:00,77.0,,39.0,30.06,10.0,South,6.9,,Clear,False,False,False,False,False,False,False,False,False,False,False,False,False,Day,Day,Day,Day
A-1040,Source2,3,2016-06-23 13:24:03,2016-06-23 13:54:03,37.700855,-121.81778,,,0.0,Accident on I-580 Westbound at Exit 50 CA-84 Airway Blvd.,Airway Blvd,Livermore,Alameda,CA,94551,US,US/Pacific,KLVK,2016-06-23 13:53:00,86.0,,24.0,30.03,10.0,West,13.8,,Clear,False,False,False,False,False,False,False,False,False,False,False,False,False,Day,Day,Day,Day
A-1041,Source2,2,2016-06-23 13:30:27,2016-06-23 14:00:27,38.15519000000001,-121.676437,,,0.0,Accident on CA-12 both ways at CA-160.,State Highway 160,Isleton,Sacramento,CA,95641-9792,US,US/Pacific,KSUU,2016-06-23 13:58:00,88.0,,26.0,29.99,10.0,SW,18.4,,Partly Cloudy,False,False,False,False,False,False,False,False,False,False,False,True,False,Day,Day,Day,Day
A-1042,Source2,3,2016-06-23 13:26:32,2016-06-23 14:11:32,38.637241,-121.411476,,,0.0,Accident on I-80 Westbound at Exit 92 Winters St.,Winters St,Sacramento,Sacramento,CA,95838,US,US/Pacific,KMCC,2016-06-23 11:55:00,80.6,,26.0,30.03,9.0,Calm,,,Clear,False,False,False,False,False,False,False,False,False,False,False,False,False,Day,Day,Day,Day
A-1043,Source2,2,2016-06-23 13:27:25,2016-06-23 14:12:25,38.661057,-121.364296,,,0.0,Accident on Hillsdale Blvd at Madison Ave.,Hillsdale Blvd,Sacramento,Sacramento,CA,95842-3522,US,US/Pacific,KMCC,2016-06-23 11:55:00,80.6,,26.0,30.03,9.0,Calm,,,Clear,False,False,True,False,False,False,False,False,False,False,False,False,False,Day,Day,Day,Day
A-1044,Source2,3,2016-06-23 13:41:25,2016-06-23 14:11:25,37.945309,-122.058144,,,0.0,# 2 lane blocked due to accident on I-680 Southbound at Monument Blvd.,Monument Blvd,Pleasant Hill,Contra Costa,CA,94523,US,US/Pacific,KCCR,2016-06-23 13:53:00,89.1,,19.0,29.99,10.0,WSW,12.7,,Clear,False,False,False,False,False,False,False,False,False,False,False,True,False,Day,Day,Day,Day
A-1045,Source2,2,2016-06-23 13:43:41,2016-06-23 14:13:41,37.179729,-121.994476,,,0.0,Right hand shoulder blocked due to accident on CA-17 Santa Cruz Hwy Northbound at Alma College Rd.,Santa Cruz Hwy,Los Gatos,Santa Cruz,CA,95033-9123,US,US/Pacific,KSJC,2016-06-23 13:53:00,80.1,,36.0,30.07,10.0,NW,12.7,,Clear,False,False,False,False,False,False,False,False,False,False,False,False,False,Day,Day,Day,Day
A-1046,Source2,2,2016-06-23 13:58:07,2016-06-23 14:43:07,37.722076,-121.531799,,,0.0,Accident on Mountain House Pkwy at Schulte Rd.,W Schulte Rd,Tracy,San Joaquin,CA,95377,US,US/Pacific,KLVK,2016-06-23 13:53:00,86.0,,24.0,30.03,10.0,West,13.8,,Clear,False,False,True,False,False,False,False,False,False,False,False,True,False,Day,Day,Day,Day
A-1047,Source2,2,2016-06-23 13:57:28,2016-06-23 14:42:28,37.754169,-121.435043,,,0.0,Accident on County Hwy-J4 Grant Line Rd at Tracy Blvd.,N Tracy Blvd,Tracy,San Joaquin,CA,95376,US,US/Pacific,KSCK,2016-06-23 13:55:00,91.0,,23.0,30.0,10.0,WNW,9.2,,Clear,False,False,True,False,False,False,False,False,False,False,False,True,False,Day,Day,Day,Day
A-1048,Source2,2,2016-06-23 13:55:28,2016-06-23 14:55:28,38.050018,-121.014732,,,0.0,Accident on CA-26 at County Hwy-J6 Escalon Bellota Rd.,E Highway 26,Linden,San Joaquin,CA,95236-9427,US,US/Pacific,KSCK,2016-06-23 13:55:00,91.0,,23.0,30.0,10.0,WNW,9.2,,Clear,False,False,False,False,False,False,False,False,False,False,False,False,False,Day,Day,Day,Day
A-1049,Source2,3,2016-06-23 14:12:22,2016-06-23 14:42:22,37.997124,-122.286018,,,0.0,Right hand shoulder blocked due to accident on I-80 Westbound at Exit 22 Pinole Valley Rd.,Pinole Valley Rd,Pinole,Contra Costa,CA,94564,US,US/Pacific,KCCR,2016-06-23 13:53:00,89.1,,19.0,29.99,10.0,WSW,12.7,,Clear,False,False,False,False,False,False,False,False,False,False,False,False,False,Day,Day,Day,Day
A-1050,Source2,2,2016-06-23 14:18:52,2016-06-23 15:04:28,38.253296,-122.392021,,,0.0,Right hand shoulder blocked due to accident on CA-121 Fremont Dr both ways at Napa Rd.,Fremont Dr,Sonoma,Sonoma,CA,95476-9705,US,US/Pacific,KO69,2016-06-23 11:55:00,77.0,,34.0,30.08,10.0,West,10.4,,Clear,False,False,False,False,False,False,False,False,False,False,False,False,False,Day,Day,Day,Day
A-1051,Source2,3,2016-06-23 14:14:12,2016-06-23 14:59:12,38.707462,-121.309219,,,0.0,Accident on I-80 Eastbound at Exit 100 Antelope Rd.,I-80 E,Citrus Heights,Sacramento,CA,95621,US,US/Pacific,KMCC,2016-06-23 11:55:00,80.6,,26.0,30.03,9.0,Calm,,,Clear,False,False,False,False,False,False,False,False,False,False,False,False,False,Day,Day,Day,Day
A-1052,Source2,2,2016-06-23 14:40:44,2016-06-23 15:10:44,37.965424,-122.332581,,,0.0,Accident on Rollingwood Dr both ways at Fordham St.,Fordham St,San Pablo,Contra Costa,CA,94806-3161,US,US/Pacific,KCCR,2016-06-23 14:53:00,87.1,,21.0,29.98,10.0,WSW,16.1,,Clear,False,False,True,False,False,False,False,False,True,True,False,False,False,Day,Day,Day,Day
A-1053,Source2,2,2016-06-23 14:40:26,2016-06-23 15:25:26,38.560844,-121.76767,,,0.0,Accident on CA-113 at Exit 29 County Hwy-E6 Covell Blvd.,W Covell Blvd,Davis,Yolo,CA,95616,US,US/Pacific,KEDU,2016-06-23 13:35:00,86.0,,25.0,30.0,10.0,South,8.1,,Clear,False,False,False,False,False,False,False,False,False,False,False,False,False,Day,Day,Day,Day
A-1054,Source2,2,2016-06-23 14:41:19,2016-06-23 15:26:19,38.64922,-121.292023,,,0.0,Accident on San Juan Ave at Winding Way.,San Juan Ave,Fair Oaks,Sacramento,CA,95628-5522,US,US/Pacific,KMHR,2016-06-23 14:45:00,91.4,,20.0,29.98,10.0,SW,11.5,,Clear,False,False,True,False,False,False,False,False,False,False,False,False,False,Day,Day,Day,Day
A-1055,Source2,2,2016-06-23 14:48:27,2016-06-23 15:18:27,38.256031,-122.327896,,,0.0,Right hand shoulder blocked due to accident on CA-121 Sonoma Hwy both ways at Cuttings Wharf Rd.,Sonoma Hwy,Napa,Napa,CA,94559-9749,US,US/Pacific,KAPC,2016-06-23 14:54:00,84.0,,31.0,29.99,10.0,WSW,17.3,,Clear,False,False,False,False,False,False,False,False,False,False,False,False,False,Day,Day,Day,Day
A-1056,Source2,2,2016-06-23 14:53:08,2016-06-23 15:23:08,37.33255,-122.055733,,,0.0,#1 lane blocked due to accident on CA-85 Northbound at I-280.,Norman Y Mineta Hwy,Cupertino,Santa Clara,CA,95014,US,US/Pacific,KNUQ,2016-06-23 14:56:00,79.0,,39.0,30.07,10.0,NNW,20.7,,Clear,False,False,False,False,False,False,False,False,False,False,False,False,False,Day,Day,Day,Day
A-1057,Source2,3,2016-06-23 14:58:12,2016-06-23 15:28:12,37.700802,-121.92276,,,0.0,Right hand shoulder blocked due to accident on I-680 Northbound at Exits 30A 30B I-580.,I-580 E,Pleasanton,Alameda,CA,94588,US,US/Pacific,KLVK,2016-06-23 14:53:00,86.0,,24.0,30.03,10.0,West,12.7,,Clear,False,False,False,False,True,False,False,False,False,False,False,False,False,Day,Day,Day,Day
A-1058,Source2,3,2016-06-23 15:28:19,2016-06-23 16:28:19,38.5536,-121.690643,,,0.0,Queueing traffic due to accident on I-80 Eastbound at Exit 75 Chiles Rd.,I-80 E,Davis,Yolo,CA,95618,US,US/Pacific,KEDU,2016-06-23 13:35:00,86.0,,25.0,30.0,10.0,South,8.1,,Clear,False,False,False,False,False,False,False,False,False,False,False,False,False,Day,Day,Day,Day
A-1059,Source2,3,2016-06-23 15:26:19,2016-06-23 16:26:19,38.62479,-121.517189,,,0.0,Queueing traffic due to accident on I-5 Northbound at Exit 522 / I-80 Exit 86.,I-80 E,Sacramento,Sacramento,CA,95833,US,US/Pacific,KMCC,2016-06-23 18:55:00,86.0,,25.0,29.95,10.0,South,11.5,,Clear,False,False,False,False,False,False,False,False,False,False,False,False,False,Day,Day,Day,Day
A-1060,Source2,2,2016-06-23 15:44:09,2016-06-23 16:44:09,38.553349,-121.436615,,,0.0,Accident on US-50 Eastbound at Exit 8A / 59th St / St.,El Dorado Fwy W,Sacramento,Sacramento,CA,95819,US,US/Pacific,KSAC,2016-06-23 15:53:00,90.0,,23.0,29.96,10.0,SSW,10.4,,Clear,False,False,False,False,False,False,False,False,False,False,False,False,False,Day,Day,Day,Day
A-1061,Source2,3,2016-06-23 16:46:10,2016-06-23 17:46:10,38.633633,-121.500381,,,0.0,Accident on I-80 at Exit 88 / Truxel Rd.,Truxel Rd,Sacramento,Sacramento,CA,95834,US,US/Pacific,KMCC,2016-06-23 18:55:00,86.0,,25.0,29.95,10.0,South,11.5,,Clear,False,False,False,False,False,False,False,False,False,False,False,False,False,Day,Day,Day,Day
A-1062,Source2,3,2016-06-23 17:51:08,2016-06-23 18:51:08,37.763535,-121.418747,,,0.0,Accident on I-205 Eastbound at Exit 9 MacArthur Dr. On the median.,I-205 E,Tracy,San Joaquin,CA,95304,US,US/Pacific,KSCK,2016-06-23 17:55:00,89.1,,23.0,29.96,10.0,West,20.7,,Clear,False,False,False,False,True,False,False,False,False,False,False,False,False,Day,Day,Day,Day
A-1063,Source2,3,2016-06-23 18:10:16,2016-06-23 19:10:16,38.64056400000001,-121.47773,,,0.0,Accident on I-80 Eastbound at Exit 89 Northgate Blvd.,Northgate Blvd,Sacramento,Sacramento,CA,95834,US,US/Pacific,KMCC,2016-06-23 18:55:00,86.0,,25.0,29.95,10.0,South,11.5,,Clear,False,False,False,False,False,False,False,False,False,False,False,False,False,Day,Day,Day,Day
A-1064,Source2,3,2016-06-23 18:33:58,2016-06-23 19:33:58,38.28014,-121.457268,,,0.0,Accident on I-5 Southbound at Exit 498 / County Hwy-E13 Twin Cities Rd.,I-5 S,Elk Grove,Sacramento,CA,95757,US,US/Pacific,KSAC,2016-06-23 18:53:00,81.0,,30.0,29.94,10.0,SSW,15.0,,Clear,False,False,False,False,False,False,False,False,False,False,False,False,False,Day,Day,Day,Day
A-1065,Source2,3,2016-06-23 18:39:23,2016-06-23 19:39:23,37.961109,-121.334251,,,0.0,Accident on I-5 Southbound at Exit 474B / Country Club Blvd / Plymouth Rd.,I-5 S,Stockton,San Joaquin,CA,95203,US,US/Pacific,KSCK,2016-06-23 18:55:00,84.0,,27.0,29.97,10.0,West,21.9,,Clear,False,False,False,False,False,False,False,False,False,False,False,False,False,Day,Day,Day,Day
A-1066,Source2,3,2016-06-23 18:55:32,2016-06-23 19:25:32,37.959778,-122.330673,,,0.0,Accident on I-80 Westbound at Exit 18 San Pablo Dam Rd.,I-80 W,San Pablo,Contra Costa,CA,94806,US,US/Pacific,KCCR,2016-06-23 18:53:00,78.1,,31.0,29.98,10.0,WSW,17.3,,Clear,False,False,False,False,False,False,False,False,False,False,False,False,False,Day,Day,Day,Day
A-1067,Source2,2,2016-06-23 18:52:09,2016-06-23 19:22:09,37.817074,-122.271614,,,0.0,Accident on 27th St at Martin Luther King Jr Way.,27th St,Oakland,Alameda,CA,94612-1110,US,US/Pacific,KOAK,2016-06-23 18:53:00,70.0,,51.0,30.06,10.0,West,11.5,,Clear,True,False,True,False,False,False,False,False,True,False,False,True,False,Day,Day,Day,Day
A-1068,Source2,3,2016-06-23 18:50:13,2016-06-23 19:50:13,38.671021,-121.549782,,,0.0,Accident on I-5 Southbound at Exit 525B / CA-99 Exit 306. On the median.,CA-16 E,Sacramento,Sacramento,CA,95835,US,US/Pacific,KSMF,2016-06-23 18:53:00,87.1,,31.0,29.91,10.0,South,16.1,,Clear,False,False,False,False,True,False,False,False,False,False,False,False,False,Day,Day,Day,Day
A-1069,Source2,2,2016-06-23 19:31:21,2016-06-23 20:01:21,37.64072,-122.095894,,,0.0,Accident on CA-92 Jackson St Northbound at Exit 25B Hesperian Blvd.,W Jackson St,Hayward,Alameda,CA,94545,US,US/Pacific,KHWD,2016-06-23 19:54:00,64.9,,61.0,30.09,10.0,WSW,12.7,,Clear,False,False,False,False,False,False,False,False,False,False,False,False,False,Day,Day,Day,Day
A-1070,Source2,3,2016-06-23 19:31:36,2016-06-23 20:01:36,37.708939,-121.723686,,,0.0,Accident on I-580 Eastbound at Exit 55 Vasco Rd.,I-580 E,Livermore,Alameda,CA,94551,US,US/Pacific,KLVK,2016-06-23 19:53:00,68.0,,47.0,30.04,10.0,South,10.4,,Clear,False,False,False,False,False,False,False,False,False,False,False,False,False,Day,Day,Day,Day
A-1071,Source2,3,2016-06-23 19:26:03,2016-06-23 20:26:03,38.56369,-121.636627,,,0.0,Accident on I-80 Eastbound at Exit 78 / Chiles Rd / Road 32A.,I-80 E,Davis,Yolo,CA,95618,US,US/Pacific,KEDU,2016-06-23 19:35:00,82.4,,30.0,29.94,10.0,SSW,10.4,,Clear,False,False,False,False,False,False,False,False,False,False,False,False,False,Day,Day,Day,Day
A-1072,Source2,3,2016-06-23 19:26:59,2016-06-23 20:26:59,38.303558,-121.462143,,,0.0,Queueing traffic due to accident on I-5 Southbound in Sacramento.,I-5 S,Elk Grove,Sacramento,CA,95757,US,US/Pacific,KSAC,2016-06-23 19:53:00,75.9,,36.0,29.94,10.0,SSW,17.3,,Clear,False,False,False,False,False,False,False,False,False,False,False,False,False,Day,Day,Day,Day
A-1073,Source2,3,2016-06-23 19:56:23,2016-06-23 20:56:23,37.948418,-121.300972,,,0.0,Accident on I-5 Northbound at Exit 472 / CA-4 Exits 65A 65B / CA-4 Ort J Lofthus Fwy Exits 65A-B 66A.,Ort J Lofthus Fwy W,Stockton,San Joaquin,CA,95203,US,US/Pacific,KSCK,2016-06-23 19:55:00,77.0,,33.0,29.98,10.0,WSW,21.9,,Clear,False,False,False,False,False,False,False,False,False,False,False,False,False,Day,Day,Day,Day
A-1074,Source2,3,2016-06-23 22:27:06,2016-06-23 22:57:06,37.641117,-122.406021,,,0.0,Accident on I-380 Eastbound at Exit 6A US-101.,Bayshore Fwy S,South San Francisco,San Mateo,CA,94080,US,US/Pacific,KSFO,2016-06-23 22:32:00,57.9,,84.0,30.09,10.0,WNW,21.9,,Scattered Clouds,False,False,False,False,False,False,False,False,False,False,False,False,False,Night,Night,Night,Day
A-1075,Source2,3,2016-06-23 22:26:22,2016-06-23 22:56:22,37.318844,-121.902023,,,0.0,Accident on I-280 Southbound at Exits 3A 3B Bird Ave.,I-280 S,San Jose,Santa Clara,CA,95125,US,US/Pacific,KSJC,2016-06-23 22:53:00,64.0,,60.0,30.1,10.0,NNW,10.4,,Clear,False,False,False,False,False,False,False,False,False,False,False,False,False,Night,Night,Night,Night
A-1076,Source2,2,2016-06-23 23:47:46,2016-06-24 00:17:46,37.006371,-121.975777,,,0.0,Accident on Thurber Ln at Cabrillo Ave.,Thurber Ln,Santa Cruz,Santa Cruz,CA,95065-1145,US,US/Pacific,KWVI,2016-06-23 23:53:00,59.0,,69.0,30.1,10.0,Calm,,,Clear,False,False,False,False,False,False,False,False,False,False,False,False,False,Night,Night,Night,Night
A-1077,Source2,3,2016-06-24 00:02:45,2016-06-24 01:02:45,39.149601,-120.899033,,,0.0,One lane blocked due to accident on I-80 Westbound at Exit 140 Rollins Lake Rd.,I-80 E,Colfax,Placer,CA,95713,US,US/Pacific,KGOO,2016-06-24 00:05:00,66.2,,46.0,30.11,10.0,ESE,5.8,,Clear,False,False,False,False,False,False,False,False,False,False,False,False,False,Night,Night,Night,Night
A-1078,Source2,2,2016-06-24 01:31:16,2016-06-24 02:31:16,37.798405,-122.185043,,,0.0,Right hand shoulder blocked due to accident on CA-13 Warren Fwy Northbound at Exit 1C Aliso Ave.,Redwood Rd,Oakland,Alameda,CA,94619,US,US/Pacific,KOAK,2016-06-24 01:37:00,57.9,,84.0,30.08,10.0,West,12.7,,Mostly Cloudy,False,False,False,False,False,False,False,False,False,True,False,False,False,Night,Night,Night,Night
A-1079,Source2,2,2016-06-24 01:31:47,2016-06-24 02:31:47,38.242207,-121.805618,,,0.0,Lane blocked due to accident on CA-113 Rio Dixon Rd at Creed Rd.,Creed Rd,Suisun City,Solano,CA,94585,US,US/Pacific,KSUU,2016-06-24 01:58:00,61.0,,71.0,30.0,10.0,SW,18.4,,Clear,False,False,False,False,False,False,False,False,False,False,False,False,False,Night,Night,Night,Night
A-1080,Source2,2,2016-06-24 02:05:59,2016-06-24 03:05:59,37.769646,-122.417847,,,0.0,Middle lane blocked due to multi-vehicle accident on US-101 Van Ness Ave Northbound at Exits 434A 434B 13th St.,S Van Ness Ave,San Francisco,San Francisco,CA,94103-3714,US,US/Pacific,KSFO,2016-06-24 01:56:00,55.9,,90.0,30.09,9.0,WSW,24.2,,Overcast,False,False,True,False,False,False,False,False,False,False,False,True,False,Night,Night,Night,Night
A-1081,Source2,3,2016-06-24 02:20:24,2016-06-24 03:20:24,37.734898,-122.408661,,,0.0,Lane blocked due to accident on I-280 Northbound before Exits 54 54A 54B US-101.,I-280 S,San Francisco,San Francisco,CA,94134,US,US/Pacific,KSFO,2016-06-24 01:56:00,55.9,,90.0,30.09,9.0,WSW,24.2,,Overcast,False,False,False,False,False,False,False,False,False,False,False,False,False,Night,Night,Night,Night
A-1082,Source2,3,2016-06-24 02:20:55,2016-06-24 03:20:55,37.91497800000001,-122.065956,,,0.0,Lane blocked due to accident on I-680 Northbound before Exit 47 San Luis Rd.,I-680 N,Walnut Creek,Contra Costa,CA,94597,US,US/Pacific,KCCR,2016-06-24 01:53:00,62.1,,70.0,30.01,10.0,SSW,11.5,,Clear,False,False,False,False,False,False,False,False,False,False,False,False,False,Night,Night,Night,Night
A-1083,Source2,2,2016-06-24 03:04:15,2016-06-24 04:04:15,38.565319,-122.844475,,,0.0,Accident on Eastside Rd at Grapevine Ln.,Eastside Rd,Windsor,Sonoma,CA,95492,US,US/Pacific,KSTS,2016-06-24 02:53:00,54.0,,86.0,30.0,10.0,SSE,4.6,,Clear,False,False,False,False,False,False,False,False,False,False,False,False,False,Night,Night,Night,Night
A-1084,Source2,2,2016-06-24 03:23:33,2016-06-24 04:08:33,38.30854,-122.478676,,,0.0,Accident on Siesta Way at CA-12 Sonoma Hwy.,Highway 12,Sonoma,Sonoma,CA,95476-4423,US,US/Pacific,KO69,2016-06-24 03:15:00,51.8,,100.0,30.07,10.0,NNW,3.5,,Clear,False,False,True,False,False,False,False,False,False,False,False,True,False,Night,Night,Night,Night
A-1085,Source2,3,2016-06-24 03:33:31,2016-06-24 04:33:31,37.785542,-122.39138,,,0.0,Lane blocked on entry ramp due to accident on I-80 Eastbound at Exits 2B 2C Harrison St.,James Lick Fwy N,San Francisco,San Francisco,CA,94105,US,US/Pacific,KOAK,2016-06-24 03:39:00,57.0,,83.0,30.07,10.0,SSW,10.4,,Overcast,False,False,False,False,True,False,False,False,False,False,False,False,False,Night,Night,Night,Night
A-1086,Source2,2,2016-06-24 05:27:39,2016-06-24 06:06:00,38.445377,-121.804077,,,0.0,Accident on Dixon Ave both ways at Pedrick Rd.,Dixon Ave E,Dixon,Solano,CA,95620-9685,US,US/Pacific,KEDU,2016-06-24 05:35:00,55.4,,82.0,30.0,10.0,Calm,,,Clear,False,False,False,False,False,False,False,False,False,True,False,False,False,Night,Day,Day,Day
A-1087,Source2,3,2016-06-24 05:55:18,2016-06-24 06:34:00,37.825397,-122.304802,,,0.0,Left hand shoulder blocked due to accident on I-80 Westbound at Exits 8A 8B I-880.,I-80 W,Oakland,Alameda,CA,94607,US,US/Pacific,KOAK,2016-06-24 05:53:00,57.0,,83.0,30.07,10.0,Variable,3.5,,Overcast,False,False,False,False,True,False,False,False,False,False,False,False,False,Day,Day,Day,Day
A-1088,Source2,3,2016-06-24 06:17:30,2016-06-24 06:52:00,37.468521,-122.292183,,,0.0,Right hand shoulder blocked due to accident on I-280 Northbound at Exit 29 Edgewood Rd.,Junipero Serra Fwy N,Redwood City,San Mateo,CA,94062,US,US/Pacific,KSQL,2016-06-24 06:15:00,57.2,,88.0,30.08,10.0,Calm,,,Clear,False,False,False,False,False,False,False,False,False,False,False,False,False,Day,Day,Day,Day
A-1089,Source2,2,2016-06-24 07:59:05,2016-06-24 08:29:05,37.994461,-122.069885,,,0.0,#2 lane blocked due to accident on CA-4 Eastbound after I-680.,I-680 S,Martinez,Contra Costa,CA,94553,US,US/Pacific,KCCR,2016-06-24 07:53:00,63.0,,65.0,30.02,10.0,South,8.1,,Clear,False,False,False,False,False,False,False,False,False,False,False,False,False,Day,Day,Day,Day
A-1090,Source2,3,2016-06-24 07:36:05,2016-06-24 08:35:17,37.56221,-121.905434,,,0.0,Slow lane blocked due to accident on I-680 Southbound before Exit 18B / Sheridan Rd.,Sheridan Rd,Sunol,Alameda,CA,94586,US,US/Pacific,KLVK,2016-06-24 07:53:00,59.0,,78.0,30.06,10.0,NW,6.9,,Clear,False,False,False,False,False,False,False,False,False,False,False,False,False,Day,Day,Day,Day
A-1091,Source2,3,2016-06-24 08:14:11,2016-06-24 09:00:30,37.825237,-122.305832,,,0.0,Left lane blocked due to accident on I-80 Eastbound on Oakland Bay Bridge.,I-80 W,Oakland,Alameda,CA,94607,US,US/Pacific,KOAK,2016-06-24 07:53:00,57.0,,81.0,30.09,10.0,WNW,9.2,,Mostly Cloudy,False,False,False,False,True,False,False,False,False,False,False,False,False,Day,Day,Day,Day
A-1092,Source2,2,2016-06-24 08:24:50,2016-06-24 08:54:50,37.255516,-121.955734,,,0.0,Accident on CA-85 Northbound before CA-17. On the median.,CA-85 S,Los Gatos,Santa Clara,CA,95032,US,US/Pacific,KSJC,2016-06-24 08:53:00,64.0,,73.0,30.09,10.0,Variable,5.8,,Partly Cloudy,False,False,False,False,False,False,False,False,False,False,False,False,False,Day,Day,Day,Day
A-1093,Source2,3,2016-06-24 08:36:26,2016-06-24 09:06:26,37.57436,-121.88523899999998,,,0.0,Accident on I-680 Southbound at Andrade Rd.,Andrade Rd,Sunol,Alameda,CA,94586,US,US/Pacific,KLVK,2016-06-24 08:53:00,63.0,,70.0,30.07,10.0,Variable,3.5,,Clear,False,False,False,False,False,False,False,False,False,False,False,False,False,Day,Day,Day,Day
A-1094,Source2,2,2016-06-24 08:20:52,2016-06-24 09:07:19,37.354122,-121.866264,,,0.0,Right hand shoulder blocked due to accident on US-101 Southbound before McKee Rd.,Bayshore Fwy S,San Jose,Santa Clara,CA,95116,US,US/Pacific,KRHV,2016-06-24 07:52:00,62.6,,72.0,30.1,10.0,Calm,,,Clear,False,False,False,False,False,False,False,False,False,False,False,False,False,Day,Day,Day,Day
A-1095,Source2,2,2016-06-24 09:01:21,2016-06-24 09:31:21,38.53627,-121.447952,,,0.0,Accident on Stockton Blvd at Yosemite Ave.,Stockton Blvd,Sacramento,Sacramento,CA,95820-4021,US,US/Pacific,KSAC,2016-06-24 08:53:00,66.9,,61.0,30.05,10.0,Variable,4.6,,Clear,False,False,False,False,False,False,False,False,False,True,False,False,False,Day,Day,Day,Day
A-1096,Source2,2,2016-06-24 09:14:07,2016-06-24 09:44:07,37.68129,-121.159447,,,0.0,Accident on Gates Rd at Beckwith Rd.,N Gates Rd,Modesto,Stanislaus,CA,95358,US,US/Pacific,KMOD,2016-06-24 08:53:00,72.0,,49.0,30.03,10.0,NNW,9.2,,Clear,False,False,False,False,False,False,False,False,False,False,False,False,False,Day,Day,Day,Day
A-1097,Source2,3,2016-06-24 09:15:40,2016-06-24 09:45:40,37.546719,-122.022758,,,0.0,#2 3 &amp; 4 lane blocked due to accident on I-880 Northbound before Thornton Ave.,Thornton Ave,Fremont,Alameda,CA,94536,US,US/Pacific,KPAO,2016-06-24 09:03:00,62.6,,82.0,30.1,10.0,North,9.2,,Scattered Clouds,False,False,False,False,False,False,False,False,False,False,False,False,False,Day,Day,Day,Day
A-1098,Source2,3,2016-06-24 09:16:51,2016-06-24 09:46:51,38.803173,-121.205345,,,0.0,One lane blocked due to accident on I-80 Westbound at Exit 109 County Hwy-E3 Sierra College Blvd.,Sierra College Blvd,Rocklin,Placer,CA,95677,US,US/Pacific,KLHM,2016-06-24 09:15:00,71.6,,41.0,30.04,10.0,SSE,3.5,,Clear,False,False,False,False,False,False,False,False,False,False,False,False,False,Day,Day,Day,Day
A-1099,Source2,2,2016-06-24 09:34:09,2016-06-24 10:04:09,38.169338,-122.199928,,,0.0,Right hand shoulder blocked due to accident on I-80 Eastbound after Hiddenbrooke Pkwy.,I-80 E,American Canyon,Solano,CA,94503,US,US/Pacific,KAPC,2016-06-24 09:54:00,64.0,,73.0,30.05,10.0,SSW,6.9,,Clear,False,False,False,False,False,False,False,False,False,False,False,False,False,Day,Day,Day,Day
A-1100,Source2,3,2016-06-24 09:53:22,2016-06-24 10:23:22,37.910786,-122.31713899999998,,,0.0,#2 lane blocked due to accident on I-80 Westbound before Carlson Blvd.,I-80 E,Richmond,Contra Costa,CA,94804,US,US/Pacific,KCCR,2016-06-24 09:53:00,73.0,,42.0,30.03,10.0,NW,6.9,,Clear,False,False,True,False,False,False,False,False,False,False,False,True,False,Day,Day,Day,Day
A-1101,Source2,3,2016-06-24 09:50:10,2016-06-24 10:20:10,38.38042100000001,-121.477669,,,0.0,Left hand shoulder blocked due to accident on I-5 Northbound at Exit 504 Hood Franklin Rd.,I-5 N,Elk Grove,Sacramento,CA,95757,US,US/Pacific,KSAC,2016-06-24 09:53:00,72.0,,49.0,30.04,10.0,North,3.5,,Clear,False,False,False,False,False,False,False,False,False,False,False,False,False,Day,Day,Day,Day
A-1102,Source2,3,2016-06-24 09:57:02,2016-06-24 10:27:02,38.639168,-121.384186,,,0.0,Left hand shoulder blocked due to accident on I-80 Bus Capital City Fwy Southbound at Exit 14B Watt Ave.,Capital City Fwy W,Sacramento,Sacramento,CA,95821,US,US/Pacific,KMCC,2016-06-24 11:35:00,80.6,,32.0,30.05,9.0,NNW,10.4,,Clear,False,False,False,False,False,False,False,False,False,False,False,False,False,Day,Day,Day,Day
A-1103,Source2,2,2016-06-24 09:55:36,2016-06-24 10:25:36,38.642067,-121.380585,,,0.0,Accident on Watt Ave Southbound before I-80 Bus Capital City Fwy.,Capital City Fwy E,Sacramento,Sacramento,CA,95841,US,US/Pacific,KMCC,2016-06-24 11:35:00,80.6,,32.0,30.05,9.0,NNW,10.4,,Clear,False,False,False,False,False,False,False,False,False,False,False,False,False,Day,Day,Day,Day
A-1104,Source2,3,2016-06-24 10:08:35,2016-06-24 10:38:35,37.825397,-122.304802,,,0.0,Middle lane blocked due to accident on I-80 Westbound at Exits 8A 8B I-880.,I-80 W,Oakland,Alameda,CA,94607,US,US/Pacific,KOAK,2016-06-24 09:53:00,61.0,,70.0,30.1,10.0,South,5.8,,Scattered Clouds,False,False,False,False,True,False,False,False,False,False,False,False,False,Day,Day,Day,Day
A-1105,Source2,3,2016-06-24 10:12:07,2016-06-24 10:42:07,37.34737,-121.841576,,,0.0,Accident on I-680 Southbound at Exits 1B 1C King Rd.,I-680 S,San Jose,Santa Clara,CA,95116,US,US/Pacific,KRHV,2016-06-24 09:47:00,68.0,,60.0,30.11,10.0,NW,11.5,,Clear,False,False,False,False,False,False,False,False,False,False,False,False,False,Day,Day,Day,Day
A-1106,Source2,3,2016-06-24 10:15:39,2016-06-24 10:45:39,37.910786,-122.31713899999998,,,0.0,Left lane blocked due to accident on I-80 Westbound at Exit 14B Carlson Blvd.,I-80 E,Richmond,Contra Costa,CA,94804,US,US/Pacific,KCCR,2016-06-24 09:53:00,73.0,,42.0,30.03,10.0,NW,6.9,,Clear,False,False,True,False,False,False,False,False,False,False,False,True,False,Day,Day,Day,Day
A-1107,Source2,2,2016-06-24 10:14:25,2016-06-24 10:59:25,38.496033,-121.446091,,,0.0,Accident on Florin Rd at CA-99.,Florin Rd,Sacramento,Sacramento,CA,95823,US,US/Pacific,KSAC,2016-06-24 09:53:00,72.0,,49.0,30.04,10.0,North,3.5,,Clear,False,False,False,False,False,False,False,False,False,False,False,False,False,Day,Day,Day,Day
A-1108,Source2,3,2016-06-24 10:31:04,2016-06-24 11:01:04,37.966309,-122.322304,,,0.0,Right hand shoulder blocked due to accident on I-80 Westbound before El Portal Dr.,El Portal Dr,San Pablo,Contra Costa,CA,94806,US,US/Pacific,KCCR,2016-06-24 10:53:00,75.9,,38.0,30.02,10.0,NW,9.2,,Clear,False,False,False,False,False,False,False,False,False,False,False,False,False,Day,Day,Day,Day
A-1109,Source2,2,2016-06-24 10:45:44,2016-06-24 11:15:44,39.147251,-121.031898,,,0.0,Accident on Carrie Dr at Dog Bar Rd.,Dog Bar Rd,Grass Valley,Nevada,CA,95949-6436,US,US/Pacific,KGOO,2016-06-24 11:45:00,75.2,,29.0,30.15,10.0,SW,4.6,,Clear,False,False,False,False,False,False,False,False,False,False,False,False,False,Day,Day,Day,Day
A-1110,Source2,3,2016-06-24 10:50:15,2016-06-24 11:20:15,37.506687,-122.338402,,,0.0,Accident on I-280 Northbound before CA-92.,I-280 S,Redwood City,San Mateo,CA,94062,US,US/Pacific,KSQL,2016-06-24 10:55:00,66.2,,73.0,30.1,10.0,NE,8.1,,Clear,False,False,False,False,False,False,False,False,False,False,False,False,False,Day,Day,Day,Day
A-1111,Source2,2,2016-06-24 10:47:57,2016-06-24 11:17:57,36.578545,-121.727089,,,0.0,Right hand shoulder blocked due to accident on CA-68 Monterey Salinas Hwy Westbound at Corral de Tierra Rd.,Monterey Salinas Hwy,Salinas,Monterey,CA,93908-9326,US,US/Pacific,KSNS,2016-06-24 10:53:00,63.0,,67.0,30.12,10.0,West,11.5,,Clear,False,False,False,False,False,False,False,False,True,False,False,False,False,Day,Day,Day,Day
A-1112,Source2,2,2016-06-24 10:50:32,2016-06-24 11:20:32,38.55061,-121.422722,,,0.0,Right hand shoulder blocked due to accident on US-50 Eastbound at Exits 8 8B 65th St.,US-50 E,Sacramento,Sacramento,CA,95820,US,US/Pacific,KSAC,2016-06-24 10:53:00,75.0,,46.0,30.05,10.0,Calm,,,Clear,False,False,False,False,True,False,False,False,False,False,False,False,False,Day,Day,Day,Day
A-1113,Source2,2,2016-06-24 10:56:19,2016-06-24 11:26:19,38.55962,-121.266693,,,0.0,Shoulder blocked due to accident on Douglas Rd at Mather Blvd.,Mather Blvd,Mather,Sacramento,CA,95655-2903,US,US/Pacific,KMHR,2016-06-24 10:46:00,73.4,,47.0,30.05,10.0,Calm,,,Clear,False,False,False,False,False,False,False,False,False,False,False,False,False,Day,Day,Day,Day
A-1114,Source2,2,2016-06-24 11:00:05,2016-06-24 11:30:05,37.409328,-121.99865,,,0.0,Right hand shoulder blocked due to accident on CA-237 Westbound before Lawrence Expy.,Lawrence Expy,Sunnyvale,Santa Clara,CA,94089,US,US/Pacific,KNUQ,2016-06-24 10:56:00,68.0,,63.0,30.1,10.0,NNE,5.8,,Clear,False,False,False,False,False,False,False,False,False,False,False,False,False,Day,Day,Day,Day
A-1115,Source2,3,2016-06-24 11:02:47,2016-06-24 11:32:47,37.328579,-121.871277,,,0.0,Right hand shoulder blocked due to accident on I-280 Northbound from 4th St to 10th St.,S 11th St,San Jose,Santa Clara,CA,95112,US,US/Pacific,KSJC,2016-06-24 10:53:00,70.0,,53.0,30.08,10.0,Calm,,,Clear,False,False,False,False,False,False,False,False,False,False,False,False,False,Day,Day,Day,Day
A-1116,Source2,3,2016-06-24 11:05:00,2016-06-24 11:35:00,37.784817,-121.306778,,,0.0,Shoulder blocked due to accident on I-5 Northbound at Exit 461 CA-120.,CA-120 E,Lathrop,San Joaquin,CA,95330,US,US/Pacific,KSCK,2016-06-24 10:55:00,77.0,,42.0,30.04,10.0,NW,9.2,,Clear,False,False,False,False,False,False,False,False,False,False,False,False,False,Day,Day,Day,Day
A-1117,Source2,2,2016-06-24 11:04:32,2016-06-24 11:34:32,37.711136,-121.013069,,,0.0,Accident on CA-219 Kiernan Ave at Tully Rd.,Tully Rd,Modesto,Stanislaus,CA,95356-9727,US,US/Pacific,KMOD,2016-06-24 10:53:00,79.0,,34.0,30.03,10.0,NNW,12.7,,Clear,False,False,False,False,False,False,False,False,False,False,False,True,False,Day,Day,Day,Day
A-1118,Source2,3,2016-06-24 11:15:44,2016-06-24 11:45:44,37.361137,-122.120232,,,0.0,Right hand shoulder blocked due to accident on I-280 Northbound at El Monte Rd.,I-280 S,Los Altos,Santa Clara,CA,94022,US,US/Pacific,KNUQ,2016-06-24 10:56:00,68.0,,63.0,30.1,10.0,NNE,5.8,,Clear,False,False,False,False,False,False,False,False,False,False,False,False,False,Day,Day,Day,Day
A-1119,Source2,3,2016-06-24 11:31:13,2016-06-24 12:01:13,37.701363,-121.849533,,,0.0,Accident on I-580 Westbound before Exit 48 El Charro Rd. On the median.,Fallon Rd,Pleasanton,Alameda,CA,94588,US,US/Pacific,KLVK,2016-06-24 11:53:00,75.9,,36.0,30.05,10.0,Variable,4.6,,Clear,False,False,False,False,False,False,False,False,False,False,False,False,False,Day,Day,Day,Day
A-1120,Source2,2,2016-06-24 11:33:38,2016-06-24 12:03:38,37.609097,-121.085251,,,0.0,Accident on Stone Ave at Paradise Rd.,Stone Ave,Modesto,Stanislaus,CA,95358,US,US/Pacific,KMOD,2016-06-24 11:53:00,82.0,,34.0,30.03,10.0,NW,13.8,,Clear,False,False,False,False,False,False,False,False,False,False,False,False,False,Day,Day,Day,Day
A-1121,Source2,3,2016-06-24 11:36:12,2016-06-24 12:06:12,37.38237,-121.904358,,,0.0,Accident on I-880 Southbound before Brokaw Rd. On the median.,E Brokaw Rd,San Jose,Santa Clara,CA,95131-2310,US,US/Pacific,KSJC,2016-06-24 11:53:00,73.9,,41.0,30.07,10.0,NW,9.2,,Clear,False,False,False,False,False,False,False,False,False,False,False,False,False,Day,Day,Day,Day
A-1122,Source2,3,2016-06-24 11:50:13,2016-06-24 12:20:13,37.33255,-122.055733,,,0.0,Accident on I-280 Northbound before CA-85. On the median.,Norman Y Mineta Hwy,Cupertino,Santa Clara,CA,95014,US,US/Pacific,KNUQ,2016-06-24 11:56:00,71.1,,59.0,30.09,10.0,NNW,6.9,,Clear,False,False,False,False,False,False,False,False,False,False,False,False,False,Day,Day,Day,Day
A-1123,Source2,2,2016-06-24 12:03:32,2016-06-24 12:33:32,37.841545,-122.224525,,,0.0,Accident on CA-13 Warren Fwy Northbound at Broadway Ter.,Broadway Ter,Oakland,Alameda,CA,94611,US,US/Pacific,KOAK,2016-06-24 11:53:00,66.9,,59.0,30.09,10.0,West,9.2,,Clear,False,False,False,False,False,False,False,False,False,False,False,False,False,Day,Day,Day,Day
A-1124,Source2,3,2016-06-24 12:05:50,2016-06-24 12:50:50,37.693584,-122.057106,,,0.0,Right hand shoulder blocked due to accident on I-580 Westbound at Exit 37 Castro Valley Blvd.,Grove Way,Castro Valley,Alameda,CA,94552,US,US/Pacific,KHWD,2016-06-24 11:54:00,68.0,,52.0,30.11,10.0,West,6.9,,Clear,False,False,False,False,False,False,False,False,False,False,False,False,False,Day,Day,Day,Day
A-1125,Source2,2,2016-06-24 11:56:21,2016-06-24 12:56:21,38.574223,-121.406075,,,0.0,Right hand shoulder blocked due to accident on Fair Oaks Blvd at Fulton Ave.,Fair Oaks Blvd,Sacramento,Sacramento,CA,95825,US,US/Pacific,KMCC,2016-06-24 11:55:00,80.6,,32.0,30.05,10.0,NNW,5.8,,Clear,False,False,False,False,False,False,False,False,False,True,False,False,False,Day,Day,Day,Day
A-1126,Source2,3,2016-06-24 12:18:27,2016-06-24 12:48:27,37.529819,-122.002083,,,0.0,Right hand shoulder blocked due to accident on I-880 Southbound at Exit 17 Mowry Ave.,Mowry Ave,Fremont,Alameda,CA,94538,US,US/Pacific,KPAO,2016-06-24 12:47:00,71.6,,69.0,30.07,10.0,North,11.5,,Clear,False,False,False,False,False,False,False,False,False,False,False,False,False,Day,Day,Day,Day
A-1127,Source2,2,2016-06-24 12:22:44,2016-06-24 12:52:44,37.628124,-122.121002,,,0.0,Slow traffic due to accident on CA-92 Jackson St Westbound near Exit 24 Clawiter Rd.,Clawiter Rd,Hayward,Alameda,CA,94545,US,US/Pacific,KHWD,2016-06-24 11:54:00,68.0,,52.0,30.11,10.0,West,6.9,,Clear,False,False,False,False,False,False,False,False,False,False,False,False,False,Day,Day,Day,Day
A-1128,Source2,2,2016-06-24 12:21:36,2016-06-24 12:51:36,38.600388,-121.373932,,,0.0,Accident on Winding Creek Rd near Maple Glen Rd.,Winding Creek Rd,Sacramento,Sacramento,CA,95864-1660,US,US/Pacific,KMHR,2016-06-24 12:45:00,82.4,,32.0,30.02,10.0,NW,9.2,,Clear,False,False,False,False,False,False,False,False,False,True,False,False,False,Day,Day,Day,Day
A-1129,Source2,3,2016-06-24 12:47:29,2016-06-24 13:47:29,37.866753,-122.303642,,,0.0,Accident on I-80 I-580 Westbound at University Ave.,I-580 W,Berkeley,Alameda,CA,94710,US,US/Pacific,KOAK,2016-06-24 12:53:00,70.0,,49.0,30.07,10.0,West,10.4,,Clear,False,False,False,False,False,False,False,False,False,False,False,False,False,Day,Day,Day,Day
A-1130,Source2,3,2016-06-24 12:49:42,2016-06-24 13:34:42,37.320629,-121.995506,,,0.0,Accident on I-280 Southbound at Exit 9 County Hwy-G2 Lawrence Expy.,I-280 S,San Jose,Santa Clara,CA,95129,US,US/Pacific,KSJC,2016-06-24 12:53:00,75.9,,40.0,30.06,10.0,NW,10.4,,Clear,False,False,False,False,False,True,False,False,False,False,False,False,False,Day,Day,Day,Day
A-1131,Source2,3,2016-06-24 12:51:46,2016-06-24 13:51:46,37.317062,-121.974922,,,0.0,One lane blocked due to accident on I-280 Northbound at Exit 7 Saratoga Ave.,Saratoga Ave,San Jose,Santa Clara,CA,95129,US,US/Pacific,KSJC,2016-06-24 12:53:00,75.9,,40.0,30.06,10.0,NW,10.4,,Clear,False,False,False,False,False,False,False,False,False,False,False,False,False,Day,Day,Day,Day
A-1132,Source2,2,2016-06-24 13:04:21,2016-06-24 13:34:21,37.90270200000001,-122.515602,,,0.0,Slow lane blocked due to accident on US-101 Northbound at Exits 447 447B Blithedale Ave.,E Blithedale Ave,Mill Valley,Marin,CA,94941,US,US/Pacific,KDVO,2016-06-24 12:55:00,80.6,,42.0,30.06,,SSE,5.8,,Clear,True,False,False,False,False,False,False,False,False,False,False,False,False,Day,Day,Day,Day
A-1133,Source2,3,2016-06-24 13:12:07,2016-06-24 13:42:07,37.633923,-122.415802,,,0.0,Accident on I-380 Eastbound at Exit 5 CA-82 El Camino Real.,I-380 E,San Bruno,San Mateo,CA,94066,US,US/Pacific,KSFO,2016-06-24 12:56:00,70.0,,49.0,30.08,10.0,WNW,16.1,,Partly Cloudy,False,False,False,False,False,False,False,False,False,False,False,False,False,Day,Day,Day,Day
A-1134,Source2,2,2016-06-24 13:12:04,2016-06-24 13:42:04,37.58430900000001,-122.328735,,,0.0,Three lanes blocked due to accident on US-101 Northbound at Exit 417B Peninsula Ave.,Bayshore Fwy S,San Mateo,San Mateo,CA,94401,US,US/Pacific,KSFO,2016-06-24 12:56:00,70.0,,49.0,30.08,10.0,WNW,16.1,,Partly Cloudy,False,False,False,False,False,False,False,False,False,False,False,False,False,Day,Day,Day,Day
A-1135,Source2,2,2016-06-24 13:06:39,2016-06-24 13:36:39,37.551727,-122.294746,,,0.0,Accident on US-101 Southbound at Exit 414B CA-92.,Bayshore Fwy S,San Mateo,San Mateo,CA,94403,US,US/Pacific,KSQL,2016-06-24 12:47:00,71.6,,53.0,30.08,10.0,North,9.2,,Clear,False,False,False,False,False,False,False,False,False,False,False,False,False,Day,Day,Day,Day
A-1136,Source2,2,2016-06-24 13:11:37,2016-06-24 13:41:37,37.513973,-122.256027,,,0.0,Two lanes blocked due to accident on US-101 Northbound at Exit 411 Holly St.,US-101 N,San Carlos,San Mateo,CA,94070,US,US/Pacific,KSQL,2016-06-24 12:47:00,71.6,,53.0,30.08,10.0,North,9.2,,Clear,False,False,False,False,True,False,False,False,False,False,False,False,False,Day,Day,Day,Day
A-1137,Source2,2,2016-06-24 13:18:04,2016-06-24 13:48:04,38.150757,-122.449348,,,0.0,Right hand shoulder blocked due to accident on CA-37 Sears Point Rd Westbound at CA-121 Arnold Dr.,Sears Point Rd,Sonoma,Sonoma,CA,95476,US,US/Pacific,KO69,2016-06-24 13:15:00,82.4,,37.0,30.06,10.0,West,5.8,,Clear,False,False,False,False,False,False,False,False,False,False,False,True,False,Day,Day,Day,Day
A-1138,Source2,2,2016-06-24 13:28:36,2016-06-24 13:58:36,36.977287,-121.908417,,,0.0,Accident on CA-1 Westbound at Exit 435 State Park Dr.,State Highway 1,Aptos,Santa Cruz,CA,95003,US,US/Pacific,KWVI,2016-06-24 13:53:00,73.9,,50.0,30.06,10.0,South,5.8,,Clear,False,False,False,False,False,False,False,False,False,False,False,False,False,Day,Day,Day,Day
A-1139,Source2,2,2016-06-24 13:36:40,2016-06-24 14:34:00,38.553822,-121.409431,,,0.0,Accident on US-50 Eastbound at Exit 9 Hornet Dr.,Howe Ave,Sacramento,Sacramento,CA,95826,US,US/Pacific,KMHR,2016-06-24 13:58:00,86.0,,31.0,30.0,10.0,North,12.7,,Clear,False,False,False,False,False,False,False,False,False,False,False,False,False,Day,Day,Day,Day
A-1140,Source2,2,2016-06-24 13:54:57,2016-06-24 14:24:57,38.427666,-122.769203,,,0.0,Accident on CA-12 Sebastopol Rd Westbound at Wright Rd.,N Wright Rd,Santa Rosa,Sonoma,CA,95407,US,US/Pacific,KSTS,2016-06-24 13:53:00,87.1,,20.0,29.99,10.0,Variable,4.6,,Clear,False,False,True,False,False,False,False,False,False,False,False,True,False,Day,Day,Day,Day
A-1141,Source2,2,2016-06-24 13:48:03,2016-06-24 14:18:03,37.469074,-122.20531499999998,,,0.0,Right hand shoulder blocked due to accident on Amherst Ave near Glendale Ave.,Glendale Ave,Menlo Park,San Mateo,CA,94025-3856,US,US/Pacific,KPAO,2016-06-24 14:47:00,77.0,,50.0,30.04,10.0,WSW,13.8,,Clear,False,False,False,False,False,False,False,False,False,True,False,False,False,Day,Day,Day,Day
A-1142,Source2,3,2016-06-24 13:47:25,2016-06-24 14:17:25,37.320629,-121.995506,,,0.0,Lane blocked due to accident on I-280 Northbound at Exit 9 County Hwy-G2 Lawrence Expy.,I-280 S,San Jose,Santa Clara,CA,95129,US,US/Pacific,KSJC,2016-06-24 13:53:00,79.0,,30.0,30.04,10.0,WNW,11.5,,Clear,False,False,False,False,False,True,False,False,False,False,False,False,False,Day,Day,Day,Day
A-1143,Source2,3,2016-06-24 13:50:55,2016-06-24 14:20:55,37.76005900000001,-121.965576,,,0.0,Left lane blocked due to accident on I-680 Southbound at Exit 34 Bollinger Canyon Rd.,I-680 S,San Ramon,Contra Costa,CA,94583,US,US/Pacific,KLVK,2016-06-24 13:53:00,82.9,,29.0,30.01,10.0,SW,5.8,,Clear,False,False,False,False,False,False,False,False,False,False,False,False,False,Day,Day,Day,Day
A-1144,Source2,2,2016-06-24 13:54:40,2016-06-24 14:52:00,38.623131,-121.266632,,,0.0,One lane blocked due to accident on County Hwy-E2 Sunrise Blvd Northbound at Gold Express Dr.,Trinity River Dr,Rancho Cordova,Sacramento,CA,95670-2961,US,US/Pacific,KMHR,2016-06-24 13:58:00,86.0,,31.0,30.0,10.0,North,12.7,,Clear,False,False,False,False,False,False,False,False,False,False,False,False,False,Day,Day,Day,Day
A-1145,Source2,2,2016-06-24 14:01:49,2016-06-24 14:31:49,36.978031,-121.910309,,,0.0,Right hand shoulder blocked due to accident on CA-1 Northbound at Exit 435 State Park Dr.,State Park Dr,Aptos,Santa Cruz,CA,95003,US,US/Pacific,KWVI,2016-06-24 13:53:00,73.9,,50.0,30.06,10.0,South,5.8,,Clear,False,False,False,False,False,False,False,False,False,False,False,False,False,Day,Day,Day,Day
A-1146,Source2,2,2016-06-24 14:03:36,2016-06-24 14:33:36,37.645321,-122.4496,,,0.0,Accident on Westborough Blvd at Junipero Serra Blvd.,I-280 S,South San Francisco,San Mateo,CA,94080,US,US/Pacific,KSFO,2016-06-24 13:56:00,72.0,,46.0,30.07,10.0,WNW,18.4,,Partly Cloudy,False,False,False,False,False,False,False,False,False,False,False,False,False,Day,Day,Day,Day
A-1147,Source2,3,2016-06-24 14:06:46,2016-06-24 14:36:46,37.369137,-121.84787,,,0.0,Accident on I-680 Eastbound at Exit 2B McKee Rd.,Tortola Way,San Jose,Santa Clara,CA,95133-2342,US,US/Pacific,KRHV,2016-06-24 13:47:00,80.6,,28.0,30.06,10.0,NW,11.5,,Clear,False,False,False,False,False,False,False,False,False,False,False,False,False,Day,Day,Day,Day
A-1148,Source2,2,2016-06-24 14:08:00,2016-06-24 15:05:00,38.690338,-121.382881,,,0.0,Accident on Watt Ave at County Hwy-E14 Elkhorn Blvd.,Elkhorn Blvd,North Highlands,Sacramento,CA,95660,US,US/Pacific,KMCC,2016-06-24 14:15:00,84.2,,30.0,30.02,9.0,NW,10.4,,Clear,False,False,False,False,False,False,False,False,False,False,False,True,False,Day,Day,Day,Day
A-1149,Source2,2,2016-06-24 14:30:33,2016-06-24 15:30:00,38.003117,-121.257576,,,0.0,Accident on Wilson Way at CA-99.,CA-99 S,Stockton,San Joaquin,CA,95215,US,US/Pacific,KSCK,2016-06-24 14:55:00,89.1,,29.0,29.99,10.0,WNW,11.5,,Clear,False,False,False,False,False,False,False,False,False,False,False,False,False,Day,Day,Day,Day
A-1150,Source2,2,2016-06-24 14:37:24,2016-06-24 15:07:24,37.824085,-122.267754,,,0.0,Accident on CA-24 Westbound at Exits 2 2B I-580.,I-580 E,Oakland,Alameda,CA,94609,US,US/Pacific,KOAK,2016-06-24 14:53:00,75.0,,44.0,30.05,10.0,West,16.1,,Clear,False,False,False,False,True,False,False,False,False,False,False,False,False,Day,Day,Day,Day
A-1151,Source2,2,2016-06-24 14:38:35,2016-06-24 15:36:00,38.524895,-121.467789,,,0.0,Accident on CA-99 Sacramento Fwy Northbound at Exit 296 Fruitridge Rd.,Fruitridge Rd,Sacramento,Sacramento,CA,95824,US,US/Pacific,KSAC,2016-06-24 14:53:00,88.0,,22.0,29.99,10.0,NNW,9.2,,Clear,False,False,False,False,True,False,False,False,False,False,False,False,False,Day,Day,Day,Day
A-1152,Source2,2,2016-06-24 14:47:02,2016-06-24 15:47:02,36.97921,-121.979698,,,0.0,Accident on Chanticleer Ave at Chanticleer Ln.,Chanticleer Ln,Santa Cruz,Santa Cruz,CA,95062,US,US/Pacific,KWVI,2016-06-24 14:53:00,72.0,,49.0,30.05,10.0,South,8.1,,Clear,False,False,True,False,False,False,False,False,False,True,False,False,False,Day,Day,Day,Day
A-1153,Source2,2,2016-06-24 14:48:52,2016-06-24 15:48:52,37.490078,-121.929527,,,0.0,Right hand shoulder blocked due to accident on CA-262 Mission Blvd at Warm Springs Blvd.,Mission Blvd,Fremont,Alameda,CA,94539,US,US/Pacific,KNUQ,2016-06-24 14:56:00,78.1,,39.0,30.06,10.0,North,12.7,,Clear,False,False,True,False,False,False,False,False,False,False,False,True,False,Day,Day,Day,Day
A-1154,Source2,2,2016-06-24 15:37:48,2016-06-24 16:07:48,37.62714,-122.401558,,,0.0,Accident on US-101 Northbound at Exits 423A 423B San Bruno Ave.,US-101 N,San Bruno,San Mateo,CA,94066,US,US/Pacific,KSFO,2016-06-24 15:56:00,69.1,,47.0,30.06,10.0,West,26.5,,Clear,False,False,False,False,True,False,False,False,True,False,False,False,False,Day,Day,Day,Day
A-1155,Source2,3,2016-06-24 15:54:10,2016-06-24 16:54:10,38.631481,-121.505196,,,0.0,Right hand shoulder blocked due to accident on I-80 Westbound at Exit 88 Truxel Rd.,I-80 W,Sacramento,Sacramento,CA,95834,US,US/Pacific,KMCC,2016-06-24 15:55:00,87.8,,22.0,29.99,10.0,West,11.5,,Clear,False,False,False,False,False,False,False,False,False,False,False,False,False,Day,Day,Day,Day
A-1156,Source2,3,2016-06-24 15:54:51,2016-06-24 17:24:51,38.645542,-121.383156,,,0.0,Accident on I-80 Westbound at Exits 94A 94B Watt Ave. On the median.,Watt Ave,North Highlands,Sacramento,CA,95660,US,US/Pacific,KMCC,2016-06-24 15:55:00,87.8,,22.0,29.99,10.0,West,11.5,,Clear,False,False,False,False,False,False,False,False,False,False,False,False,False,Day,Day,Day,Day
A-1157,Source2,3,2016-06-24 16:32:12,2016-06-24 17:32:12,38.70101500000001,-121.781372,,,0.0,Accident on I-5 Northbound at Exit 540 / County Hwy-99 / County Road 99.,I-5 N,Woodland,Yolo,CA,95695,US,US/Pacific,KEDU,2016-06-24 16:30:00,91.4,,10.0,29.97,10.0,NNW,8.1,,Clear,False,False,False,False,True,False,False,False,False,False,False,False,False,Day,Day,Day,Day
A-1158,Source2,3,2016-06-24 16:50:04,2016-06-24 17:20:04,37.84407,-122.297653,,,0.0,Accident on I-80 I-580 Eastbound at Exit 10 I-80 I-580.,I-580 W,Emeryville,Alameda,CA,94608,US,US/Pacific,KOAK,2016-06-24 16:53:00,71.1,,47.0,30.02,10.0,West,13.8,,Clear,False,False,False,False,True,False,False,False,False,False,False,False,False,Day,Day,Day,Day
A-1159,Source2,3,2016-06-24 17:04:35,2016-06-24 17:34:35,37.830669,-122.293343,,,0.0,Accident on I-80 I-580 Westbound at Exit 19A I-80 I-580.,I-580 W,Emeryville,Alameda,CA,94608,US,US/Pacific,KOAK,2016-06-24 16:53:00,71.1,,47.0,30.02,10.0,West,13.8,,Clear,False,False,False,False,False,False,False,False,False,False,False,False,False,Day,Day,Day,Day
A-1160,Source2,3,2016-06-24 17:06:48,2016-06-24 17:36:48,37.781002,-122.238876,,,0.0,Accident on Livingston St Southbound in Alameda.,Livingston St,Oakland,Alameda,CA,94606,US,US/Pacific,KOAK,2016-06-24 16:53:00,71.1,,47.0,30.02,10.0,West,13.8,,Clear,False,False,False,False,False,False,False,False,False,False,False,False,False,Day,Day,Day,Day
A-1161,Source2,3,2016-06-24 17:06:12,2016-06-24 17:36:12,37.685928,-121.916649,,,0.0,Accident on I-680 Northbound at Exit 29 Stoneridge Dr.,I-680 N,Pleasanton,Alameda,CA,94588,US,US/Pacific,KLVK,2016-06-24 16:53:00,84.9,,30.0,29.97,10.0,WNW,13.8,,Clear,False,False,False,False,True,False,False,False,False,False,False,False,False,Day,Day,Day,Day
A-1162,Source2,3,2016-06-24 17:13:56,2016-06-24 17:43:56,37.99185900000001,-122.307922,,,0.0,Accident on I-80 Eastbound at Exit 20 Richmond Pkwy.,I-80 E,San Pablo,Contra Costa,CA,94806,US,US/Pacific,KCCR,2016-06-24 16:53:00,89.1,,23.0,29.93,10.0,NNW,9.2,,Clear,False,False,False,False,False,False,False,False,False,False,False,False,False,Day,Day,Day,Day
A-1163,Source2,3,2016-06-24 17:21:09,2016-06-24 18:21:09,38.769264,-121.24955,,,0.0,Accident on I-80 Eastbound at Exit 106 / CA-65 Exits 306A 306B.,I-80 E,Roseville,Placer,CA,95661,US,US/Pacific,KMCC,2016-06-24 17:15:00,89.6,,14.0,29.96,10.0,NW,12.7,,Clear,False,False,False,False,True,False,False,False,False,False,False,False,False,Day,Day,Day,Day
A-1164,Source2,3,2016-06-24 17:31:23,2016-06-24 18:31:23,38.577106,-121.50781200000002,,,0.0,Queueing traffic due to accident on I-5 Southbound at Exits 518 519A / I-80 Bus Capital City Fwy Exits 4A 4B / CA-99 CA-16.,CA-99 S,Sacramento,Sacramento,CA,95814,US,US/Pacific,KSAC,2016-06-24 17:53:00,91.9,,10.0,29.94,10.0,NW,9.2,,Clear,False,False,False,False,False,False,False,False,False,False,False,False,False,Day,Day,Day,Day
A-1165,Source2,2,2016-06-24 18:22:10,2016-06-24 19:22:10,38.524895,-121.467789,,,0.0,Accident on CA-99 Sacramento Fwy Southbound at Exit 296 Fruitridge Rd. On exit ramp.,Fruitridge Rd,Sacramento,Sacramento,CA,95824,US,US/Pacific,KSAC,2016-06-24 17:53:00,91.9,,10.0,29.94,10.0,NW,9.2,,Clear,False,False,False,False,True,False,False,False,False,False,False,False,False,Day,Day,Day,Day
A-1166,Source2,3,2016-06-24 18:23:46,2016-06-24 19:23:46,38.81913,-121.186066,,,0.0,Accident on I-80 Eastbound at Exit 110 Horseshoe Bar Rd.,I-80 E,Loomis,Placer,CA,95650,US,US/Pacific,KLHM,2016-06-24 18:15:00,89.6,,15.0,29.93,10.0,NW,9.2,,Clear,False,False,False,False,False,False,False,False,False,False,False,False,False,Day,Day,Day,Day
A-1167,Source2,3,2016-06-24 18:46:15,2016-06-24 19:16:15,37.640083,-122.090614,,,0.0,Accident on I-880 Southbound at Exit 27 CA-92 Jackson St.,Nimitz Fwy S,Hayward,Alameda,CA,94545,US,US/Pacific,KHWD,2016-06-24 18:54:00,70.0,,47.0,30.01,10.0,West,9.2,,Clear,False,False,False,False,False,False,False,False,False,False,False,False,False,Day,Day,Day,Day
A-1168,Source2,3,2016-06-24 19:12:11,2016-06-24 19:42:11,37.808498,-122.366852,,,0.0,Accident on I-80 Eastbound at Exit 4A Treasure Is.,San Francisco-Oakland Bay Brg E,San Francisco,San Francisco,CA,94130,US,US/Pacific,KOAK,2016-06-24 18:53:00,70.0,,53.0,29.99,10.0,West,9.2,,Clear,False,False,False,False,False,False,False,False,False,True,False,False,False,Day,Day,Day,Day
A-1169,Source2,3,2016-06-24 19:12:55,2016-06-24 19:42:55,37.926357,-122.060768,,,0.0,Accident on I-680 Northbound at Exit 48 Sunnyvale Ave.,I-680 S,Walnut Creek,Contra Costa,CA,94597,US,US/Pacific,KCCR,2016-06-24 18:53:00,86.0,,25.0,29.91,10.0,WNW,11.5,,Clear,False,False,False,False,False,False,False,False,False,False,False,False,False,Day,Day,Day,Day
A-1170,Source2,3,2016-06-24 19:15:37,2016-06-24 20:15:37,38.710014,-121.306396,,,0.0,Accident on I-80 Eastbound at Exit 100 Antelope Rd.,I-80 E,Citrus Heights,Sacramento,CA,95621,US,US/Pacific,KMCC,2016-06-24 19:15:00,87.8,,22.0,29.94,10.0,NNW,8.1,,Clear,False,False,False,False,False,False,False,False,False,False,False,False,False,Day,Day,Day,Day
A-1171,Source2,3,2016-06-24 19:24:04,2016-06-24 19:54:04,37.701885,-122.033974,,,0.0,Accident on I-580 Eastbound at Exit 37 Castro Valley Blvd.,I-580 E,Castro Valley,Alameda,CA,94552,US,US/Pacific,KHWD,2016-06-24 18:54:00,70.0,,47.0,30.01,10.0,West,9.2,,Clear,False,False,False,False,False,False,False,False,False,False,False,False,False,Day,Day,Day,Day
A-1172,Source2,3,2016-06-24 19:41:20,2016-06-24 20:11:20,37.778088,-122.401169,,,0.0,Accident on Harrison St Eastbound at I-80.,James Lick Fwy N,San Francisco,San Francisco,CA,94107,US,US/Pacific,KOAK,2016-06-24 19:53:00,69.1,,54.0,29.98,10.0,WNW,5.8,,Clear,False,False,False,False,False,False,False,False,False,False,False,False,False,Day,Day,Day,Day
A-1173,Source2,3,2016-06-24 19:38:36,2016-06-24 20:08:36,37.605473,-122.06562,,,0.0,Accident on I-880 Northbound at Exit 24 Whipple Rd.,I-880 N,Hayward,Alameda,CA,94544,US,US/Pacific,KHWD,2016-06-24 19:54:00,69.1,,53.0,30.0,10.0,West,5.8,,Clear,False,False,False,False,False,False,False,False,False,False,False,False,False,Day,Day,Day,Day
A-1174,Source2,2,2016-06-24 19:37:26,2016-06-24 20:37:26,38.643349,-121.114876,,,0.0,Accident on US-50 Westbound at Exit 27 Scott Rd.,El Dorado Fwy W,Folsom,Sacramento,CA,95630,US,US/Pacific,KMHR,2016-06-24 19:45:00,87.8,,24.0,29.92,10.0,NNW,5.8,,Clear,False,False,False,False,False,False,False,False,False,False,False,False,False,Day,Day,Day,Day
A-1175,Source2,3,2016-06-24 20:01:01,2016-06-24 20:31:01,37.575947,-122.047455,,,0.0,Accident on I-880 Southbound at Exit 22 Fremont Blvd.,Nimitz Fwy S,Fremont,Alameda,CA,94555,US,US/Pacific,KHWD,2016-06-24 19:54:00,69.1,,53.0,30.0,10.0,West,5.8,,Clear,False,False,False,False,False,False,False,False,False,False,False,False,False,Day,Day,Day,Day
A-1176,Source2,3,2016-06-24 19:57:20,2016-06-24 20:27:20,37.701668,-121.769699,,,0.0,Lane blocked due to accident on I-580 Westbound at Exits 52 52B County Hwy-J2 Livermore Ave.,I-580 W,Livermore,Alameda,CA,94551,US,US/Pacific,KLVK,2016-06-24 19:53:00,78.1,,36.0,29.95,10.0,West,8.1,,Clear,False,False,False,False,False,False,False,False,False,False,False,False,False,Day,Day,Day,Day
A-1177,Source2,3,2016-06-24 20:07:11,2016-06-24 21:07:11,38.710537,-121.306374,,,0.0,Accident on I-80 Westbound at Exit 100 Antelope Rd.,I-80 W,Citrus Heights,Sacramento,CA,95621,US,US/Pacific,KMCC,2016-06-24 20:15:00,84.2,,25.0,29.94,10.0,NW,3.5,,Clear,False,False,False,False,True,False,False,False,False,False,False,False,False,Day,Day,Day,Day
A-1178,Source2,3,2016-06-24 20:22:07,2016-06-24 20:52:07,37.861172,-122.03298999999998,,,0.0,Accident on I-680 Northbound at Exit 43 Livorna Rd.,I-680 N,Alamo,Contra Costa,CA,94507,US,US/Pacific,KCCR,2016-06-24 19:53:00,82.0,,29.0,29.91,10.0,NW,8.1,,Clear,False,False,False,False,False,False,False,False,False,False,False,False,False,Day,Day,Day,Day
A-1179,Source2,3,2016-06-24 20:21:29,2016-06-24 20:51:29,37.31794,-121.980568,,,0.0,Accident on I-280 Southbound at Exit 9 County Hwy-G2 Lawrence Expy.,I-280 S,San Jose,Santa Clara,CA,95129,US,US/Pacific,KSJC,2016-06-24 19:53:00,75.0,,37.0,29.97,10.0,West,10.4,,Clear,False,False,False,False,False,False,False,False,False,False,False,False,False,Day,Day,Day,Day
A-1180,Source2,3,2016-06-24 20:23:18,2016-06-24 20:53:18,37.372055,-121.850426,,,0.0,Accident on I-680 Southbound at Exit 2B McKee Rd.,I-680 S,San Jose,Santa Clara,CA,95133,US,US/Pacific,KRHV,2016-06-24 20:47:00,73.4,,38.0,29.99,10.0,NW,9.2,,Clear,False,False,False,False,False,False,False,False,False,False,False,False,False,Day,Day,Day,Day
A-1181,Source2,3,2016-06-24 20:22:15,2016-06-24 21:22:15,38.229424,-121.433434,,,0.0,Accident on I-5 Southbound at Exit 493 / County Hwy-J8 Walnut Grove Rd.,I-5 S,Walnut Grove,San Joaquin,CA,95690,US,US/Pacific,KSAC,2016-06-24 19:53:00,87.1,,20.0,29.92,10.0,NW,5.8,,Clear,False,False,False,False,False,False,False,False,False,False,False,False,False,Day,Day,Day,Day
A-1182,Source2,3,2016-06-24 20:19:39,2016-06-24 21:19:39,38.664715,-121.355934,,,0.0,Accident on I-80 Eastbound at Exit 96 Madison Ave.,I-80 E,Sacramento,Sacramento,CA,95841,US,US/Pacific,KMCC,2016-06-24 20:15:00,84.2,,25.0,29.94,10.0,NW,3.5,,Clear,False,False,False,False,False,False,False,False,False,False,False,False,False,Day,Day,Day,Day
A-1183,Source2,3,2016-06-24 20:51:26,2016-06-24 21:51:26,38.69938300000001,-121.318047,,,0.0,Accident on I-80 Eastbound in Sacramento.,I-80 E,Citrus Heights,Sacramento,CA,95621,US,US/Pacific,KMCC,2016-06-24 20:55:00,80.6,,32.0,29.93,10.0,West,4.6,,Clear,False,False,False,False,False,False,False,False,False,False,False,False,False,Night,Day,Day,Day
A-1184,Source2,2,2016-06-24 21:20:33,2016-06-24 21:50:33,38.022873,-121.964569,,,0.0,Accident on CA-4 Westbound at Exit 19 Willow Pass Rd.,CA-4 W,Pittsburg,Contra Costa,CA,94565,US,US/Pacific,KCCR,2016-06-24 20:53:00,80.1,,25.0,29.91,10.0,West,3.5,,Clear,False,False,False,False,False,False,False,False,False,False,False,False,False,Night,Night,Day,Day
A-1185,Source2,3,2016-06-24 21:28:03,2016-06-24 21:58:03,37.634972,-122.086952,,,0.0,Accident on I-880 Southbound at Exit 26 Tennyson Rd.,Nimitz Fwy S,Hayward,Alameda,CA,94545,US,US/Pacific,KHWD,2016-06-24 21:54:00,64.9,,63.0,30.01,10.0,NW,8.1,,Clear,False,False,False,False,True,False,False,False,False,False,False,False,False,Night,Night,Day,Day
A-1186,Source2,3,2016-06-24 21:42:59,2016-06-24 22:12:59,37.648651,-122.096718,,,0.0,Accident on I-880 Southbound at Exit 27 CA-92 Jackson St.,I-880 N,Hayward,Alameda,CA,94544,US,US/Pacific,KHWD,2016-06-24 21:54:00,64.9,,63.0,30.01,10.0,NW,8.1,,Clear,False,False,False,False,True,False,False,False,False,False,False,False,False,Night,Night,Day,Day
A-1187,Source2,3,2016-06-24 21:43:45,2016-06-24 22:13:45,38.27565,-122.047577,,,0.0,Accident on I-80 Eastbound at Exits 47 47A 47B Hilborn Rd.,I-80 E,Fairfield,Solano,CA,94533,US,US/Pacific,KSUU,2016-06-24 21:58:00,71.4,,41.0,29.93,10.0,WSW,8.1,,Clear,False,False,False,False,False,False,False,False,False,False,False,False,False,Night,Night,Day,Day
A-1188,Source2,3,2016-06-24 21:45:46,2016-06-24 22:45:46,37.592789,-121.335754,,,0.0,Accident on I-5 Northbound at Exit 446.,I-5 N,Tracy,San Joaquin,CA,95304,US,US/Pacific,KSCK,2016-06-24 21:55:00,77.0,,37.0,29.93,10.0,WNW,11.5,,Clear,False,False,False,False,False,False,False,False,False,False,False,False,False,Night,Night,Night,Day
A-1189,Source2,3,2016-06-24 21:48:13,2016-06-24 23:18:13,38.630039,-121.519768,,,0.0,Accident on I-5 Northbound at Exit 522 / I-80 Exit 86.,CA-99 S,Sacramento,Sacramento,CA,95834,US,US/Pacific,KMCC,2016-06-24 21:55:00,77.0,,36.0,29.94,10.0,WNW,3.5,,Clear,False,False,False,False,False,False,False,False,False,False,False,False,False,Night,Night,Night,Day
A-1190,Source2,3,2016-06-24 21:47:17,2016-06-24 22:47:17,37.941891,-121.298233,,,0.0,Accident on I-5 Northbound at Exit 472 CA-4. On the median.,I-5 N,Stockton,San Joaquin,CA,95206,US,US/Pacific,KSCK,2016-06-24 21:55:00,77.0,,37.0,29.93,10.0,WNW,11.5,,Clear,False,False,False,False,True,False,False,False,False,False,False,False,False,Night,Night,Night,Day
A-1191,Source2,3,2016-06-24 21:58:47,2016-06-24 22:58:47,38.55418,-121.689552,,,0.0,Accident on I-80 Westbound at Exit 75 Chiles Rd.,I-80 W,Davis,Yolo,CA,95618,US,US/Pacific,KEDU,2016-06-24 16:30:00,91.4,,10.0,29.97,10.0,NNW,8.1,,Clear,False,False,False,False,False,False,False,False,False,False,False,False,False,Night,Night,Night,Day
A-1192,Source2,3,2016-06-24 22:02:01,2016-06-24 23:02:01,37.939522,-121.297867,,,0.0,Right hand shoulder blocked due to accident on I-5 Northbound at Exit 471 / CA-4 Charter Way Exit 65A / Charter Way.,CA-4,Stockton,San Joaquin,CA,95206,US,US/Pacific,KSCK,2016-06-24 21:55:00,77.0,,37.0,29.93,10.0,WNW,11.5,,Clear,False,False,False,False,False,False,False,False,False,False,False,False,False,Night,Night,Night,Day
A-1193,Source2,3,2016-06-24 21:59:35,2016-06-24 22:59:35,37.926777,-121.29467,,,0.0,Accident on I-5 Northbound at Exit 470 / 8th St. On the median.,I-5 S,Stockton,San Joaquin,CA,95206,US,US/Pacific,KSCK,2016-06-24 21:55:00,77.0,,37.0,29.93,10.0,WNW,11.5,,Clear,False,False,False,False,False,False,False,False,False,False,False,False,False,Night,Night,Night,Day
A-1194,Source2,3,2016-06-24 22:10:04,2016-06-24 22:40:04,37.735943,-122.407814,,,0.0,Accident on I-280 Northbound at Exits 54 54A 54B US-101.,San Bruno Ave,San Francisco,San Francisco,CA,94134,US,US/Pacific,KSFO,2016-06-24 21:56:00,59.0,,69.0,29.99,10.0,NW,15.0,,Clear,False,False,False,False,False,False,False,False,False,False,False,True,False,Night,Night,Night,Day
A-1195,Source2,3,2016-06-24 22:08:04,2016-06-24 22:38:04,37.850994,-122.299484,,,0.0,Accident on I-80 I-580 Westbound at Exit 10 I-80 I-580.,I-580 E,Berkeley,Alameda,CA,94710,US,US/Pacific,KOAK,2016-06-24 21:53:00,62.1,,67.0,29.99,10.0,WNW,10.4,,Clear,False,False,False,False,False,False,False,False,False,False,False,False,False,Night,Night,Night,Day
A-1196,Source2,3,2016-06-24 22:07:19,2016-06-24 22:37:19,37.817261,-121.993408,,,0.0,Accident on I-680 Northbound at Exit 39 Diablo Rd.,I-680 S,Danville,Contra Costa,CA,94526,US,US/Pacific,KCCR,2016-06-24 21:53:00,78.1,,25.0,29.92,10.0,SW,4.6,,Clear,False,False,False,False,False,False,False,False,False,False,False,False,False,Night,Night,Night,Day
A-1197,Source2,3,2016-06-24 22:27:29,2016-06-24 22:57:29,37.825649,-122.304092,,,0.0,Accident on I-80 Westbound at Exits 8A 8B I-880.,I-80 W,Oakland,Alameda,CA,94607,US,US/Pacific,KOAK,2016-06-24 22:53:00,62.1,,67.0,29.99,10.0,WNW,9.2,,Clear,False,False,False,False,False,False,False,False,False,False,False,False,False,Night,Night,Night,Day
A-1198,Source2,4,2016-06-24 22:28:49,2016-06-24 22:58:49,37.321117,-121.899887,,,0.0,Accident on I-280 Southbound at Exits 3A 3B Bird Ave.,I-280 S,San Jose,Santa Clara,CA,95125,US,US/Pacific,KSJC,2016-06-24 22:53:00,66.0,,65.0,29.99,10.0,WNW,5.8,,Clear,False,False,False,False,True,False,False,False,False,False,False,False,False,Night,Night,Night,Night
A-1199,Source2,2,2016-06-24 22:37:16,2016-06-24 23:37:16,37.685875,-121.659721,,,0.0,Accident on County Hwy-2063 Patterson Pass Rd Eastbound at Cross Rd.,Cross Rd,Livermore,Alameda,CA,94550-9753,US,US/Pacific,KLVK,2016-06-24 22:53:00,71.1,,39.0,29.97,10.0,Calm,,,Clear,False,False,False,False,False,False,False,False,False,False,False,False,False,Night,Night,Night,Night
A-1200,Source2,2,2016-06-24 22:38:16,2016-06-24 23:38:16,39.209129,-121.068649,,,0.0,Accident on CA-20 Empire St Westbound at CA-49 Golden Center Fwy.,Golden Center Fwy S,Grass Valley,Nevada,CA,95945,US,US/Pacific,KGOO,2016-06-24 22:45:00,69.8,,38.0,30.1,10.0,Calm,,,Clear,False,False,False,True,False,False,False,False,False,False,False,False,False,Night,Night,Night,Night
A-1201,Source2,2,2016-06-24 23:38:50,2016-06-25 00:08:50,38.004471,-122.038849,,,0.0,Accident on CA-4 Eastbound at Exits 15A 15B CA-242. On the median.,CA-4 E,Concord,Contra Costa,CA,94520,US,US/Pacific,KCCR,2016-06-24 23:53:00,70.0,,44.0,29.92,10.0,Calm,,,Clear,False,False,False,False,False,False,False,False,False,False,False,False,False,Night,Night,Night,Night
A-1202,Source2,2,2016-06-24 23:54:37,2016-06-25 00:24:37,38.143124,-122.87748,,,0.0,Accident on CA-1 Northbound in Inverness.,State Route 1,Petaluma,Marin,CA,94952,US,US/Pacific,KO69,2016-06-24 23:55:00,55.4,,82.0,30.01,7.0,NW,3.5,,Clear,False,False,False,False,False,False,False,False,False,False,False,False,False,Night,Night,Night,Night
A-1203,Source2,2,2016-06-24 23:55:30,2016-06-25 00:25:30,38.254948,-122.480148,,,0.0,Queueing traffic shoulder blocked and Fifth lane blocked due to accident on CA-116 Stage Gulch Rd Westbound at CA-116 Arnold Dr.,Stage Gulch Rd,Sonoma,Sonoma,CA,95476,US,US/Pacific,KO69,2016-06-24 23:55:00,55.4,,82.0,30.01,7.0,NW,3.5,,Clear,False,False,False,False,False,False,False,False,False,False,False,True,False,Night,Night,Night,Night
A-1204,Source2,2,2016-06-25 00:08:30,2016-06-25 00:38:30,37.41048,-121.993706,,,0.0,Accident on CA-237 Eastbound at Exit 5 County Hwy-G2 Lawrence Expy.,CA-237 W,Sunnyvale,Santa Clara,CA,94089,US,US/Pacific,KNUQ,2016-06-25 00:56:00,63.0,,72.0,29.99,10.0,NW,4.6,,Clear,False,False,False,False,False,False,False,False,False,False,False,False,False,Night,Night,Night,Night
A-1205,Source2,3,2016-06-25 00:29:31,2016-06-25 00:59:31,38.025448,-122.25959,,,0.0,Queueing traffic due to accident on I-80 Eastbound at Exit 24 Willow Ave.,I-80 E,Rodeo,Contra Costa,CA,94572,US,US/Pacific,KCCR,2016-06-25 00:53:00,68.0,,49.0,29.91,10.0,Calm,,,Clear,False,False,False,False,True,False,False,False,False,False,False,False,False,Night,Night,Night,Night
A-1206,Source2,2,2016-06-25 00:28:38,2016-06-25 01:13:38,37.686707,-122.162529,,,0.0,Accident on Royal Wings Way at Shining Star Ln.,Shining Star Ln,San Leandro,Alameda,CA,94579-1971,US,US/Pacific,KHWD,2016-06-25 00:54:00,62.1,,65.0,30.01,10.0,NNW,4.6,,Clear,False,False,False,False,False,False,False,False,False,True,False,False,False,Night,Night,Night,Night
A-1207,Source2,3,2016-06-25 00:30:25,2016-06-25 01:00:25,37.683304,-122.127098,,,0.0,Accident on I-880 Northbound at Exits 30 31A I-238.,I-880 N,San Lorenzo,Alameda,CA,94580,US,US/Pacific,KHWD,2016-06-25 00:54:00,62.1,,65.0,30.01,10.0,NNW,4.6,,Clear,False,False,False,False,False,False,False,False,False,False,False,False,False,Night,Night,Night,Night
A-1208,Source2,3,2016-06-25 00:31:16,2016-06-25 01:01:16,38.446342,-121.857857,,,0.0,Queueing traffic due to accident on I-80 Eastbound at Exit 63 A St.,I-80 E,Dixon,Solano,CA,95620,US,US/Pacific,KEDU,2016-06-25 05:55:00,59.0,,59.0,29.94,10.0,SSW,3.5,,Clear,False,False,False,False,False,False,False,False,False,False,False,False,False,Night,Night,Night,Night
A-1209,Source2,3,2016-06-25 01:31:11,2016-06-25 02:16:11,38.022526,-122.262299,,,0.0,Slow traffic and right hand shoulder blocked due to accident on I-80 Eastbound at Exit 24 Willow Ave.,I-80 E,Hercules,Contra Costa,CA,94547,US,US/Pacific,KCCR,2016-06-25 01:53:00,66.0,,59.0,29.91,10.0,Calm,,,Clear,False,False,False,False,False,False,False,False,False,False,False,False,False,Night,Night,Night,Night
A-1210,Source2,3,2016-06-25 01:32:04,2016-06-25 02:17:04,37.723503,-121.940369,,,0.0,Slow traffic and right hand shoulder blocked due to accident on I-680 Northbound at Exit 31 Alcosta Blvd.,I-680 S,San Ramon,Contra Costa,CA,94583,US,US/Pacific,KLVK,2016-06-25 01:53:00,64.9,,50.0,29.94,10.0,Calm,,,Clear,False,False,False,False,False,False,False,False,False,False,False,False,False,Night,Night,Night,Night
A-1211,Source2,3,2016-06-25 01:51:52,2016-06-25 02:21:52,37.701546,-121.904488,,,0.0,Accident on I-580 Eastbound at Exit 45 Hopyard Rd.,I-580 E,Pleasanton,Alameda,CA,94588,US,US/Pacific,KLVK,2016-06-25 01:53:00,64.9,,50.0,29.94,10.0,Calm,,,Clear,False,False,False,False,False,False,False,False,False,False,False,False,False,Night,Night,Night,Night
A-1212,Source2,2,2016-06-25 02:04:22,2016-06-25 02:49:22,37.83567,-122.484612,,,0.0,One lane blocked due to accident on US-101 Golden Gate Brg Northbound at Exit 442 Sausalito Lateral.,Sausalito Lateral,Sausalito,Marin,CA,94965,US,US/Pacific,KSFO,2016-06-25 01:56:00,57.0,,74.0,29.97,10.0,WNW,11.5,,Clear,False,False,False,False,True,False,False,False,False,False,False,False,False,Night,Night,Night,Night
A-1213,Source2,3,2016-06-25 02:05:40,2016-06-25 02:50:40,37.66637,-122.107491,,,0.0,Right hand shoulder blocked due to accident on I-880 Northbound at Exit 29 A St.,I-880 N,Hayward,Alameda,CA,94541,US,US/Pacific,KHWD,2016-06-25 01:54:00,60.1,,69.0,30.0,10.0,NW,4.6,,Clear,False,False,True,False,False,False,False,False,False,False,False,True,False,Night,Night,Night,Night
A-1214,Source2,2,2016-06-25 02:23:05,2016-06-25 03:08:05,38.405514,-121.996033,,,0.0,Accident on Gibson Canyon Rd at Shelly Ln.,Shelly Ln,Vacaville,Solano,CA,95688-9044,US,US/Pacific,KVCB,2016-06-25 01:53:00,62.1,,56.0,29.91,10.0,Calm,,,Clear,False,False,False,False,False,False,False,False,False,False,False,False,False,Night,Night,Night,Night
A-1215,Source2,2,2016-06-25 02:22:32,2016-06-25 03:22:32,37.256336,-121.958099,,,0.0,Accident on CA-85 Southbound at Exits 10 11A CA-17.,CA-85 S,Los Gatos,Santa Clara,CA,95032,US,US/Pacific,KSJC,2016-06-25 01:53:00,62.1,,78.0,29.97,10.0,WNW,4.6,,Clear,False,False,False,False,True,False,False,False,False,False,False,False,False,Night,Night,Night,Night
A-1216,Source2,2,2016-06-25 02:23:50,2016-06-25 03:08:50,38.22835900000001,-121.903572,,,0.0,Right hand shoulder blocked due to accident on CA-12 Rio Vista Rd Eastbound at Denverton Rd.,Denverton Rd,Suisun City,Solano,CA,94585-9786,US,US/Pacific,KSUU,2016-06-25 01:58:00,62.8,,63.0,29.92,10.0,SSW,10.4,,Clear,False,False,False,False,False,False,False,False,False,False,False,False,False,Night,Night,Night,Night
A-1217,Source2,3,2016-06-25 02:31:51,2016-06-25 03:16:51,37.866753,-122.303642,,,0.0,Right hand shoulder blocked due to accident on I-80 Eastbound at University Ave.,I-580 W,Berkeley,Alameda,CA,94710,US,US/Pacific,KOAK,2016-06-25 02:53:00,60.1,,75.0,29.97,10.0,NW,4.6,,Clear,False,False,False,False,False,False,False,False,False,False,False,False,False,Night,Night,Night,Night
A-1218,Source2,2,2016-06-25 02:30:49,2016-06-25 03:30:49,38.010578,-122.015488,,,0.0,Right hand shoulder blocked due to accident on CA-4 Eastbound at Exits 15A 15B Port Chicago Hwy.,CA-4 E,Concord,Contra Costa,CA,94519,US,US/Pacific,KCCR,2016-06-25 02:53:00,64.9,,63.0,29.91,10.0,Calm,,,Clear,False,False,False,False,False,False,False,False,False,False,False,False,False,Night,Night,Night,Night
A-1219,Source2,3,2016-06-25 03:24:53,2016-06-25 04:24:53,37.410473,-122.199265,,,0.0,Accident on I-280 Southbound at Exit 22 Alpine Rd.,I-280 S,Portola Valley,San Mateo,CA,94028,US,US/Pacific,KSQL,2016-06-25 03:15:00,59.0,,67.0,29.98,10.0,Calm,,,Clear,False,False,False,False,False,False,False,False,False,False,False,False,False,Night,Night,Night,Night
A-1220,Source2,2,2016-06-25 04:18:20,2016-06-25 05:03:20,37.781151,-122.396065,,,0.0,Accident on 3rd St at Bryant St.,Bryant St,San Francisco,San Francisco,CA,94107-1216,US,US/Pacific,KOAK,2016-06-25 03:53:00,59.0,,78.0,29.96,10.0,Calm,,,Clear,True,False,True,False,False,False,False,False,False,False,False,True,False,Night,Night,Night,Day
A-1221,Source2,3,2016-06-25 04:17:54,2016-06-25 05:02:54,37.99185900000001,-122.307922,,,0.0,Accident on I-80 Eastbound at Exit 20 Richmond Pkwy.,I-80 E,San Pablo,Contra Costa,CA,94806,US,US/Pacific,KCCR,2016-06-25 03:53:00,63.0,,60.0,29.91,10.0,Calm,,,Clear,False,False,False,False,False,False,False,False,False,False,False,False,False,Night,Night,Night,Day
A-1222,Source2,2,2016-06-25 04:30:11,2016-06-25 05:15:11,38.541878,-122.826042,,,0.0,Accident on Starr Rd at Woody Creek Ln.,Starr Rd,Windsor,Sonoma,CA,95492-8413,US,US/Pacific,KSTS,2016-06-25 04:53:00,52.0,,89.0,29.92,9.0,Calm,,,Clear,False,False,False,False,False,False,False,False,False,False,False,False,False,Night,Night,Night,Day
A-1223,Source2,3,2016-06-25 05:26:00,2016-06-25 06:26:00,37.767639,-122.396194,,,0.0,Accident on I-280 Southbound at Exit 57 King St.,I-280 S,San Francisco,San Francisco,CA,94158,US,US/Pacific,KOAK,2016-06-25 05:53:00,57.0,,83.0,29.97,10.0,Calm,,,Clear,False,False,False,False,False,False,True,False,False,False,False,False,False,Night,Day,Day,Day
A-1224,Source2,2,2016-06-25 04:58:12,2016-06-25 05:43:12,38.22776,-122.095024,,,0.0,Accident on Cordelia Rd at Hale Ranch Rd.,Cordelia Rd,Fairfield,Solano,CA,94534-9732,US,US/Pacific,KAPC,2016-06-25 04:54:00,55.0,,89.0,29.93,10.0,SE,4.6,,Clear,False,False,False,False,False,False,False,False,False,False,False,False,False,Night,Night,Day,Day
A-1225,Source2,3,2016-06-25 05:25:30,2016-06-25 06:10:30,37.847965,-122.027657,,,0.0,Accident on I-680 Northbound at Exits 42A 42B Stone Valley Rd.,I-680 N,Alamo,Contra Costa,CA,94507,US,US/Pacific,KCCR,2016-06-25 05:53:00,63.0,,56.0,29.91,10.0,SW,4.6,,Clear,False,False,False,False,True,False,False,False,False,False,False,False,False,Night,Day,Day,Day
A-1226,Source2,2,2016-06-25 04:57:48,2016-06-25 05:42:48,37.364319,-121.90184,,,0.0,Accident on US-101 Southbound at Exits 388B 388C I-880.,I-880 S,San Jose,Santa Clara,CA,95112,US,US/Pacific,KSJC,2016-06-25 04:53:00,62.1,,75.0,29.96,10.0,Calm,,,Clear,False,False,False,False,False,False,False,False,False,False,False,False,False,Night,Night,Day,Day
A-1227,Source2,3,2016-06-25 05:52:57,2016-06-25 06:52:57,37.836437,-122.011444,,,0.0,Right hand shoulder blocked due to accident on I-680 Northbound at Exit 41 El Pintado Rd.,I-680 N,Danville,Contra Costa,CA,94526,US,US/Pacific,KCCR,2016-06-25 05:53:00,63.0,,56.0,29.91,10.0,SW,4.6,,Clear,False,False,False,False,True,False,False,False,False,False,False,False,False,Day,Day,Day,Day
A-1228,Source2,2,2016-06-25 06:17:03,2016-06-25 07:02:03,37.145508,-121.98497,,,0.0,Lane blocked due to accident on CA-17 Santa Cruz Hwy Southbound at CA-35 Summit Rd.,Santa Cruz Hwy,Los Gatos,Santa Clara,CA,95033,US,US/Pacific,KSJC,2016-06-25 05:53:00,61.0,,78.0,29.97,10.0,Calm,,,Clear,False,False,False,False,True,False,False,False,False,False,False,False,False,Day,Day,Day,Day
A-1229,Source2,2,2016-06-25 07:17:37,2016-06-25 08:56:00,38.652042,-122.599777,,,0.0,Right hand shoulder blocked due to accident on CA-29 Lake County Hwy Southbound at Livermore Rd.,Lake County Hwy,Pope Valley,Napa,CA,94567,US,US/Pacific,KSTS,2016-06-25 06:53:00,53.1,,89.0,29.94,10.0,Calm,,,Clear,False,False,False,False,False,False,False,False,False,False,False,False,False,Day,Day,Day,Day
A-1230,Source2,2,2016-06-25 07:17:37,2016-06-25 08:57:00,38.474655,-122.731216,,,0.0,Right hand shoulder blocked due to accident on US-101 Southbound at Exit 492 Mendocino Ave.,Redwood Hwy S,Santa Rosa,Sonoma,CA,95403,US,US/Pacific,KSTS,2016-06-25 06:53:00,53.1,,89.0,29.94,10.0,Calm,,,Clear,False,False,False,False,False,False,False,False,False,False,False,False,False,Day,Day,Day,Day
A-1231,Source2,3,2016-06-25 08:20:41,2016-06-25 08:50:41,37.826336,-121.290291,,,0.0,Accident on I-5 Southbound at Exit 463 Lathrop Rd.,E Lathrop Rd,Lathrop,San Joaquin,CA,95330,US,US/Pacific,KSCK,2016-06-25 07:55:00,71.1,,51.0,29.94,10.0,WNW,6.9,,Clear,False,False,False,False,False,False,False,False,False,False,False,False,False,Day,Day,Day,Day
A-1232,Source2,2,2016-06-25 08:21:48,2016-06-25 08:51:48,37.859905,-121.218575,,,0.0,Accident on CA-99 Northbound at Exit 246 County Hwy-J9 French Camp Rd.,French Camp Rd,Manteca,San Joaquin,CA,95336,US,US/Pacific,KSCK,2016-06-25 07:55:00,71.1,,51.0,29.94,10.0,WNW,6.9,,Clear,False,False,False,False,True,False,False,False,False,False,False,False,False,Day,Day,Day,Day
A-1233,Source2,3,2016-06-25 10:18:55,2016-06-25 10:48:55,37.638821,-121.402458,,,0.0,Right hand shoulder blocked due to accident on I-580 Westbound near Exit 76 Chrisman Rd.,I-580 E,Tracy,San Joaquin,CA,95377,US,US/Pacific,KLVK,2016-06-25 09:53:00,77.0,,37.0,29.96,10.0,Variable,4.6,,Clear,False,False,False,False,False,False,False,False,False,False,False,False,False,Day,Day,Day,Day
A-1234,Source2,3,2016-06-25 07:17:37,2016-06-25 13:34:00,37.704891,-122.471817,,,0.0,Accident on I-280 Southbound at John Daly Blvd.,John Daly Blvd,Daly City,San Mateo,CA,94015,US,US/Pacific,KSFO,2016-06-25 06:56:00,55.9,,77.0,29.99,10.0,WNW,4.6,,Partly Cloudy,False,False,False,False,False,False,False,False,False,False,False,False,False,Day,Day,Day,Day
A-1235,Source2,3,2016-06-25 12:46:38,2016-06-25 13:24:00,37.932224,-122.401634,,,0.0,Accident on I-580 Westbound at Exit 7A Western Dr.,I-580 W,Richmond,Contra Costa,CA,94801,US,US/Pacific,KCCR,2016-06-25 12:53:00,91.9,,19.0,29.88,10.0,NW,10.4,,Clear,False,False,False,False,False,False,False,False,False,False,False,False,False,Day,Day,Day,Day
A-1236,Source2,2,2016-06-25 07:17:37,2016-06-25 14:01:27,37.488846,-122.212852,,,0.0,Lane blocked due to accident on US-101 Southbound at Exit 408 CA-84 Woodside Rd.,Woodside Rd,Redwood City,San Mateo,CA,94063,US,US/Pacific,KSQL,2016-06-25 06:55:00,62.6,,63.0,30.0,10.0,Calm,,,Clear,False,False,False,False,False,False,False,False,False,False,False,False,False,Day,Day,Day,Day
A-1237,Source2,3,2016-06-25 07:17:37,2016-06-25 13:34:00,37.703403,-121.736855,,,0.0,Right hand shoulder blocked due to accident on I-580 Eastbound at Exit 54 1st St.,I-580 E,Livermore,Alameda,CA,94551,US,US/Pacific,KLVK,2016-06-25 06:53:00,61.0,,58.0,29.97,10.0,Calm,,,Clear,False,False,False,False,False,False,False,False,False,False,False,False,False,Day,Day,Day,Day
A-1238,Source2,3,2016-06-25 07:17:37,2016-06-25 13:52:00,37.808498,-122.366852,,,0.0,One lane blocked due to accident on I-80 Eastbound at Exit 4A Treasure Is.,San Francisco-Oakland Bay Brg E,San Francisco,San Francisco,CA,94130,US,US/Pacific,KOAK,2016-06-25 06:53:00,60.1,,75.0,29.99,10.0,Calm,,,Clear,False,False,False,False,False,False,False,False,False,True,False,False,False,Day,Day,Day,Day
A-1239,Source2,2,2016-06-25 13:10:33,2016-06-25 14:40:33,37.95253,-121.275063,,,0.0,Accident on CA-4 Ort J Lofthus Fwy Eastbound at Exit 67 Lafayette St.,Ort J Lofthus Fwy E,Stockton,San Joaquin,CA,95205,US,US/Pacific,KSCK,2016-06-25 12:55:00,93.9,,19.0,29.91,10.0,NNW,13.8,,Clear,False,False,False,False,True,False,False,False,False,False,False,False,False,Day,Day,Day,Day
A-1240,Source2,2,2016-06-25 07:17:37,2016-06-25 14:28:00,38.459988,-122.726372,,,0.0,Accident on US-101 Northbound at Exit 491 Steele Ln.,Steele Ln,Santa Rosa,Sonoma,CA,95403,US,US/Pacific,KSTS,2016-06-25 06:53:00,53.1,,89.0,29.94,10.0,Calm,,,Clear,False,False,False,False,False,False,False,False,False,False,False,True,False,Day,Day,Day,Day
A-1241,Source2,3,2016-06-25 07:17:37,2016-06-25 14:03:00,38.109577,-122.229515,,,0.0,Accident on I-80 Westbound at Exit 31B Tennessee St.,Tennessee St,Vallejo,Solano,CA,94591,US,US/Pacific,KAPC,2016-06-25 06:54:00,55.9,,97.0,29.95,10.0,Calm,,,Clear,False,False,False,False,False,False,False,False,False,False,False,False,False,Day,Day,Day,Day
A-1242,Source2,3,2016-06-25 13:30:32,2016-06-25 14:09:00,37.700951,-121.80175,,,0.0,Right hand shoulder blocked due to accident on I-580 Westbound at Exit 51 Isabel Ave.,Isabel Ave,Livermore,Alameda,CA,94551,US,US/Pacific,KLVK,2016-06-25 13:53:00,95.0,,17.0,29.9,10.0,North,,,Clear,False,False,False,False,False,False,False,False,False,False,False,False,False,Day,Day,Day,Day
A-1243,Source2,2,2016-06-25 07:17:37,2016-06-25 15:04:00,38.233566,-122.604797,,,0.0,Accident on CA-116 Lakeville Hwy at Casa Grande Rd.,Casa Grande Rd,Petaluma,Sonoma,CA,94954-5653,US,US/Pacific,KO69,2016-06-25 07:15:00,55.4,,82.0,29.99,5.0,Calm,,,Clear,False,False,True,False,False,False,False,False,False,False,False,True,False,Day,Day,Day,Day
A-1244,Source2,3,2016-06-25 13:30:32,2016-06-25 14:52:00,37.976215,-122.31852,,,0.0,Right hand shoulder blocked due to accident on I-80 Westbound at Exit 19B Hilltop Dr.,I-80 W,San Pablo,Contra Costa,CA,94806,US,US/Pacific,KCCR,2016-06-25 13:53:00,95.0,,16.0,29.87,10.0,WNW,12.7,,Clear,False,False,False,False,False,False,False,False,False,False,False,False,False,Day,Day,Day,Day
A-1245,Source2,2,2016-06-25 13:30:32,2016-06-25 15:22:00,37.352043,-122.060455,,,0.0,Right hand shoulder blocked due to accident on CA-85 Northbound at Exit 20 Fremont Ave.,Norman Y Mineta Hwy,Sunnyvale,Santa Clara,CA,94087,US,US/Pacific,KNUQ,2016-06-25 13:56:00,84.0,,40.0,29.95,10.0,NNW,13.8,,Clear,False,False,False,False,False,False,False,False,False,False,False,True,False,Day,Day,Day,Day
A-1246,Source2,2,2016-06-25 14:24:03,2016-06-25 15:24:03,37.969414,-121.328117,,,0.0,Accident on Michigan Ave at Marine Ave.,Michigan Ave,Stockton,San Joaquin,CA,95204-4144,US,US/Pacific,KSCK,2016-06-25 13:55:00,96.1,,16.0,29.89,10.0,NNW,12.7,,Clear,False,False,False,False,False,False,False,False,False,False,False,False,False,Day,Day,Day,Day
A-1247,Source2,2,2016-06-25 13:30:32,2016-06-25 15:39:00,37.190617,-121.993233,,,0.0,Right hand shoulder blocked due to accident on CA-17 Santa Cruz Hwy Southbound at Bear Creek Rd.,Santa Cruz Hwy,Los Gatos,Santa Clara,CA,95033,US,US/Pacific,KSJC,2016-06-25 13:53:00,89.1,,27.0,29.92,10.0,WNW,11.5,,Partly Cloudy,False,False,False,False,False,False,False,False,False,True,False,False,False,Day,Day,Day,Day
A-1248,Source2,2,2016-06-25 14:34:55,2016-06-25 15:04:55,38.297798,-120.704681,,,0.0,Accident on CA-26 at CA-49.,Highway 49,Mokelumne Hill,Calaveras,CA,95245-9698,US,US/Pacific,KO22,2016-06-25 14:35:00,93.2,,15.0,29.98,10.0,West,5.8,,Clear,False,False,False,False,False,False,False,False,False,True,False,False,False,Day,Day,Day,Day
A-1249,Source2,3,2016-06-25 13:30:32,2016-06-25 15:31:00,37.704891,-122.471817,,,0.0,Lane blocked due to accident on I-280 Southbound at Exits 49 49B CA-1 Junipero Serra Blvd.,John Daly Blvd,Daly City,San Mateo,CA,94015,US,US/Pacific,KSFO,2016-06-25 13:56:00,75.9,,42.0,29.95,10.0,WNW,18.4,,Partly Cloudy,False,False,False,False,False,False,False,False,False,False,False,False,False,Day,Day,Day,Day
A-1250,Source2,3,2016-06-25 13:30:32,2016-06-25 15:31:00,37.778683,-122.400322,,,0.0,One lane blocked due to accident on I-80 Eastbound at 4th st.,James Lick Fwy N,San Francisco,San Francisco,CA,94107,US,US/Pacific,KOAK,2016-06-25 13:53:00,78.1,,40.0,29.95,10.0,WNW,15.0,,Partly Cloudy,False,False,False,False,False,False,False,False,False,False,False,False,False,Day,Day,Day,Day
A-1251,Source2,3,2016-06-25 13:30:32,2016-06-25 15:31:00,37.966309,-122.322304,,,0.0,Accident on I-80 Eastbound at Exit 19A El Portal Dr.,El Portal Dr,San Pablo,Contra Costa,CA,94806,US,US/Pacific,KCCR,2016-06-25 13:53:00,95.0,,16.0,29.87,10.0,WNW,12.7,,Clear,False,False,False,False,False,False,False,False,False,False,False,False,False,Day,Day,Day,Day
A-1252,Source2,3,2016-06-25 13:30:32,2016-06-25 15:31:00,37.361137,-122.120232,,,0.0,Right hand shoulder blocked due to accident on I-280 Northbound at Exit 16 El Monte Rd.,I-280 S,Los Altos,Santa Clara,CA,94022,US,US/Pacific,KNUQ,2016-06-25 13:56:00,84.0,,40.0,29.95,10.0,NNW,13.8,,Clear,False,False,False,False,False,False,False,False,False,False,False,False,False,Day,Day,Day,Day
A-1253,Source2,2,2016-06-25 14:53:27,2016-06-25 15:53:27,38.524895,-121.467789,,,0.0,Accident on CA-99 Sacramento Fwy at Exit 296 Fruitridge Rd.,Fruitridge Rd,Sacramento,Sacramento,CA,95824,US,US/Pacific,KSAC,2016-06-25 14:53:00,97.0,,14.0,29.88,10.0,WNW,8.1,,Clear,False,False,False,False,True,False,False,False,False,False,False,False,False,Day,Day,Day,Day
A-1254,Source2,2,2016-06-25 14:54:43,2016-06-25 15:54:43,38.653118,-121.234924,,,0.0,Accident on Sunset Ave at Illinois Ave.,Illinois Ave,Fair Oaks,Sacramento,CA,95628-6312,US,US/Pacific,KMHR,2016-06-25 13:55:00,93.2,,14.0,29.9,10.0,West,9.2,,Clear,False,False,False,False,False,False,False,False,False,True,False,False,False,Day,Day,Day,Day
A-1255,Source2,2,2016-06-25 15:28:37,2016-06-25 16:28:37,38.589931,-121.803085,,,0.0,Accident on County Hwy-29 at County Hwy-E7 County Road 98.,County Road 98,Davis,Yolo,CA,95616,US,US/Pacific,KEDU,2016-06-25 15:35:00,95.0,,19.0,29.87,10.0,SW,3.5,,Clear,False,False,False,False,False,False,False,False,False,True,False,False,False,Day,Day,Day,Day
A-1256,Source2,3,2016-06-25 15:46:19,2016-06-25 17:16:19,37.683975,-122.128075,,,0.0,Accident on I-238 Northbound at Exits 16A 16B I-880.,I-880 N,San Lorenzo,Alameda,CA,94580,US,US/Pacific,KHWD,2016-06-25 15:54:00,79.0,,39.0,29.95,10.0,WNW,15.0,,Clear,False,False,False,False,False,False,False,False,False,False,False,False,False,Day,Day,Day,Day
A-1257,Source2,2,2016-06-25 15:45:26,2016-06-25 17:15:26,37.709648,-122.124367,,,0.0,Accident on Foothill Blvd Westbound near I-580.,I-580 E,San Leandro,Alameda,CA,94578,US,US/Pacific,KHWD,2016-06-25 15:54:00,79.0,,39.0,29.95,10.0,WNW,15.0,,Clear,False,False,True,False,False,False,False,False,False,False,False,True,False,Day,Day,Day,Day
A-1258,Source2,2,2016-06-25 15:44:00,2016-06-25 17:14:00,37.31403,-121.827065,,,0.0,Accident on US-101 Northbound at Exit 383 Tully Rd.,US-101 N,San Jose,Santa Clara,CA,95121,US,US/Pacific,KRHV,2016-06-25 15:50:00,93.2,,19.0,29.93,10.0,NW,16.1,,Clear,False,False,False,False,False,False,False,False,False,False,False,False,False,Day,Day,Day,Day
A-1259,Source2,2,2016-06-25 15:46:41,2016-06-25 16:46:41,38.663795,-121.296249,,,0.0,Accident on Madison Ave at Linda Sue Way.,Madison Ave,Citrus Heights,Sacramento,CA,95621-7305,US,US/Pacific,KMCC,2016-06-25 15:55:00,96.8,,13.0,29.87,10.0,West,10.4,,Clear,False,False,False,False,False,False,False,False,False,True,False,False,False,Day,Day,Day,Day
A-1260,Source2,2,2016-06-25 15:55:00,2016-06-25 17:25:00,38.348961,-122.961342,,,0.0,Accident on Bodega Hwy Westbound near Joy Rd.,Bodega Hwy,Occidental,Sonoma,CA,95465,US,US/Pacific,KSTS,2016-06-25 15:53:00,93.9,,18.0,29.87,10.0,South,12.7,,Clear,False,False,False,False,False,False,False,False,False,False,False,False,False,Day,Day,Day,Day
A-1261,Source2,3,2016-06-25 15:56:53,2016-06-25 17:26:53,37.732281,-122.432076,,,0.0,Accident on I-280 Southbound at Exit 52 San Jose Ave.,I-280 S,San Francisco,San Francisco,CA,94112,US,US/Pacific,KSFO,2016-06-25 15:56:00,70.0,,49.0,29.94,10.0,WNW,27.6,,Partly Cloudy,False,False,False,False,True,False,False,False,False,False,False,False,False,Day,Day,Day,Day
A-1262,Source2,3,2016-06-25 15:56:15,2016-06-25 17:26:15,38.210506,-122.147026,,,0.0,Accident on I-80 Westbound at Exit 39B CA-12.,I-80 W,Fairfield,Solano,CA,94534,US,US/Pacific,KAPC,2016-06-25 15:54:00,84.9,,38.0,29.87,10.0,SSW,16.1,,Clear,False,False,False,False,False,False,False,False,False,False,False,False,False,Day,Day,Day,Day
A-1263,Source2,3,2016-06-25 15:53:49,2016-06-25 17:23:49,37.560387,-121.909203,,,0.0,Accident on I-680 Northbound at Exit 18B Sheridan Rd.,I-680 N,Sunol,Alameda,CA,94586,US,US/Pacific,KLVK,2016-06-25 15:53:00,95.0,,17.0,29.88,10.0,West,15.0,,Clear,False,False,False,False,True,False,False,False,False,False,False,False,False,Day,Day,Day,Day
A-1264,Source2,3,2016-06-25 15:58:31,2016-06-25 17:28:31,37.588539,-121.870872,,,0.0,Accident on I-680 Eastbound at Exits 21 21A 21B CA-84.,CA-84 E,Sunol,Alameda,CA,94586,US,US/Pacific,KLVK,2016-06-25 15:53:00,95.0,,17.0,29.88,10.0,West,15.0,,Clear,False,False,False,False,False,False,False,False,False,False,False,False,False,Day,Day,Day,Day
A-1265,Source2,3,2016-06-25 15:54:07,2016-06-25 16:54:07,38.873161,-121.131432,,,0.0,Accident on I-80 Eastbound at Exit 115 Newcastle Rd.,Newcastle Rd,Newcastle,Placer,CA,95658,US,US/Pacific,KAUN,2016-06-25 15:55:00,91.4,,16.0,29.97,10.0,WNW,8.1,,Clear,False,False,False,False,False,False,False,False,False,False,False,False,False,Day,Day,Day,Day
A-1266,Source2,3,2016-06-25 16:24:23,2016-06-25 17:54:23,37.823917,-122.317451,,,0.0,Accident on I-80 Westbound at Exits 8A 8B I-880.,I-80 W,Oakland,Alameda,CA,94607,US,US/Pacific,KOAK,2016-06-25 16:53:00,73.9,,46.0,29.93,10.0,WNW,17.3,,Partly Cloudy,False,False,False,False,False,False,False,False,False,False,False,False,False,Day,Day,Day,Day
A-1267,Source2,3,2016-06-25 16:23:50,2016-06-25 17:53:50,37.42432,-121.919006,,,0.0,Accident on I-880 Eastbound at Exits 8A 8B 8C CA-237 Calaveras Blvd.,CA-237,Milpitas,Santa Clara,CA,95035,US,US/Pacific,KSJC,2016-06-25 15:53:00,86.0,,31.0,29.91,10.0,NW,17.3,,Clear,False,False,False,False,False,False,False,False,False,False,False,False,False,Day,Day,Day,Day
A-1268,Source2,3,2016-06-25 16:21:42,2016-06-25 17:51:42,37.71868900000001,-121.6623,,,0.0,Accident on I-580 Eastbound at Exit 59 Carroll Rd.,I-580 E,Livermore,Alameda,CA,94550,US,US/Pacific,KLVK,2016-06-25 15:53:00,95.0,,17.0,29.88,10.0,West,15.0,,Clear,False,False,False,False,False,False,False,False,False,False,False,False,False,Day,Day,Day,Day
A-1269,Source2,2,2016-06-25 16:34:08,2016-06-25 18:04:08,38.013992,-121.876282,,,0.0,Accident on CA-4 Westbound at Exit 23 California Ave.,CA-4 W,Pittsburg,Contra Costa,CA,94565,US,US/Pacific,KCCR,2016-06-25 16:53:00,96.1,,17.0,29.84,10.0,WSW,15.0,,Clear,False,False,False,False,False,False,False,False,False,False,False,False,False,Day,Day,Day,Day
A-1270,Source2,2,2016-06-25 17:04:57,2016-06-25 18:04:57,38.66806,-121.311066,,,0.0,Accident on Coyle Ave at St Charles Dr.,Coyle Ave,Carmichael,Sacramento,CA,95608-0307,US,US/Pacific,KMCC,2016-06-25 16:55:00,98.6,,12.0,29.85,10.0,West,12.7,,Clear,False,False,False,False,False,False,False,False,False,True,False,False,False,Day,Day,Day,Day
A-1271,Source2,2,2016-06-25 17:17:49,2016-06-25 18:17:49,38.643349,-121.114876,,,0.0,Accident on US-50 Eastbound at Exit 27 Scott Rd.,El Dorado Fwy W,Folsom,Sacramento,CA,95630,US,US/Pacific,KMHR,2016-06-25 16:50:00,100.4,,9.0,29.85,10.0,NW,11.5,,Clear,False,False,False,False,False,False,False,False,False,False,False,False,False,Day,Day,Day,Day
A-1272,Source2,2,2016-06-25 17:50:17,2016-06-25 18:50:17,38.638107,-121.203072,,,0.0,Middle lane blocked due to accident on US-50 Eastbound at Exit 23 Folsom Blvd.,US-50 E,Folsom,Sacramento,CA,95630,US,US/Pacific,KMHR,2016-06-25 18:45:00,98.6,,13.0,29.83,10.0,West,6.9,,Clear,False,False,False,False,False,False,False,False,False,False,False,False,False,Day,Day,Day,Day
A-1273,Source2,2,2016-06-25 17:37:20,2016-06-25 18:07:20,37.954895,-122.326035,,,0.0,Accident on Alpine Rd at Hillcrest Rd.,Alpine Rd,San Pablo,Contra Costa,CA,94806-4104,US,US/Pacific,KCCR,2016-06-25 17:53:00,93.0,,16.0,29.84,10.0,WSW,11.5,,Clear,False,False,False,False,False,False,False,False,False,False,False,False,False,Day,Day,Day,Day
A-1274,Source2,2,2016-06-25 18:40:57,2016-06-25 19:40:57,38.641907,-121.156425,,,0.0,Accident on US-50 Eastbound at Exit 25 Prairie City Rd.,US-50 E,Folsom,Sacramento,CA,95630,US,US/Pacific,KMHR,2016-06-25 18:45:00,98.6,,13.0,29.83,10.0,West,6.9,,Clear,False,False,False,False,False,False,False,False,False,False,False,False,False,Day,Day,Day,Day
A-1275,Source2,3,2016-06-25 19:14:58,2016-06-25 19:44:58,37.60067700000001,-122.062202,,,0.0,Accident on I-880 Northbound at Exit 23 Alvarado Niles Rd. Expect delays.,I-880 N,Union City,Alameda,CA,94587,US,US/Pacific,KHWD,2016-06-25 18:54:00,72.0,,48.0,29.94,10.0,West,6.9,,Clear,False,False,False,False,False,False,False,False,False,False,False,False,False,Day,Day,Day,Day
A-1276,Source2,3,2016-06-25 19:22:18,2016-06-25 20:22:18,38.543068,-121.731735,,,0.0,Accident on I-80 Eastbound at Exits 72 72A 72B Richards Blvd.,I-80 E,Davis,Yolo,CA,95616,US,US/Pacific,KEDU,2016-06-25 19:15:00,91.4,,24.0,29.84,10.0,South,8.1,,Clear,False,False,False,False,False,False,False,False,False,False,False,False,False,Day,Day,Day,Day
A-1277,Source2,2,2016-06-25 19:33:56,2016-06-25 20:03:56,37.665749,-122.404778,,,0.0,Accident on Sisters Cities Blvd Eastbound at San Francisco Dr.,Sisters Cities Blvd,South San Francisco,San Mateo,CA,94080,US,US/Pacific,KSFO,2016-06-25 19:56:00,61.0,,67.0,29.92,10.0,WNW,19.6,,Partly Cloudy,False,False,False,False,False,False,False,False,False,False,False,False,False,Day,Day,Day,Day
A-1278,Source2,2,2016-06-25 19:59:16,2016-06-25 20:29:16,37.628098,-122.402145,,,0.0,Accident on US-101 Northbound at Exits 423A 423B San Bruno Ave. Expect delays.,US-101 N,San Bruno,San Mateo,CA,94066,US,US/Pacific,KSFO,2016-06-25 19:56:00,61.0,,67.0,29.92,10.0,WNW,19.6,,Partly Cloudy,False,False,False,False,False,False,False,False,False,False,False,False,False,Day,Day,Day,Day
A-1279,Source2,2,2016-06-25 20:18:11,2016-06-25 20:48:11,38.518242,-122.995911,,,0.0,Accident on Armstrong Woods Rd at Brookdale Dr.,Armstrong Woods Rd,Guerneville,Sonoma,CA,95446-8106,US,US/Pacific,KSTS,2016-06-25 19:53:00,73.0,,44.0,29.86,10.0,South,6.9,,Clear,False,False,False,False,False,False,False,False,False,False,False,False,False,Day,Day,Day,Day
A-1280,Source2,3,2016-06-25 20:17:16,2016-06-25 20:47:16,37.632156,-122.437218,,,0.0,Accident on I-280 Southbound at Exits 43A 43B I-380.,I-280 S,San Bruno,San Mateo,CA,94066,US,US/Pacific,KSFO,2016-06-25 19:56:00,61.0,,67.0,29.92,10.0,WNW,19.6,,Partly Cloudy,False,False,False,False,False,False,False,False,False,False,False,False,False,Day,Day,Day,Day
A-1281,Source2,3,2016-06-25 20:19:44,2016-06-25 20:49:44,37.643707,-122.093231,,,0.0,Accident on I-880 Northbound at Exit 27 CA-92 Jackson St.,Nimitz Fwy S,Hayward,Alameda,CA,94545,US,US/Pacific,KHWD,2016-06-25 19:54:00,68.0,,56.0,29.95,10.0,West,10.4,,Clear,False,False,False,False,True,False,False,False,False,False,False,False,False,Day,Day,Day,Day
A-1282,Source2,2,2016-06-25 20:27:18,2016-06-25 20:57:18,38.578304,-122.605103,,,0.0,Accident on Petrified Forest Rd at Franz Valley School Rd. Expect delays.,Petrified Forest Rd,Calistoga,Napa,CA,94515-9705,US,US/Pacific,KSTS,2016-06-25 20:53:00,66.0,,56.0,29.88,10.0,South,6.9,,Clear,False,False,False,False,False,False,False,False,False,False,False,False,False,Day,Day,Day,Day
A-1283,Source2,2,2016-06-25 20:25:20,2016-06-25 20:55:20,37.409039,-122.194809,,,0.0,Accident on Alpine Rd Northbound at I-280. Expect delays.,I-280 S,Portola Valley,San Mateo,CA,94028,US,US/Pacific,KSQL,2016-06-25 20:50:00,66.2,,49.0,29.94,10.0,WNW,5.8,,Partly Cloudy,False,False,False,False,False,False,False,False,False,False,False,False,False,Day,Day,Day,Day
A-1284,Source2,3,2016-06-25 20:22:04,2016-06-25 20:52:04,37.687485,-122.133484,,,0.0,Accident on I-880 Northbound at Exits 30 31A I-238. Expect delays.,Nimitz Fwy S,San Leandro,Alameda,CA,94579,US,US/Pacific,KHWD,2016-06-25 19:54:00,68.0,,56.0,29.95,10.0,West,10.4,,Clear,False,False,False,False,False,False,False,False,False,False,False,False,False,Day,Day,Day,Day
A-1285,Source2,2,2016-06-25 20:27:35,2016-06-25 21:27:35,38.703709,-121.345932,,,0.0,Accident on Antelope Rd at Don Julio Blvd.,Don Julio Blvd,Sacramento,Sacramento,CA,95842,US,US/Pacific,KMCC,2016-06-25 20:35:00,87.8,,24.0,29.85,9.0,SSW,9.2,,Clear,False,False,True,False,False,False,False,False,False,False,False,True,False,Day,Day,Day,Day
A-1286,Source2,2,2016-06-25 21:16:30,2016-06-25 22:16:30,38.32571400000001,-121.242111,,,0.0,Accident on Valensin Rd at Colony Rd.,Colony Rd,Galt,Sacramento,CA,95632-8588,US,US/Pacific,KSAC,2016-06-25 20:53:00,82.0,,27.0,29.84,10.0,SW,6.9,,Clear,False,False,False,False,False,False,False,False,False,False,False,False,False,Night,Night,Day,Day
A-1287,Source2,2,2016-06-25 21:25:28,2016-06-25 22:25:28,38.510437,-121.45063799999998,,,0.0,Accident on 47th Ave at 47th St.,47th St,Sacramento,Sacramento,CA,95824,US,US/Pacific,KSAC,2016-06-25 21:53:00,77.0,,34.0,29.86,10.0,SSW,4.6,,Clear,False,False,False,False,False,False,False,False,False,False,False,False,False,Night,Night,Day,Day
A-1288,Source2,3,2016-06-26 00:21:18,2016-06-26 00:51:18,37.828934,-122.29377,,,0.0,Accident on I-80 I-580 Eastbound at Exit 8B I-580.,I-580 E,Oakland,Alameda,CA,94607,US,US/Pacific,KOAK,2016-06-26 00:53:00,57.9,,75.0,29.96,10.0,Calm,,,Clear,False,False,False,False,False,False,False,False,False,False,False,False,False,Night,Night,Night,Night
A-1289,Source2,2,2016-06-26 00:21:56,2016-06-26 00:51:56,37.726952,-121.724197,,,0.0,Accident on Vasco Rd Northbound at Dalton Ave.,Dalton Ave,Livermore,Alameda,CA,94551,US,US/Pacific,KLVK,2016-06-26 00:53:00,64.9,,56.0,29.93,10.0,WNW,3.5,,Clear,False,False,True,False,False,False,False,False,False,False,False,True,False,Night,Night,Night,Night
A-1290,Source2,2,2016-06-26 01:31:08,2016-06-26 02:16:08,38.207676,-122.156708,,,0.0,Right hand shoulder blocked due to accident on CA-12 Jameson Canyon Rd Eastbound at Red Top Rd.,Red Top Rd,American Canyon,Solano,CA,94503,US,US/Pacific,KAPC,2016-06-26 01:54:00,57.0,,87.0,29.9,10.0,South,3.5,,Clear,False,False,False,False,False,False,False,False,False,False,False,False,False,Night,Night,Night,Night
A-1291,Source2,3,2016-06-26 01:07:08,2016-06-26 01:52:08,37.700802,-121.92276,,,0.0,Right hand shoulder blocked due to accident on I-580 Westbound at Exits 44B 45 I-680.,I-580 E,Pleasanton,Alameda,CA,94588,US,US/Pacific,KLVK,2016-06-26 00:53:00,64.9,,56.0,29.93,10.0,WNW,3.5,,Clear,False,False,False,False,True,False,False,False,False,False,False,False,False,Night,Night,Night,Night
A-1292,Source2,3,2016-06-26 01:31:45,2016-06-26 02:16:45,37.702499,-122.01693,,,0.0,Right hand shoulder blocked due to accident on I-580 Eastbound at Exit 39 Eden Canyon Rd.,I-580 E,Castro Valley,Alameda,CA,94552,US,US/Pacific,KHWD,2016-06-26 01:54:00,61.0,,70.0,29.97,10.0,Calm,,,Clear,False,False,False,False,False,False,False,False,False,False,False,False,False,Night,Night,Night,Night
A-1293,Source2,2,2016-06-26 02:35:21,2016-06-26 03:20:21,38.136662,-122.258545,,,0.0,#1 lane blocked due to accident on CA-37 Marine World Pkwy Westbound at Exit 19 CA-29 Sonoma Blvd.,Marine World Pkwy W,Vallejo,Solano,CA,94589,US,US/Pacific,KAPC,2016-06-26 02:54:00,55.9,,87.0,29.9,10.0,West,3.5,,Clear,False,False,False,False,False,False,False,False,False,False,False,False,False,Night,Night,Night,Night
A-1294,Source2,3,2016-06-26 02:54:56,2016-06-26 03:54:56,38.042713,-122.241486,,,0.0,Right hand shoulder blocked due to accident on I-80 Eastbound at Exit 26 Cummings Skwy.,I-80 E,Crockett,Contra Costa,CA,94525,US,US/Pacific,KCCR,2016-06-26 02:53:00,62.1,,70.0,29.87,10.0,NNW,3.5,,Clear,False,False,False,False,True,False,False,False,False,False,False,False,False,Night,Night,Night,Night
A-1295,Source2,2,2016-06-26 02:34:42,2016-06-26 03:19:42,37.319691,-121.828201,,,0.0,Accident on Fontaine Rd at Alvin Ave.,Alvin Ave,San Jose,Santa Clara,CA,95121-1607,US,US/Pacific,KRHV,2016-06-26 06:47:00,62.6,,68.0,29.98,10.0,Calm,,,Clear,False,False,False,False,False,False,False,False,False,False,False,False,False,Night,Night,Night,Night
A-1296,Source2,2,2016-06-26 03:35:12,2016-06-26 04:20:12,38.366673,-122.712364,,,0.0,Right hand shoulder blocked due to accident on US-101 Southbound at Golf Course Dr.,Redwood Hwy S,Santa Rosa,Sonoma,CA,95407,US,US/Pacific,KSTS,2016-06-26 03:53:00,52.0,,86.0,29.9,9.0,Calm,,,Clear,False,False,False,False,False,False,False,False,False,False,False,False,False,Night,Night,Night,Night
A-1297,Source2,3,2016-06-26 03:48:23,2016-06-26 04:18:23,37.78171500000001,-122.39724,,,0.0,Right hand shoulder blocked due to accident on I-80 Westbound at Exits 2 2A Harrison St.,Perry St,San Francisco,San Francisco,CA,94107-4217,US,US/Pacific,KOAK,2016-06-26 03:53:00,59.0,,78.0,29.94,10.0,NNW,3.5,,Clear,False,False,False,False,False,False,False,False,False,False,False,False,False,Night,Night,Night,Night
A-1298,Source2,3,2016-06-26 03:42:30,2016-06-26 04:42:30,37.940056,-122.060059,,,0.0,Right hand shoulder blocked due to accident on I-680 Northbound at Exits 49 49A 49B 50 CA-242.,I-680 N,Pleasant Hill,Contra Costa,CA,94523,US,US/Pacific,KCCR,2016-06-26 03:53:00,62.1,,72.0,29.88,9.0,Calm,,,Clear,False,False,False,False,False,False,False,False,False,False,False,False,False,Night,Night,Night,Night
A-1299,Source2,3,2016-06-26 03:34:40,2016-06-26 04:19:40,37.364006,-121.84346,,,0.0,Accident on I-680 Northbound at Exit 2B McKee Rd.,I-680 N,San Jose,Santa Clara,CA,95116,US,US/Pacific,KRHV,2016-06-26 06:47:00,62.6,,68.0,29.98,10.0,Calm,,,Clear,False,False,False,False,True,False,False,False,False,False,False,False,False,Night,Night,Night,Night
A-1300,Source2,2,2016-06-26 04:30:12,2016-06-26 05:00:12,38.367859,-122.532402,,,0.0,Accident on Warm Springs Rd at Saddle Rd.,Warm Springs Rd,Glen Ellen,Sonoma,CA,95442-8742,US,US/Pacific,KO69,2016-06-26 04:35:00,50.0,,94.0,29.96,7.0,Calm,,,Partly Cloudy,False,False,False,False,False,False,False,False,False,False,False,False,False,Night,Night,Night,Day
A-1301,Source2,2,2016-06-26 04:19:48,2016-06-26 05:04:48,38.449142,-122.151894,,,0.0,Accident on CA-128 Eastbound at Wragg Canyon Rd.,Wragg Canyon Rd,Napa,Napa,CA,94558-9509,US,US/Pacific,KAPC,2016-06-26 03:54:00,57.9,,84.0,29.91,10.0,WSW,4.6,,Clear,False,False,False,False,False,False,False,False,False,False,False,False,False,Night,Night,Night,Day
A-1302,Source2,2,2016-06-26 05:21:22,2016-06-26 06:06:22,38.456425,-122.725899,,,0.0,Accident on US-101 Northbound at Exit 491 Steele Ln.,US-101 N,Santa Rosa,Sonoma,CA,95401,US,US/Pacific,KSTS,2016-06-26 04:53:00,50.0,,93.0,29.91,8.0,Calm,,,Clear,False,False,False,False,True,False,False,False,False,False,False,False,False,Night,Day,Day,Day
A-1303,Source2,2,2016-06-26 05:08:13,2016-06-26 06:08:13,38.34597,-122.666893,,,0.0,Accident on Rohnert Park Expy at Petaluma Hill Rd.,Rohnert Park Expy,Rohnert Park,Sonoma,CA,94928,US,US/Pacific,KO69,2016-06-26 05:15:00,50.0,,94.0,29.97,6.0,Calm,,,Clear,False,False,False,False,False,False,False,False,False,False,False,True,False,Night,Night,Day,Day
A-1304,Source2,3,2016-06-26 05:08:42,2016-06-26 05:53:42,37.711575,-122.12738799999998,,,0.0,Right hand shoulder blocked due to accident on I-580 Westbound at Exit 32 150th Ave.,I-580 W,San Leandro,Alameda,CA,94578,US,US/Pacific,KHWD,2016-06-26 04:54:00,59.0,,69.0,29.98,10.0,Calm,,,Clear,False,False,False,False,True,False,False,False,False,False,False,False,False,Night,Night,Day,Day
A-1305,Source2,2,2016-06-26 05:20:46,2016-06-26 06:20:46,37.452118,-122.126907,,,0.0,Right hand shoulder blocked and middle lane blocked due to accident on US-101 Southbound at Exit 402 Embarcadero Rd.,Bayshore Fwy S,Palo Alto,Santa Clara,CA,94303,US,US/Pacific,KPAO,2016-06-26 06:47:00,59.0,,88.0,29.97,10.0,Calm,,,Partly Cloudy,False,False,False,False,True,False,False,False,False,False,False,False,False,Night,Day,Day,Day
A-1306,Source2,2,2016-06-26 05:47:21,2016-06-26 06:17:21,37.60012800000001,-122.37686200000002,,,0.0,Right hand shoulder blocked due to accident on US-101 Southbound at Exits 420 421 Millbrae Ave.,Bayshore Fwy S,Burlingame,San Mateo,CA,94010,US,US/Pacific,KSFO,2016-06-26 05:56:00,55.0,,80.0,29.97,10.0,WNW,10.4,,Partly Cloudy,False,False,False,False,False,False,False,False,False,False,False,False,False,Night,Day,Day,Day
A-1307,Source2,3,2016-06-26 06:19:30,2016-06-26 07:04:30,37.719162,-122.448273,,,0.0,Slow lane blocked due to accident on I-280 Northbound at Exit 51 Ocean Ave.,John F Foran Fwy,San Francisco,San Francisco,CA,94112,US,US/Pacific,KSFO,2016-06-26 05:56:00,55.0,,80.0,29.97,10.0,WNW,10.4,,Partly Cloudy,False,False,False,False,False,False,False,False,False,False,False,False,False,Day,Day,Day,Day
A-1308,Source2,2,2016-06-26 07:23:06,2016-06-26 07:53:06,38.115944,-121.398148,,,0.0,Accident on CA-12 Southbound at I-5.,I-5 S,Lodi,San Joaquin,CA,95242,US,US/Pacific,KSCK,2016-06-26 06:55:00,64.9,,58.0,29.92,10.0,Calm,,,Clear,False,False,False,False,False,False,False,False,False,False,False,False,False,Day,Day,Day,Day
A-1309,Source2,2,2016-06-26 07:25:22,2016-06-26 08:10:22,37.768921,-121.38633,,,0.0,Accident on Paradise Rd both ways at Arbor Rd.,W Arbor Ave,Tracy,San Joaquin,CA,95304-9401,US,US/Pacific,KSCK,2016-06-26 06:55:00,64.9,,58.0,29.92,10.0,Calm,,,Clear,False,False,False,False,False,False,False,False,False,False,False,False,False,Day,Day,Day,Day
A-1310,Source2,3,2016-06-26 07:22:27,2016-06-26 07:52:27,37.931023,-121.296196,,,0.0,Accident on I-5 Southbound at Exit 471 Charter Way.,I-5 S,Stockton,San Joaquin,CA,95206,US,US/Pacific,KSCK,2016-06-26 06:55:00,64.9,,58.0,29.92,10.0,Calm,,,Clear,False,False,False,False,False,False,False,False,False,False,False,False,False,Day,Day,Day,Day
A-1311,Source2,2,2016-06-26 07:24:07,2016-06-26 08:09:07,38.314034,-120.721054,,,0.0,Accident on CA-49 both ways at Electra Rd.,S State Highway 49,Jackson,Amador,CA,95642,US,US/Pacific,KPVF,2016-06-26 07:15:00,73.4,,29.0,30.06,10.0,ENE,10.4,,Clear,False,False,False,False,False,False,False,False,False,False,False,False,False,Day,Day,Day,Day
A-1312,Source2,3,2016-06-26 08:16:07,2016-06-26 08:57:00,37.777027,-121.975304,,,0.0,Accident on I-680 Northbound at Exit 36 Crow Canyon Rd.,I-680 S,San Ramon,Contra Costa,CA,94583,US,US/Pacific,KLVK,2016-06-26 07:53:00,64.9,,56.0,29.96,10.0,Calm,,,Clear,False,False,False,False,False,False,False,False,False,False,False,False,False,Day,Day,Day,Day
A-1313,Source2,3,2016-06-26 08:16:07,2016-06-26 08:52:00,37.700802,-121.92276,,,0.0,Accident on I-680 Southbound at Exits 30A 30B I-580.,I-580 E,Pleasanton,Alameda,CA,94588,US,US/Pacific,KLVK,2016-06-26 07:53:00,64.9,,56.0,29.96,10.0,Calm,,,Clear,False,False,False,False,True,False,False,False,False,False,False,False,False,Day,Day,Day,Day
A-1314,Source2,2,2016-06-26 08:16:07,2016-06-26 10:08:00,38.56179,-122.823181,,,0.0,Right hand shoulder blocked due to accident on US-101 Northbound at Exit 499 Arata Ln.,Redwood Hwy S,Windsor,Sonoma,CA,95492,US,US/Pacific,KSTS,2016-06-26 07:53:00,57.9,,75.0,29.95,10.0,SE,3.5,,Clear,False,False,False,False,False,False,False,False,False,False,False,False,False,Day,Day,Day,Day
A-1315,Source2,3,2016-06-26 08:16:07,2016-06-26 09:43:00,38.05258900000001,-122.227448,,,0.0,Right hand shoulder blocked due to accident on I-80 Eastbound at Exit 27 Pomona St.,I-80 E,Crockett,Contra Costa,CA,94525,US,US/Pacific,KCCR,2016-06-26 07:53:00,66.0,,63.0,29.92,9.0,Calm,,,Clear,False,False,False,False,False,False,False,False,False,False,False,False,False,Day,Day,Day,Day
A-1316,Source2,2,2016-06-26 08:16:07,2016-06-26 10:44:00,37.495583,-122.368835,,,0.0,Right hand shoulder blocked due to accident on CA-35 Half Moon Bay Rd Southbound at CA-92 San Mateo Rd.,Half Moon Bay Rd,Redwood City,San Mateo,CA,94062,US,US/Pacific,KSQL,2016-06-26 07:50:00,62.6,,63.0,29.99,10.0,NW,3.5,,Clear,False,False,False,False,False,False,False,False,True,True,False,False,False,Day,Day,Day,Day
A-1317,Source2,2,2016-06-26 10:07:54,2016-06-26 11:37:54,37.746033,-121.132164,,,0.0,Accident on CA-99 Northbound at Exit 237A Fulton Overcrossing.,CA-99 N,Ripon,San Joaquin,CA,95366,US,US/Pacific,KMOD,2016-06-26 09:53:00,82.9,,29.0,29.93,10.0,NW,10.4,,Clear,False,False,False,False,False,False,False,False,False,False,False,False,False,Day,Day,Day,Day
A-1318,Source2,2,2016-06-26 08:16:07,2016-06-26 11:16:00,38.252132,-122.489708,,,0.0,Accident on Watmaugh Rd at CA-116 Stage Gulch Rd.,Stage Gulch Rd,Sonoma,Sonoma,CA,95476,US,US/Pacific,KO69,2016-06-26 08:15:00,57.2,,77.0,30.01,7.0,Calm,,,Clear,False,False,False,False,False,False,False,False,False,False,False,False,False,Day,Day,Day,Day
A-1319,Source2,3,2016-06-26 11:44:49,2016-06-26 12:14:49,38.229424,-121.433434,,,0.0,Accident on I-5 Southbound at Exit 493 County Hwy-J8 Walnut Grove Rd.,I-5 S,Walnut Grove,San Joaquin,CA,95690,US,US/Pacific,KSAC,2016-06-26 11:53:00,90.0,,24.0,29.93,10.0,Calm,,,Clear,False,False,False,False,False,False,False,False,False,False,False,False,False,Day,Day,Day,Day
A-1320,Source2,3,2016-06-26 11:45:18,2016-06-26 12:15:18,37.953571,-121.309471,,,0.0,Accident on I-5 Northbound at Exit 473 Flora St.,I-5 N,Stockton,San Joaquin,CA,95203,US,US/Pacific,KSCK,2016-06-26 11:55:00,89.1,,30.0,29.93,10.0,WNW,8.1,,Clear,False,False,False,False,True,False,False,False,False,False,False,False,False,Day,Day,Day,Day
A-1321,Source2,3,2016-06-26 08:16:07,2016-06-26 12:39:00,37.631477,-122.084183,,,0.0,Right hand shoulder blocked due to accident on I-880 Southbound at Exit 26 Tennyson Rd.,W Tennyson Rd,Hayward,Alameda,CA,94544,US,US/Pacific,KHWD,2016-06-26 07:54:00,62.1,,67.0,30.01,8.0,West,3.5,,Clear,False,False,False,False,True,False,False,False,False,False,False,False,False,Day,Day,Day,Day
A-1322,Source2,2,2016-06-26 08:16:07,2016-06-26 13:41:00,38.210583,-122.6007,,,0.0,Accident on US-101 Redwood Hwy Southbound at Kastania Rd.,Kastania Rd,Petaluma,Sonoma,CA,94952,US,US/Pacific,KO69,2016-06-26 08:15:00,57.2,,77.0,30.01,7.0,Calm,,,Clear,False,False,False,False,False,False,False,False,False,False,False,False,False,Day,Day,Day,Day
A-1323,Source2,3,2016-06-26 08:16:07,2016-06-26 13:14:00,37.808498,-122.366852,,,0.0,One lane blocked due to accident on I-80 Westbound at Exit 4A Treasure Is.,San Francisco-Oakland Bay Brg E,San Francisco,San Francisco,CA,94130,US,US/Pacific,KOAK,2016-06-26 07:53:00,63.0,,67.0,29.99,8.0,NW,5.8,,Partly Cloudy,False,False,False,False,False,False,False,False,False,True,False,False,False,Day,Day,Day,Day
A-1324,Source2,2,2016-06-26 08:16:07,2016-06-26 13:36:00,37.893772,-122.120995,,,0.0,Right hand shoulder blocked due to accident on CA-24 Eastbound at Exit 12 Oak Hill Rd.,Oak Hill Rd,Lafayette,Contra Costa,CA,94549-3136,US,US/Pacific,KCCR,2016-06-26 07:53:00,66.0,,63.0,29.92,9.0,Calm,,,Clear,False,False,False,False,False,False,False,False,False,False,False,False,False,Day,Day,Day,Day
A-1325,Source2,2,2016-06-26 08:16:07,2016-06-26 13:50:00,38.496548,-122.770035,,,0.0,Lane blocked due to accident on River Rd at Fulton Rd.,Fulton Rd,Fulton,Sonoma,CA,95439,US,US/Pacific,KSTS,2016-06-26 07:53:00,57.9,,75.0,29.95,10.0,SE,3.5,,Clear,False,False,False,False,False,False,False,False,False,False,False,True,False,Day,Day,Day,Day
A-1326,Source2,3,2016-06-26 08:16:07,2016-06-26 13:24:00,37.317062,-121.974922,,,0.0,Accident on I-280 Southbound at Exit 7 Saratoga Ave.,Saratoga Ave,San Jose,Santa Clara,CA,95129,US,US/Pacific,KSJC,2016-06-26 07:53:00,64.9,,70.0,29.98,10.0,WNW,4.6,,Partly Cloudy,False,False,False,False,False,False,False,False,False,False,False,False,False,Day,Day,Day,Day
A-1327,Source2,3,2016-06-26 08:16:07,2016-06-26 13:24:00,38.416264,-121.897232,,,0.0,Right hand shoulder blocked due to multi-vehicle accident on I-80 Eastbound at Midway Rd.,Midway Rd,Dixon,Solano,CA,95620,US,US/Pacific,KEDU,2016-06-26 08:15:00,71.6,,53.0,29.94,10.0,North,4.6,,Clear,False,False,False,False,False,False,False,False,False,False,False,False,False,Day,Day,Day,Day
A-1328,Source2,2,2016-06-26 13:08:47,2016-06-26 13:53:47,37.856663,-120.998642,,,0.0,Accident on County Hwy-J6 Escalon Bellota Rd both ways at Dodds Rd.,Dodds Rd,Escalon,San Joaquin,CA,95320-8501,US,US/Pacific,KMOD,2016-06-26 12:53:00,96.1,,21.0,29.91,10.0,NW,9.2,,Clear,False,False,False,False,False,False,False,False,False,False,False,False,False,Day,Day,Day,Day
A-1329,Source2,3,2016-06-26 13:48:18,2016-06-26 14:32:00,37.731606,-122.188606,,,0.0,Right hand shoulder blocked due to accident on I-880 Northbound at Exit 35 98th Ave.,Nimitz Fwy S,Oakland,Alameda,CA,94603,US,US/Pacific,KOAK,2016-06-26 13:53:00,75.9,,42.0,29.98,10.0,West,15.0,,Partly Cloudy,False,False,False,False,False,False,False,False,False,False,False,False,False,Day,Day,Day,Day
A-1330,Source2,3,2016-06-26 13:48:18,2016-06-26 14:53:00,37.710648,-122.166687,,,0.0,Right hand shoulder blocked due to accident on I-880 Northbound at Exits 33A 33B Marina Blvd.,Marina Blvd,San Leandro,Alameda,CA,94577,US,US/Pacific,KOAK,2016-06-26 13:53:00,75.9,,42.0,29.98,10.0,West,15.0,,Partly Cloudy,False,False,False,False,False,False,False,False,False,False,False,False,False,Day,Day,Day,Day
A-1331,Source2,3,2016-06-26 13:48:18,2016-06-26 14:56:00,37.740906,-122.196472,,,0.0,Right hand shoulder blocked due to accident on I-880 Northbound at Exit 36 Hegenberger Rd.,I-880 N,Oakland,Alameda,CA,94621,US,US/Pacific,KOAK,2016-06-26 13:53:00,75.9,,42.0,29.98,10.0,West,15.0,,Partly Cloudy,False,False,False,False,True,False,False,False,False,False,False,False,False,Day,Day,Day,Day
A-1332,Source2,2,2016-06-26 14:44:21,2016-06-26 16:14:21,37.75404,-121.485123,,,0.0,Accident on County Hwy-J4 Byron Rd at County Hwy-J4 Byron Rd. Police in attendance.,W Grant Line Rd,Tracy,San Joaquin,CA,95304,US,US/Pacific,KSCK,2016-06-26 14:55:00,98.1,,20.0,29.9,10.0,NW,9.2,,Clear,False,False,False,False,False,False,False,False,False,False,False,False,False,Day,Day,Day,Day
A-1333,Source2,2,2016-06-26 13:48:18,2016-06-26 15:53:34,37.825844,-121.930214,,,0.0,Accident on Blackhawk Rd at Saddleback Ln.,Tennis Club Dr,Danville,Contra Costa,CA,94506,US,US/Pacific,KLVK,2016-06-26 13:53:00,97.0,,19.0,29.92,10.0,WSW,9.2,,Clear,False,False,True,False,False,False,False,False,False,True,False,False,False,Day,Day,Day,Day
A-1334,Source2,3,2016-06-26 15:07:14,2016-06-26 16:37:14,37.330112,-121.867676,,,0.0,Accident on I-280 Southbound at Exits 1 1B 2 11th St.,Sinclair Fwy N,San Jose,Santa Clara,CA,95116,US,US/Pacific,KRHV,2016-06-26 14:47:00,91.4,,20.0,29.97,10.0,West,13.8,,Clear,False,False,False,False,False,False,False,False,False,False,False,False,False,Day,Day,Day,Day
A-1335,Source2,3,2016-06-26 15:19:44,2016-06-26 16:49:44,37.932056,-122.40361,,,0.0,Accident on I-580 Eastbound at Exit 7A Western Dr.,Richmond-San Rafael Brg,Richmond,Contra Costa,CA,94801,US,US/Pacific,KCCR,2016-06-26 14:53:00,98.1,,14.0,29.88,10.0,NW,9.2,,Clear,False,False,False,False,False,False,False,False,False,False,False,False,False,Day,Day,Day,Day
A-1336,Source2,2,2016-06-26 15:18:15,2016-06-26 16:48:15,37.562325,-122.278381,,,0.0,Accident on Vintage Park Dr Southbound near Chess Dr.,Chess Dr,San Mateo,San Mateo,CA,94404,US,US/Pacific,KSQL,2016-06-26 14:55:00,80.6,,34.0,29.98,10.0,North,9.2,,Partly Cloudy,False,False,False,False,False,False,False,False,False,False,False,True,False,Day,Day,Day,Day
A-1337,Source2,2,2016-06-26 15:17:23,2016-06-26 16:47:23,38.019871,-121.936928,,,0.0,Accident on Madison Ave at South St.,Madison Ave,Pittsburg,Contra Costa,CA,94565-3314,US,US/Pacific,KCCR,2016-06-26 14:53:00,98.1,,14.0,29.88,10.0,NW,9.2,,Clear,False,False,False,False,False,False,False,False,False,False,False,False,False,Day,Day,Day,Day
A-1338,Source2,3,2016-06-26 15:26:23,2016-06-26 16:56:23,37.317024,-121.931206,,,0.0,Accident on I-280 Southbound at Exits 1C 5A 5B CA-17.,Sinclair Fwy N,San Jose,Santa Clara,CA,95128,US,US/Pacific,KSJC,2016-06-26 15:46:00,86.0,,33.0,29.94,10.0,WNW,13.8,,Scattered Clouds,False,False,False,False,False,False,False,False,False,False,False,False,False,Day,Day,Day,Day
A-1339,Source2,3,2016-06-26 15:34:50,2016-06-26 17:04:50,37.825397,-122.304802,,,0.0,Accident on I-80 Westbound at Exits 8A 8B I-880.,I-80 W,Oakland,Alameda,CA,94607,US,US/Pacific,KOAK,2016-06-26 15:53:00,73.9,,48.0,29.96,10.0,WNW,16.1,,Partly Cloudy,False,False,False,False,True,False,False,False,False,False,False,False,False,Day,Day,Day,Day
A-1340,Source2,2,2016-06-26 15:50:36,2016-06-26 17:20:36,38.401222,-122.741432,,,0.0,Accident on Stony Point Rd Southbound at Bellevue Ave.,Stony Point Rd,Santa Rosa,Sonoma,CA,95407-8033,US,US/Pacific,KSTS,2016-06-26 15:53:00,93.9,,28.0,29.89,10.0,South,10.4,,Scattered Clouds,False,False,False,False,False,False,False,False,False,False,False,False,False,Day,Day,Day,Day
A-1341,Source2,3,2016-06-26 15:50:02,2016-06-26 17:20:02,37.8745,-122.306038,,,0.0,Accident on I-80 I-580 Westbound at Exit 12 I-580.,I-580 W,Berkeley,Alameda,CA,94710,US,US/Pacific,KOAK,2016-06-26 15:53:00,73.9,,48.0,29.96,10.0,WNW,16.1,,Partly Cloudy,False,False,False,False,True,False,False,False,False,False,False,False,False,Day,Day,Day,Day
A-1342,Source2,2,2016-06-26 15:42:27,2016-06-26 17:12:27,37.634968,-122.103279,,,0.0,Accident on CA-92 Jackson St Eastbound at Exit 25B Hesperian Blvd.,W Jackson St,Hayward,Alameda,CA,94545,US,US/Pacific,KHWD,2016-06-26 15:54:00,78.1,,42.0,29.98,10.0,West,11.5,,Clear,False,False,False,False,False,False,False,False,False,False,False,False,False,Day,Day,Day,Day
A-1343,Source2,2,2016-06-26 15:43:15,2016-06-26 17:13:15,37.695385,-122.073692,,,0.0,Accident on Redwood Rd at Castro Valley Blvd.,Redwood Rd,Castro Valley,Alameda,CA,94546,US,US/Pacific,KHWD,2016-06-26 15:54:00,78.1,,42.0,29.98,10.0,West,11.5,,Clear,False,False,True,False,False,False,False,False,False,False,False,True,False,Day,Day,Day,Day
A-1344,Source2,3,2016-06-26 15:41:50,2016-06-26 17:11:50,37.700932,-121.922119,,,0.0,Accident on I-680 Eastbound at Exits 30A 30B I-580.,I-580 E,Pleasanton,Alameda,CA,94588,US,US/Pacific,KLVK,2016-06-26 15:53:00,99.0,,18.0,29.91,10.0,West,15.0,,Clear,False,False,False,False,True,False,False,False,False,False,False,False,False,Day,Day,Day,Day
A-1345,Source2,2,2016-06-26 16:05:13,2016-06-26 17:35:13,37.238255,-121.969025,,,0.0,Accident on CA-17 Southbound at Exits 21 22 Lark Ave.,CA-17 S,Los Gatos,Santa Clara,CA,95032,US,US/Pacific,KSJC,2016-06-26 15:53:00,86.0,,33.0,29.94,10.0,NW,15.0,,Scattered Clouds,False,False,False,False,False,False,False,False,False,False,False,False,False,Day,Day,Day,Day
A-1346,Source2,2,2016-06-26 16:33:31,2016-06-26 18:03:31,37.686691,-122.119034,,,0.0,Accident on Lewelling Blvd at Ashland Ave.,E Lewelling Blvd,San Lorenzo,Alameda,CA,94580-1736,US,US/Pacific,KHWD,2016-06-26 16:54:00,73.9,,48.0,29.98,10.0,West,12.7,,Clear,False,False,True,False,False,False,False,False,False,False,False,True,False,Day,Day,Day,Day
A-1347,Source2,3,2016-06-26 16:37:44,2016-06-26 18:07:44,38.255756,-122.064438,,,0.0,Accident on I-80 Eastbound at Exit 45 Travis Blvd.,I-80 E,Fairfield,Solano,CA,94533,US,US/Pacific,KSUU,2016-06-26 16:58:00,96.6,,20.0,29.88,10.0,WSW,17.3,,Clear,False,False,False,False,False,False,False,False,False,False,False,False,False,Day,Day,Day,Day
A-1348,Source2,3,2016-06-26 16:54:05,2016-06-26 18:24:05,37.8997,-122.316704,,,0.0,Accident on I-580 Eastbound at Exit 12 Central Ave.,Central Ave,Richmond,Contra Costa,CA,94804,US,US/Pacific,KCCR,2016-06-26 16:53:00,98.1,,12.0,29.87,10.0,West,9.2,,Clear,False,False,True,False,False,False,False,False,False,True,False,True,False,Day,Day,Day,Day
A-1349,Source2,2,2016-06-26 19:07:15,2016-06-26 19:37:15,38.376972,-122.802299,,,0.0,Accident on Rutgers Dr Westbound at Greenwood Ter.,Rutgers Dr,Sebastopol,Sonoma,CA,95472-5132,US,US/Pacific,KSTS,2016-06-26 18:53:00,82.9,,37.0,29.89,10.0,South,8.1,,Clear,False,False,False,False,False,False,False,False,False,False,False,False,False,Day,Day,Day,Day
A-1350,Source2,2,2016-06-26 19:29:41,2016-06-26 20:15:37,37.947186,-121.960999,,,0.0,Accident on Roundtree Dr Westbound at Roundtree Way.,Roundtree Way,Concord,Contra Costa,CA,94521,US,US/Pacific,KCCR,2016-06-26 19:53:00,90.0,,19.0,29.87,10.0,SW,3.5,,Clear,False,False,False,False,False,False,False,False,False,False,False,False,False,Day,Day,Day,Day
A-1351,Source2,2,2016-06-26 20:22:58,2016-06-26 21:08:29,37.22156500000001,-121.981911,,,0.0,Accident on Main St Northbound at Lundy Ln.,E Main St,Los Gatos,Santa Clara,CA,95030,US,US/Pacific,KSJC,2016-06-26 19:53:00,75.0,,43.0,29.96,10.0,WNW,10.4,,Partly Cloudy,True,False,False,False,False,False,False,False,False,False,False,False,False,Day,Day,Day,Day
A-1352,Source2,3,2016-06-26 20:49:58,2016-06-26 21:19:58,37.529819,-122.002083,,,0.0,Accident on I-880 Southbound at Exit 17 Mowry Ave.,Mowry Ave,Fremont,Alameda,CA,94538,US,US/Pacific,KPAO,2016-06-26 20:47:00,64.4,,73.0,29.97,10.0,NNW,15.0,,Clear,False,False,False,False,False,False,False,False,False,False,False,False,False,Night,Day,Day,Day
A-1353,Source2,3,2016-06-26 21:12:27,2016-06-26 21:42:27,37.716251,-121.706451,,,0.0,Accident on I-580 Eastbound at Exit 57 Greenville Rd.,I-580 E,Livermore,Alameda,CA,94551,US,US/Pacific,KLVK,2016-06-26 20:53:00,79.0,,38.0,29.93,10.0,NW,6.9,,Clear,False,False,False,False,False,False,False,False,False,False,False,False,False,Night,Night,Day,Day
A-1354,Source2,3,2016-06-26 21:24:28,2016-06-26 21:54:28,37.944809,-122.48558,,,0.0,Accident on I-580 Eastbound at Exit 2A Sir Francis Drake Blvd.,I-580 E,San Quentin,Marin,CA,94964,US,US/Pacific,KDVO,2016-06-26 21:15:00,64.4,,59.0,29.96,,NNE,5.8,,Clear,False,False,False,False,False,False,False,False,False,False,False,False,False,Night,Night,Day,Day
A-1355,Source2,3,2016-06-26 21:22:34,2016-06-26 21:52:34,37.568287,-121.896156,,,0.0,Accident on I-680 Southbound at Sunol.,I-680 S,Sunol,Alameda,CA,94586,US,US/Pacific,KLVK,2016-06-26 20:53:00,79.0,,38.0,29.93,10.0,NW,6.9,,Clear,False,False,False,False,False,False,False,False,False,False,False,False,False,Night,Night,Day,Day
A-1356,Source2,3,2016-06-26 22:28:52,2016-06-26 23:15:15,37.690357,-122.123779,,,0.0,Accident on I-238 Northbound at Exits 16A 16B I-880.,I-238 N,San Lorenzo,Alameda,CA,94580,US,US/Pacific,KHWD,2016-06-26 22:54:00,62.1,,67.0,30.02,10.0,NW,8.1,,Clear,False,False,False,False,False,False,False,False,False,False,False,False,False,Night,Night,Night,Night
A-1357,Source2,2,2016-06-27 00:29:09,2016-06-27 00:59:09,37.2495,-121.959633,,,0.0,Accident on CA-17 Southbound at Exits 21 22 Lark Ave.,CA-17 S,Los Gatos,Santa Clara,CA,95032,US,US/Pacific,KSJC,2016-06-27 00:53:00,63.0,,75.0,29.99,10.0,WNW,5.8,,Clear,False,False,False,False,False,False,False,False,False,False,False,False,False,Night,Night,Night,Night
A-1358,Source2,2,2016-06-27 00:30:38,2016-06-27 01:00:38,38.026455,-121.94194,,,0.0,Accident on Willow Pass Rd at Bailey Rd.,Bailey Rd,Pittsburg,Contra Costa,CA,94565,US,US/Pacific,KCCR,2016-06-27 00:53:00,66.9,,57.0,29.91,10.0,North,5.8,,Clear,True,False,False,False,False,False,False,False,False,False,False,False,False,Night,Night,Night,Night
A-1359,Source2,2,2016-06-27 01:26:47,2016-06-27 02:26:47,37.589874,-122.36113,,,0.0,Lane blocked due to accident on US-101 Southbound at Exits 419A 419B Bayshore Hwy.,Bayshore Fwy S,Burlingame,San Mateo,CA,94010,US,US/Pacific,KSFO,2016-06-27 01:56:00,53.1,,86.0,30.0,10.0,WNW,19.6,,Partly Cloudy,False,False,False,False,False,False,False,False,False,False,False,False,False,Night,Night,Night,Night
A-1360,Source2,3,2016-06-27 01:26:13,2016-06-27 02:26:13,37.997124,-122.286018,,,0.0,Two lanes blocked due to accident on I-80 Westbound at Exit 22 Pinole Valley Rd.,Pinole Valley Rd,Pinole,Contra Costa,CA,94564,US,US/Pacific,KCCR,2016-06-27 01:53:00,64.9,,61.0,29.91,10.0,NNW,4.6,,Clear,False,False,False,False,False,False,False,False,False,False,False,False,False,Night,Night,Night,Night
A-1361,Source2,3,2016-06-27 01:55:01,2016-06-27 02:55:01,37.66964,-122.466217,,,0.0,Lane blocked due to accident on I-280 Northbound at Exit 47A Serramonte Blvd.,Serramonte Blvd,Daly City,San Mateo,CA,94015,US,US/Pacific,KSFO,2016-06-27 01:56:00,53.1,,86.0,30.0,10.0,WNW,19.6,,Partly Cloudy,False,False,False,False,False,False,False,False,False,False,False,False,False,Night,Night,Night,Night
A-1362,Source2,3,2016-06-27 01:31:27,2016-06-27 02:31:27,37.890163,-122.308296,,,0.0,Right hand shoulder blocked due to accident on I-80 I-580 Westbound at Exit 13 I-580.,Eastshore Fwy W,Berkeley,Alameda,CA,94710,US,US/Pacific,KOAK,2016-06-27 01:53:00,57.0,,77.0,30.0,10.0,WNW,8.1,,Partly Cloudy,False,False,False,False,False,False,False,False,False,False,False,False,False,Night,Night,Night,Night
A-1363,Source2,3,2016-06-27 02:26:01,2016-06-27 03:26:01,37.956047,-122.329842,,,0.0,Two lanes blocked due to accident on I-80 Eastbound at Exit 18 San Pablo Dam Rd.,I-80 E,San Pablo,Contra Costa,CA,94806,US,US/Pacific,KCCR,2016-06-27 02:53:00,64.9,,61.0,29.92,10.0,Calm,,,Clear,False,False,False,False,False,False,False,False,False,False,False,False,False,Night,Night,Night,Night
A-1364,Source2,2,2016-06-27 02:58:48,2016-06-27 03:58:48,37.643707,-122.093231,,,0.0,Lane blocked due to accident on CA-92 Jackson St Eastbound at Exits 26A 26B I-880.,Nimitz Fwy S,Hayward,Alameda,CA,94545,US,US/Pacific,KHWD,2016-06-27 02:54:00,57.9,,75.0,30.03,10.0,NW,4.6,,Clear,False,False,False,False,True,False,False,False,False,False,False,False,False,Night,Night,Night,Night
A-1365,Source2,2,2016-06-27 03:28:14,2016-06-27 04:28:14,37.708817,-122.395195,,,0.0,Right hand shoulder blocked due to accident on US-101 Northbound at Exit 429A Harney Way.,Alanna Way,San Francisco,San Francisco,CA,94134,US,US/Pacific,KSFO,2016-06-27 03:56:00,53.1,,89.0,30.01,10.0,WNW,13.8,,Partly Cloudy,False,False,False,False,False,False,False,False,False,False,False,False,False,Night,Night,Night,Night
A-1366,Source2,2,2016-06-27 03:13:46,2016-06-27 04:13:46,37.535507,-122.075211,,,0.0,Lane blocked due to accident on CA-84 Westbound at Quarry Rd.,CA-84 W,Fremont,Alameda,CA,94555,US,US/Pacific,KHWD,2016-06-27 02:54:00,57.9,,75.0,30.03,10.0,NW,4.6,,Clear,False,False,False,False,True,False,False,False,False,False,False,False,False,Night,Night,Night,Night
A-1367,Source2,2,2016-06-27 03:13:04,2016-06-27 04:13:04,37.29414000000001,-122.025833,,,0.0,Two lanes blocked due to accident on CA-85 Northbound at Exit 14 Saratoga Ave.,Norman Y Mineta Hwy,San Jose,Santa Clara,CA,95129,US,US/Pacific,KSJC,2016-06-27 02:53:00,62.1,,75.0,30.0,10.0,WNW,3.5,,Clear,False,False,False,False,False,False,False,False,False,False,False,False,False,Night,Night,Night,Night
A-1368,Source2,2,2016-06-27 03:17:41,2016-06-27 04:17:41,37.381866,-121.963829,,,0.0,Right hand shoulder blocked due to accident on US-101 Southbound at Exit 392 County Hwy-G4 Montague Expy.,Bayshore Fwy S,Santa Clara,Santa Clara,CA,95054,US,US/Pacific,KSJC,2016-06-27 02:53:00,62.1,,75.0,30.0,10.0,WNW,3.5,,Clear,False,False,False,False,False,False,False,False,False,False,False,False,False,Night,Night,Night,Night
A-1369,Source2,2,2016-06-27 03:47:09,2016-06-27 04:47:09,38.476055,-122.952339,,,0.0,Lane blocked due to accident on CA-116 Pocket Canyon Rd Eastbound at Green Valley Rd.,Pocket Canyon Rd,Forestville,Sonoma,CA,95436,US,US/Pacific,KSTS,2016-06-27 03:53:00,51.1,,86.0,29.96,10.0,SSE,3.5,,Clear,False,False,False,False,False,False,False,False,False,False,False,False,False,Night,Night,Night,Night
A-1370,Source2,2,2016-06-27 03:46:30,2016-06-27 04:46:30,37.365253,-122.167381,,,0.0,Lane blocked due to accident on Page Mill Rd both ways at Altamont Rd.,Altamont Cir,Los Altos,Santa Clara,CA,94022-4266,US,US/Pacific,KNUQ,2016-06-27 03:56:00,59.0,,81.0,30.02,10.0,NW,5.8,,Clear,False,False,False,False,False,False,False,False,False,True,False,False,False,Night,Night,Night,Night
A-1371,Source2,3,2016-06-27 03:48:18,2016-06-27 04:48:18,37.701363,-121.849533,,,0.0,Lane blocked due to accident on I-580 Westbound at Exit 48 El Charro Rd.,Fallon Rd,Pleasanton,Alameda,CA,94588,US,US/Pacific,KLVK,2016-06-27 03:53:00,66.0,,48.0,29.96,10.0,WNW,5.8,,Clear,False,False,False,False,False,False,False,False,False,False,False,False,False,Night,Night,Night,Night
A-1372,Source2,2,2016-06-27 03:58:28,2016-06-27 04:58:28,37.999325,-121.821442,,,0.0,Two lanes blocked due to accident on CA-4 Westbound at Exit 27A L St.,CA-4 E,Antioch,Contra Costa,CA,94509,US,US/Pacific,KCCR,2016-06-27 03:53:00,63.0,,65.0,29.93,10.0,North,4.6,,Clear,False,False,False,False,False,False,False,False,False,False,False,False,False,Night,Night,Night,Day
A-1373,Source2,3,2016-06-27 04:22:25,2016-06-27 05:22:25,38.090702,-122.227066,,,0.0,Lane blocked due to accident on I-780 Westbound at Exit 1C Reis Ave.,I-780 W,Vallejo,Solano,CA,94591,US,US/Pacific,KAPC,2016-06-27 03:54:00,55.0,,80.0,29.96,10.0,Calm,,,Clear,False,False,False,False,True,False,False,False,False,False,False,False,False,Night,Night,Night,Day
A-1374,Source2,2,2016-06-27 06:14:10,2016-06-27 06:55:00,38.455452,-122.737915,,,0.0,Accident on Dutton Ave both ways at Guerneville Rd.,Guerneville Rd,Santa Rosa,Sonoma,CA,95403-4132,US,US/Pacific,KSTS,2016-06-27 05:53:00,48.9,,93.0,29.97,10.0,Calm,,,Clear,False,False,False,False,False,False,False,False,False,False,False,True,False,Day,Day,Day,Day
A-1375,Source2,3,2016-06-27 06:14:31,2016-06-27 06:56:00,37.741051,-121.581268,,,0.0,#1 &amp; #2 lane blocked due to accident on I-580 Eastbound at Exit 63 Grant Line Rd.,I-580 E,Tracy,Alameda,CA,95377,US,US/Pacific,KLVK,2016-06-27 05:53:00,62.1,,60.0,29.99,10.0,WNW,3.5,,Clear,False,False,False,False,False,False,False,False,False,False,False,False,False,Day,Day,Day,Day
A-1376,Source2,2,2016-06-27 06:29:35,2016-06-27 07:10:00,37.002934,-121.556618,,,0.0,Accident on US-101 Southbound at Exit 356 10th St.,S Valley Fwy S,Gilroy,Santa Clara,CA,95020,US,US/Pacific,KE16,2016-06-27 06:35:00,60.8,,100.0,30.02,10.0,NNW,10.4,,Clear,False,False,False,False,False,False,False,False,False,False,False,False,False,Day,Day,Day,Day
A-1377,Source2,2,2016-06-27 06:29:04,2016-06-27 07:14:04,38.63718400000001,-121.38298,,,0.0,Accident on Watt Ave at Auburn Blvd.,Auburn Blvd,Sacramento,Sacramento,CA,95821,US,US/Pacific,KMCC,2016-06-27 06:35:00,69.8,,49.0,29.97,9.0,Calm,,,Clear,False,False,False,False,False,False,False,False,False,False,False,True,False,Day,Day,Day,Day
A-1378,Source2,2,2016-06-27 06:41:00,2016-06-27 07:19:00,37.302452,-121.816223,,,0.0,Right hand shoulder blocked due to accident on US-101 Southbound at Exit 382 Capitol Expy.,Bayshore Fwy S,San Jose,Santa Clara,CA,95121,US,US/Pacific,KRHV,2016-06-27 06:47:00,60.8,,82.0,30.04,10.0,Variable,5.8,,Clear,False,False,False,False,False,False,False,False,False,False,False,False,False,Day,Day,Day,Day
A-1379,Source2,2,2016-06-27 06:40:14,2016-06-27 07:25:14,38.447723,-121.430908,,,0.0,Accident on Caruso Island Ct at Landing Point Way.,Caruso Island Ct,Sacramento,Sacramento,CA,95823-6911,US,US/Pacific,KSAC,2016-06-27 06:53:00,66.0,,65.0,29.96,10.0,Calm,,,Clear,False,False,False,False,False,False,False,False,False,False,False,False,False,Day,Day,Day,Day
A-1380,Source2,2,2016-06-27 07:09:27,2016-06-27 07:55:16,38.150757,-122.449348,,,0.0,Right hand shoulder blocked due to accident on CA-121 Arnold Dr Northbound after CA-37.,Sears Point Rd,Sonoma,Sonoma,CA,95476,US,US/Pacific,KO69,2016-06-27 07:15:00,53.6,,82.0,30.05,8.0,WNW,4.6,,Clear,False,False,False,False,False,False,False,False,False,False,False,True,False,Day,Day,Day,Day
A-1381,Source2,2,2016-06-27 07:44:30,2016-06-27 08:30:39,36.963444,-121.970573,,,0.0,Accident on Portola Dr at 35th Ave.,Portola Dr,Santa Cruz,Santa Cruz,CA,95062-5146,US,US/Pacific,KWVI,2016-06-27 07:53:00,57.9,,81.0,30.02,9.0,Calm,,,Clear,True,False,True,False,False,False,False,False,False,True,False,False,False,Day,Day,Day,Day
A-1382,Source2,3,2016-06-27 08:01:01,2016-06-27 08:31:01,38.369675,-121.957893,,,0.0,Right hand shoulder blocked due to accident on I-80 Westbound at Exit 56 / I-505.,I-80 W,Vacaville,Solano,CA,95687,US,US/Pacific,KVCB,2016-06-27 07:53:00,80.1,,38.0,29.97,10.0,Calm,,,Clear,False,False,False,False,False,False,False,False,False,False,False,False,False,Day,Day,Day,Day
A-1383,Source2,2,2016-06-27 08:31:45,2016-06-27 09:16:45,38.290955,-121.33445,,,0.0,Accident on County Hwy-E13 Twin Cities Rd at Christensen Rd.,Twin Cities Rd,Galt,Sacramento,CA,95632-8894,US,US/Pacific,KSAC,2016-06-27 08:53:00,77.0,,47.0,29.96,10.0,SSW,3.5,,Clear,False,False,False,False,False,False,False,False,False,False,False,False,False,Day,Day,Day,Day
A-1384,Source2,3,2016-06-27 08:19:11,2016-06-27 09:04:11,38.790928,-121.219917,,,0.0,Right hand shoulder blocked due to accident on I-80 Westbound at Exit 108 Rocklin Rd.,I-80 W,Rocklin,Placer,CA,95677,US,US/Pacific,KLHM,2016-06-27 08:15:00,78.8,,34.0,29.96,10.0,Calm,,,Clear,False,False,False,False,True,False,False,False,False,False,False,False,False,Day,Day,Day,Day
A-1385,Source2,2,2016-06-27 08:36:47,2016-06-27 09:23:14,37.506924,-122.338997,,,0.0,Accident on CA-92 Half Moon Bay Rd Eastbound near I-280.,CA-92 E,Redwood City,San Mateo,CA,94062,US,US/Pacific,KSQL,2016-06-27 08:47:00,62.6,,72.0,30.04,10.0,Variable,3.5,,Clear,False,False,False,False,True,False,False,False,False,False,False,False,False,Day,Day,Day,Day
A-1386,Source2,2,2016-06-27 08:52:17,2016-06-27 09:22:17,37.996441,-122.116997,,,0.0,Right hand shoulder blocked due to accident on CA-4 Westbound near Exit 10 / Pine St.,CA-4 W,Martinez,Contra Costa,CA,94553,US,US/Pacific,KCCR,2016-06-27 08:53:00,73.9,,43.0,29.96,10.0,Calm,,,Clear,False,False,False,False,True,False,False,False,False,False,False,False,False,Day,Day,Day,Day
A-1387,Source2,2,2016-06-27 08:40:04,2016-06-27 09:25:42,37.636292,-122.10009,,,0.0,#1 lane blocked due to accident on CA-92 Jackson St Eastbound near Hesperian Blvd.,W Jackson St,Hayward,Alameda,CA,94545,US,US/Pacific,KHWD,2016-06-27 08:54:00,64.9,,58.0,30.06,10.0,Calm,,,Clear,False,False,False,False,False,False,False,False,False,False,False,False,False,Day,Day,Day,Day
A-1388,Source2,2,2016-06-27 08:49:24,2016-06-27 09:19:24,37.349777,-121.861732,,,0.0,Middle lane blocked due to accident on US-101 Northbound at CA-130 Alum Rock Ave.,Alum Rock Ave,San Jose,Santa Clara,CA,95116,US,US/Pacific,KRHV,2016-06-27 08:47:00,69.8,,60.0,30.04,10.0,West,8.1,,Clear,False,False,False,False,False,False,False,False,False,False,False,False,False,Day,Day,Day,Day
A-1389,Source2,3,2016-06-27 08:50:25,2016-06-27 09:35:25,38.631481,-121.505196,,,0.0,Right hand shoulder blocked due to accident on I-80 Westbound at Exit 88 Truxel Rd.,I-80 W,Sacramento,Sacramento,CA,95834,US,US/Pacific,KMCC,2016-06-27 08:55:00,80.6,,32.0,29.98,9.0,North,3.5,,Clear,False,False,False,False,False,False,False,False,False,False,False,False,False,Day,Day,Day,Day
A-1390,Source2,3,2016-06-27 09:18:30,2016-06-27 09:48:30,37.721279,-122.448204,,,0.0,Fast lane blocked due to accident on I-280 Northbound after Geneva Ave.,Geneva Ave,San Francisco,San Francisco,CA,94112,US,US/Pacific,KSFO,2016-06-27 08:56:00,60.1,,67.0,30.03,10.0,WNW,11.5,,Partly Cloudy,False,False,True,False,False,False,False,False,False,False,False,True,False,Day,Day,Day,Day
A-1391,Source2,1,2016-06-27 09:17:06,2016-06-27 09:47:06,36.831322,-121.435173,,,0.0,Accident on Union Rd near Access Rd.,Union Rd,Hollister,San Benito,CA,95023-9115,US,US/Pacific,KCVH,2016-06-27 09:10:00,71.6,,50.0,30.02,10.0,Calm,,,Clear,False,False,False,False,False,False,False,False,False,False,False,False,False,Day,Day,Day,Day
A-1392,Source2,2,2016-06-27 09:36:03,2016-06-27 10:21:03,38.657684,-121.382851,,,0.0,Accident on Roseville Rd at Watt Ave.,Roseville Rd,North Highlands,Sacramento,CA,95660,US,US/Pacific,KMCC,2016-06-27 09:35:00,86.0,,27.0,29.97,9.0,WNW,4.6,,Clear,False,False,True,False,False,False,False,False,False,False,False,True,False,Day,Day,Day,Day
A-1393,Source2,3,2016-06-27 09:48:41,2016-06-27 10:18:41,37.808498,-122.366852,,,0.0,Shoulder blocked on exit ramp due to accident on I-80 Eastbound at Exit 4A Treasure Is.,San Francisco-Oakland Bay Brg E,San Francisco,San Francisco,CA,94130,US,US/Pacific,KOAK,2016-06-27 09:53:00,64.9,,63.0,30.02,10.0,West,4.6,,Clear,False,False,False,False,False,False,False,False,False,True,False,False,False,Day,Day,Day,Day
A-1394,Source2,2,2016-06-27 10:05:29,2016-06-27 10:35:29,37.484623,-122.209747,,,0.0,Accident on Bay Rd at Sweeney Ave.,Bay Rd,Redwood City,San Mateo,CA,94063-3001,US,US/Pacific,KSQL,2016-06-27 09:47:00,64.4,,73.0,30.03,10.0,Variable,3.5,,Clear,False,False,True,False,False,False,False,False,False,True,False,False,False,Day,Day,Day,Day
A-1395,Source2,3,2016-06-27 10:07:13,2016-06-27 10:37:13,37.522575,-121.987625,,,0.0,Right hand shoulder blocked due to accident on I-880 Southbound after Exit 16 / Stevenson Blvd.,Stevenson Blvd,Newark,Alameda,CA,94560,US,US/Pacific,KPAO,2016-06-27 09:47:00,69.8,,68.0,30.02,10.0,North,9.2,,Clear,False,False,False,False,False,False,False,False,False,False,False,False,False,Day,Day,Day,Day
A-1396,Source2,2,2016-06-27 10:08:12,2016-06-27 10:38:12,36.942135,-121.446457,,,0.0,Accident on Lake Rd at Shore Rd.,Lake Rd,Hollister,San Benito,CA,95023-9464,US,US/Pacific,KCVH,2016-06-27 10:10:00,77.0,,41.0,30.01,10.0,West,3.5,,Clear,False,False,False,False,False,False,False,False,False,False,False,False,False,Day,Day,Day,Day
A-1397,Source2,3,2016-06-27 10:08:34,2016-06-27 10:38:34,37.948418,-121.300972,,,0.0,Slow traffic and right hand shoulder blocked due to accident on I-5 Southbound at Exit 472 CA-4.,Ort J Lofthus Fwy W,Stockton,San Joaquin,CA,95203,US,US/Pacific,KSCK,2016-06-27 09:55:00,84.0,,37.0,29.96,10.0,WNW,10.4,,Clear,False,False,False,False,False,False,False,False,False,False,False,False,False,Day,Day,Day,Day
A-1398,Source2,2,2016-06-27 10:18:26,2016-06-27 10:48:26,38.744297,-121.200775,,,0.0,Accident on Douglas Blvd at Granite Estates Dr.,Douglas Blvd,Granite Bay,Placer,CA,95746-6206,US,US/Pacific,KMCC,2016-06-27 10:15:00,87.8,,25.0,29.96,10.0,WNW,8.1,,Clear,False,False,False,False,False,False,False,False,False,False,False,False,False,Day,Day,Day,Day
A-1399,Source2,2,2016-06-27 10:17:51,2016-06-27 10:47:51,38.706448,-120.830803,,,0.0,Right hand shoulder blocked due to accident on Forni Rd at Missouri Flat Rd.,Forni Rd,Placerville,El Dorado,CA,95667,US,US/Pacific,KPVF,2016-06-27 10:15:00,87.8,,19.0,30.11,10.0,NW,3.5,,Clear,False,False,False,False,False,False,False,False,False,False,False,True,False,Day,Day,Day,Day
A-1400,Source2,3,2016-06-27 10:27:02,2016-06-27 10:57:02,37.688042,-122.133995,,,0.0,Accident on I-238 Northbound before I-880.,I-880 N,San Leandro,Alameda,CA,94579,US,US/Pacific,KHWD,2016-06-27 10:54:00,72.0,,49.0,30.05,10.0,West,6.9,,Clear,False,False,False,False,False,False,False,False,False,False,False,False,False,Day,Day,Day,Day
A-1401,Source2,2,2016-06-27 10:30:11,2016-06-27 11:00:11,37.255756,-121.875954,,,0.0,Right hand shoulder blocked due to accident on CA-85 Northbound before Almaden Expy.,Almaden Expy,San Jose,Santa Clara,CA,95118,US,US/Pacific,KRHV,2016-06-27 10:47:00,78.8,,39.0,30.03,10.0,Variable,5.8,,Clear,False,False,False,False,False,False,False,False,False,False,False,False,False,Day,Day,Day,Day
A-1402,Source2,3,2016-06-27 10:26:01,2016-06-27 11:11:01,37.742188,-121.525635,,,0.0,Right hand shoulder blocked due to accident on I-205 Westbound at Exit 2 Mountain House Pkwy.,I-205 W,Tracy,San Joaquin,CA,95304,US,US/Pacific,KSCK,2016-06-27 10:55:00,90.0,,28.0,29.96,10.0,WNW,5.8,,Clear,False,False,False,False,True,False,False,False,False,False,False,False,False,Day,Day,Day,Day
A-1403,Source2,2,2016-06-27 10:36:27,2016-06-27 11:06:27,37.698132,-122.12439,,,0.0,Right hand shoulder blocked due to accident on Connolly Ave at Mooney Ave.,Mooney Ave,San Lorenzo,Alameda,CA,94580-1140,US,US/Pacific,KHWD,2016-06-27 10:54:00,72.0,,49.0,30.05,10.0,West,6.9,,Clear,False,False,True,False,False,False,False,False,True,True,False,False,False,Day,Day,Day,Day
A-1404,Source2,2,2016-06-27 10:34:57,2016-06-27 11:04:57,38.265163,-122.007256,,,0.0,Accident on Clay Bank Rd at Tabor Ave.,E Tabor Ave,Fairfield,Solano,CA,94533-2764,US,US/Pacific,KSUU,2016-06-27 10:58:00,89.2,,25.0,29.97,10.0,Variable,4.6,,Clear,False,False,True,False,False,False,False,False,False,True,False,False,False,Day,Day,Day,Day
A-1405,Source2,3,2016-06-27 10:33:57,2016-06-27 11:03:57,38.572765,-121.467667,,,0.0,Right hand shoulder blocked due to accident on I-80 Bus Capital City Fwy Northbound at H St.,Capital City Fwy W,Sacramento,Sacramento,CA,95816,US,US/Pacific,KSAC,2016-06-27 10:53:00,88.0,,31.0,29.96,10.0,Variable,3.5,,Clear,False,False,False,False,False,False,False,False,False,False,False,False,False,Day,Day,Day,Day
A-1406,Source2,3,2016-06-27 10:37:02,2016-06-27 11:22:02,38.679146,-121.340164,,,0.0,Accident on I-80 Eastbound at Exit 96 Madison Ave.,I-80 E,Sacramento,Sacramento,CA,95841,US,US/Pacific,KMCC,2016-06-27 10:35:00,89.6,,26.0,29.96,10.0,WNW,4.6,,Clear,False,False,False,False,False,False,False,False,False,False,False,False,False,Day,Day,Day,Day
A-1407,Source2,3,2016-06-27 10:49:51,2016-06-27 11:19:51,37.69817000000001,-121.93512,,,0.0,Accident on I-580 Eastbound near San Ramon Rd.,San Ramon Rd,Pleasanton,Alameda,CA,94588,US,US/Pacific,KLVK,2016-06-27 10:53:00,86.0,,27.0,29.98,10.0,WSW,4.6,,Clear,False,False,False,False,False,False,False,False,False,False,False,False,False,Day,Day,Day,Day
A-1408,Source2,2,2016-06-27 10:43:58,2016-06-27 11:13:58,37.023361,-121.653679,,,0.0,Accident on Watsonville Rd at Pharmer Rd.,Pharmer Rd,Gilroy,Santa Clara,CA,95020-9463,US,US/Pacific,KE16,2016-06-27 10:35:00,82.4,,100.0,30.02,10.0,NNW,10.4,,Clear,False,False,False,False,False,False,False,False,False,False,False,False,False,Day,Day,Day,Day
A-1409,Source2,2,2016-06-27 11:00:19,2016-06-27 11:30:19,37.617031,-122.154434,,,0.0,#1 lane blocked due to accident on CA-92 Westbound after Toll Plaza.,CA-92 E,Hayward,Alameda,CA,94545,US,US/Pacific,KHWD,2016-06-27 10:54:00,72.0,,49.0,30.05,10.0,West,6.9,,Clear,False,False,False,False,False,False,False,False,False,False,False,False,False,Day,Day,Day,Day
A-1410,Source2,3,2016-06-27 11:09:34,2016-06-27 11:39:34,38.02545900000001,-122.112236,,,0.0,Accident on I-680 Southbound at Exit 56 / Marina Vista Ave.,I-680 S,Martinez,Contra Costa,CA,94553,US,US/Pacific,KCCR,2016-06-27 10:53:00,82.9,,32.0,29.95,10.0,Variable,3.5,,Clear,False,False,False,False,False,False,False,False,False,False,False,False,False,Day,Day,Day,Day
A-1411,Source2,3,2016-06-27 11:02:47,2016-06-27 11:32:47,38.650574,-121.371658,,,0.0,Accident on I-80 Bus Capital City Fwy Westbound at Auburn Blvd.,I-80 W,Sacramento,Sacramento,CA,95841,US,US/Pacific,KMCC,2016-06-27 10:55:00,91.4,,23.0,29.97,9.0,West,6.9,,Clear,False,False,False,False,False,False,False,False,False,False,False,False,False,Day,Day,Day,Day
A-1412,Source2,3,2016-06-27 11:04:36,2016-06-27 11:49:36,38.704079,-121.312958,,,0.0,#2 lane blocked due to accident on I-80 Eastbound at Exit 100 Antelope Rd.,I-80 E,Citrus Heights,Sacramento,CA,95621,US,US/Pacific,KMCC,2016-06-27 10:55:00,91.4,,23.0,29.97,9.0,West,6.9,,Clear,False,False,False,False,False,False,False,False,False,False,False,False,False,Day,Day,Day,Day
A-1413,Source2,3,2016-06-27 11:24:14,2016-06-27 11:54:14,37.777027,-121.975304,,,0.0,Right hand shoulder blocked due to accident on I-680 Southbound before Exit 36 / Crow Canyon Rd.,I-680 S,San Ramon,Contra Costa,CA,94583,US,US/Pacific,KLVK,2016-06-27 11:53:00,91.9,,20.0,29.97,10.0,Variable,3.5,,Clear,False,False,False,False,False,False,False,False,False,False,False,False,False,Day,Day,Day,Day
A-1414,Source2,3,2016-06-27 11:43:54,2016-06-27 12:13:54,38.123062,-122.229836,,,0.0,Shoulder blocked on entry ramp due to accident on I-80 Westbound at Redwood St.,I-80 E,Vallejo,Solano,CA,94591,US,US/Pacific,KAPC,2016-06-27 11:54:00,75.9,,48.0,29.98,10.0,SSW,6.9,,Clear,False,False,False,False,False,False,False,False,False,False,False,False,False,Day,Day,Day,Day
A-1415,Source2,3,2016-06-27 11:48:44,2016-06-27 12:18:44,37.701103,-122.02116399999998,,,0.0,Accident on I-580 Eastbound at Exit 39 / Eden Canyon Rd.,Paloverde Rd,Castro Valley,Alameda,CA,94552,US,US/Pacific,KHWD,2016-06-27 11:54:00,75.0,,43.0,30.04,10.0,WNW,6.9,,Clear,False,False,False,False,False,False,False,False,False,False,False,False,False,Day,Day,Day,Day
A-1416,Source2,3,2016-06-27 11:49:43,2016-06-27 12:19:43,37.701363,-121.849533,,,0.0,Shoulder blocked on entry ramp due to accident on I-580 Westbound at Fallon Rd.,Fallon Rd,Pleasanton,Alameda,CA,94588,US,US/Pacific,KLVK,2016-06-27 11:53:00,91.9,,20.0,29.97,10.0,Variable,3.5,,Clear,False,False,False,False,False,False,False,False,False,False,False,False,False,Day,Day,Day,Day
A-1417,Source2,3,2016-06-27 11:50:41,2016-06-27 12:20:41,37.4664,-121.905403,,,0.0,Right hand shoulder blocked due to accident on I-680 Southbound at Exit 10 Scott Creek Rd.,Scott Creek Rd,Fremont,Alameda,CA,94539,US,US/Pacific,KNUQ,2016-06-27 11:56:00,73.9,,55.0,30.03,10.0,North,9.2,,Clear,False,False,False,False,False,False,False,False,False,False,False,False,False,Day,Day,Day,Day
A-1418,Source2,3,2016-06-27 11:55:26,2016-06-27 12:40:26,38.67136,-121.591324,,,0.0,Accident on I-5 Northbound at Exit 528 Airport Blvd. On the median.,I-5 N,Sacramento,Sacramento,CA,95837,US,US/Pacific,KSMF,2016-06-27 11:53:00,93.9,,22.0,29.94,10.0,North,9.2,,Clear,False,False,False,False,False,False,False,False,False,False,False,False,False,Day,Day,Day,Day
A-1419,Source2,2,2016-06-27 11:52:04,2016-06-27 12:37:04,38.562206,-121.487221,,,0.0,Right hand shoulder blocked due to accident on US-50 Westbound at 16th St.,Capital City Fwy W,Sacramento,Sacramento,CA,95818,US,US/Pacific,KSAC,2016-06-27 11:53:00,95.0,,22.0,29.95,10.0,NW,8.1,,Clear,False,False,False,False,False,False,False,False,False,False,False,False,False,Day,Day,Day,Day
A-1420,Source2,3,2016-06-27 12:09:35,2016-06-27 12:39:35,37.851349,-122.028984,,,0.0,Accident on I-680 Southbound after Stone Valley Rd.,I-680 S,Alamo,Contra Costa,CA,94507,US,US/Pacific,KCCR,2016-06-27 11:53:00,89.1,,24.0,29.94,10.0,NNW,6.9,,Clear,False,False,False,False,False,False,False,False,False,False,False,False,False,Day,Day,Day,Day
A-1421,Source2,3,2016-06-27 12:02:05,2016-06-27 12:32:05,37.33442700000001,-121.936485,,,0.0,Right hand shoulder blocked due to accident on I-880 Northbound before Bascom Ave.,N Bascom Ave,San Jose,Santa Clara,CA,95128,US,US/Pacific,KSJC,2016-06-27 11:53:00,81.0,,35.0,30.01,10.0,WNW,8.1,,Clear,False,False,False,False,True,False,False,False,False,False,False,False,False,Day,Day,Day,Day
A-1422,Source2,2,2016-06-27 12:05:46,2016-06-27 12:35:46,37.726952,-121.724197,,,0.0,Accident on Vasco Rd Southbound before Dalton Ave.,Dalton Ave,Livermore,Alameda,CA,94551,US,US/Pacific,KLVK,2016-06-27 11:53:00,91.9,,20.0,29.97,10.0,Variable,3.5,,Clear,False,False,True,False,False,False,False,False,False,False,False,True,False,Day,Day,Day,Day
A-1423,Source2,3,2016-06-27 12:06:56,2016-06-27 12:36:56,38.540779,-121.510918,,,0.0,Right hand shoulder blocked due to accident on I-5 Southbound at Exit 516 Sutterville Rd.,I-5 S,Sacramento,Sacramento,CA,95818,US,US/Pacific,KSAC,2016-06-27 11:53:00,95.0,,22.0,29.95,10.0,NW,8.1,,Clear,False,False,False,False,False,False,False,False,False,True,False,False,False,Day,Day,Day,Day
A-1424,Source2,2,2016-06-27 12:13:29,2016-06-27 12:43:29,38.560009,-121.348335,,,0.0,Accident on Mayhew Rd both ways at Micron Ave.,Mayhew Rd,Sacramento,Sacramento,CA,95827,US,US/Pacific,KMHR,2016-06-27 11:45:00,95.0,,22.0,29.95,10.0,NNW,5.8,,Clear,False,False,False,False,False,False,False,False,False,False,False,False,False,Day,Day,Day,Day
A-1425,Source2,2,2016-06-27 12:30:26,2016-06-27 13:00:26,37.6749,-122.389343,,,0.0,#2 lane blocked due to accident on US-101 Southbound at Exit 426 / Sierra Point Pkwy.,Sierra Point Pkwy,Brisbane,San Mateo,CA,94005-1825,US,US/Pacific,KSFO,2016-06-27 12:56:00,68.0,,52.0,30.01,10.0,WNW,21.9,,Partly Cloudy,False,False,False,False,False,False,False,False,False,False,False,False,False,Day,Day,Day,Day
A-1426,Source2,3,2016-06-27 12:26:58,2016-06-27 12:56:58,37.777946,-122.237274,,,0.0,#1 lane blocked due to accident on I-880 Southbound after Exit 39B / 23rd Ave.,Nimitz Fwy S,Oakland,Alameda,CA,94606,US,US/Pacific,KOAK,2016-06-27 12:53:00,73.9,,46.0,30.01,10.0,WNW,12.7,,Clear,False,False,False,False,False,False,False,False,False,False,False,False,False,Day,Day,Day,Day
A-1427,Source2,3,2016-06-27 12:29:14,2016-06-27 12:59:14,37.700802,-121.92276,,,0.0,#3 &amp; #4 lane blocked due to accident on I-680 Northbound before I-580.,I-580 E,Pleasanton,Alameda,CA,94588,US,US/Pacific,KLVK,2016-06-27 12:53:00,96.1,,18.0,29.96,10.0,SW,9.2,,Clear,False,False,False,False,True,False,False,False,False,False,False,False,False,Day,Day,Day,Day
A-1428,Source2,3,2016-06-27 12:31:41,2016-06-27 13:01:41,37.701584,-121.906929,,,0.0,Slow lane blocked due to accident on I-580 Westbound at Exit 45 / Hopyard Rd.,I-580 E,Pleasanton,Alameda,CA,94588,US,US/Pacific,KLVK,2016-06-27 12:53:00,96.1,,18.0,29.96,10.0,SW,9.2,,Clear,False,False,False,False,False,False,False,False,False,False,False,False,False,Day,Day,Day,Day
A-1429,Source2,2,2016-06-27 12:46:09,2016-06-27 13:16:09,38.057392,-121.259567,,,0.0,Accident on Eight Mile Rd both ways at Highway 99.,CA-99 S,Stockton,San Joaquin,CA,95212,US,US/Pacific,KSCK,2016-06-27 12:55:00,97.0,,22.0,29.95,10.0,NW,10.4,,Clear,False,False,False,False,False,False,False,False,False,False,False,False,False,Day,Day,Day,Day
A-1430,Source2,2,2016-06-27 12:51:11,2016-06-27 13:21:11,37.72903400000001,-122.474663,,,0.0,Accident on CA-1 19th Ave Southbound near Buckingham Way.,19th Ave,San Francisco,San Francisco,CA,94132-2007,US,US/Pacific,KSFO,2016-06-27 12:56:00,68.0,,52.0,30.01,10.0,WNW,21.9,,Partly Cloudy,False,False,True,False,False,False,True,False,False,False,False,False,False,Day,Day,Day,Day
A-1431,Source2,3,2016-06-27 13:05:56,2016-06-27 13:35:56,37.701584,-121.906929,,,0.0,2 right lane blocked due to accident on I-580 Westbound before Exit 45 Hopyard Rd.,I-580 E,Pleasanton,Alameda,CA,94588,US,US/Pacific,KLVK,2016-06-27 12:53:00,96.1,,18.0,29.96,10.0,SW,9.2,,Clear,False,False,False,False,False,False,False,False,False,False,False,False,False,Day,Day,Day,Day
A-1432,Source2,2,2016-06-27 13:09:18,2016-06-27 13:39:18,38.610249,-121.364525,,,0.0,Accident on El Camino Ave both ways at Eastern Ave.,Eastern Ave,Sacramento,Sacramento,CA,95821,US,US/Pacific,KMCC,2016-06-27 13:15:00,96.8,,25.0,29.95,9.0,West,10.4,,Clear,False,False,False,False,False,False,False,False,False,False,False,False,False,Day,Day,Day,Day
A-1433,Source2,2,2016-06-27 13:17:13,2016-06-27 14:32:13,38.27066,-122.667992,,,0.0,Accident on US-101 Northbound at Exit 476 Petaluma Blvd.,US-101 N,Petaluma,Sonoma,CA,94954,US,US/Pacific,KO69,2016-06-27 13:15:00,86.0,,35.0,30.01,10.0,NW,6.9,,Clear,False,False,False,False,False,False,False,False,False,False,False,False,False,Day,Day,Day,Day
A-1434,Source2,2,2016-06-27 13:17:49,2016-06-27 14:32:49,38.092655,-122.604507,,,0.0,Accident on Wilson Ave at Tanglewood Ln.,Wilson Ave,Novato,Marin,CA,94947-4239,US,US/Pacific,KDVO,2016-06-27 13:15:00,86.0,,40.0,29.98,,ESE,6.9,,Clear,False,False,False,False,False,False,False,False,False,False,False,False,False,Day,Day,Day,Day
A-1435,Source2,3,2016-06-27 13:17:42,2016-06-27 13:47:42,38.021278,-121.359024,,,0.0,Accident on I-5 Northbound at Exit 478 Hammer Ln.,I-5 S,Stockton,San Joaquin,CA,95219,US,US/Pacific,KSCK,2016-06-27 12:55:00,97.0,,22.0,29.95,10.0,NW,10.4,,Clear,False,False,False,False,False,False,False,False,False,False,False,False,False,Day,Day,Day,Day
A-1436,Source2,3,2016-06-27 13:29:24,2016-06-27 14:44:24,37.407612,-122.190376,,,0.0,Right hand shoulder blocked due to accident on I-280 Southbound at Exit 22 Alpine Rd. On exit ramp.,Junipero Serra Fwy N,Palo Alto,Santa Clara,CA,94304,US,US/Pacific,KPAO,2016-06-27 13:47:00,77.0,,54.0,29.99,10.0,NNW,12.7,,Clear,False,False,False,False,False,False,False,False,False,False,False,False,False,Day,Day,Day,Day
A-1437,Source2,2,2016-06-27 13:29:51,2016-06-27 13:59:51,37.950836,-121.220261,,,0.0,Accident on Walker Ln both ways at Section Ave.,S Walker Ln,Stockton,San Joaquin,CA,95215-9601,US,US/Pacific,KSCK,2016-06-27 13:55:00,99.0,,19.0,29.93,10.0,NW,12.7,,Clear,False,False,False,False,False,False,False,False,False,False,False,False,False,Day,Day,Day,Day
A-1438,Source2,2,2016-06-27 13:41:47,2016-06-27 14:11:47,38.057484,-121.296234,,,0.0,Accident on Eight Mile Rd both ways at County Hwy-J3 West Ln.,E Eight Mile Rd,Stockton,San Joaquin,CA,95210,US,US/Pacific,KSCK,2016-06-27 13:55:00,99.0,,19.0,29.93,10.0,NW,12.7,,Clear,False,False,False,False,False,False,False,False,False,False,False,False,False,Day,Day,Day,Day
A-1439,Source2,3,2016-06-27 13:36:41,2016-06-27 14:06:41,38.758034,-121.261528,,,0.0,Accident on I-80 Eastbound at Exits 105A 105B Eureka Rd.,I-80 E,Roseville,Placer,CA,95661,US,US/Pacific,KMCC,2016-06-27 13:35:00,95.0,,26.0,29.94,10.0,West,8.1,,Clear,False,False,False,False,False,False,False,False,False,False,False,False,False,Day,Day,Day,Day
A-1440,Source2,3,2016-06-27 13:44:08,2016-06-27 14:14:08,38.592022,-121.551941,,,0.0,Accident on I-80 Westbound at Exit 83 CA-84 Reed Ave.,Reed Ave,West Sacramento,Yolo,CA,95605,US,US/Pacific,KSAC,2016-06-27 13:53:00,100.0,,21.0,29.92,10.0,NW,10.4,,Clear,False,False,False,False,False,False,False,False,False,False,False,False,False,Day,Day,Day,Day
A-1441,Source2,3,2016-06-27 13:55:32,2016-06-27 15:10:32,37.701157,-121.823715,,,0.0,Accident on I-580 Westbound at Exit 50 CA-84 Airway Blvd.,I-580 W,Livermore,Alameda,CA,94551,US,US/Pacific,KLVK,2016-06-27 13:53:00,100.0,,16.0,29.94,10.0,WSW,10.4,,Clear,False,False,False,False,False,False,False,False,False,False,False,False,False,Day,Day,Day,Day
A-1442,Source2,3,2016-06-27 14:17:08,2016-06-27 14:47:08,38.547245,-121.362389,,,0.0,Accident on Kiefer Blvd both ways at Port Dr.,Kiefer Blvd,Sacramento,Sacramento,CA,95826-4402,US,US/Pacific,KMHR,2016-06-27 13:55:00,100.4,,21.0,29.92,10.0,West,10.4,,Clear,False,False,False,False,False,False,False,False,False,False,False,False,False,Day,Day,Day,Day
A-1443,Source2,3,2016-06-27 14:52:12,2016-06-27 16:07:12,37.683304,-122.127098,,,0.0,Accident on I-880 Northbound at Exits 30 31A I-238.,I-880 N,San Lorenzo,Alameda,CA,94580,US,US/Pacific,KHWD,2016-06-27 14:54:00,78.1,,40.0,30.0,10.0,WNW,11.5,,Clear,False,False,False,False,False,False,False,False,False,False,False,False,False,Day,Day,Day,Day
A-1444,Source2,2,2016-06-27 14:43:01,2016-06-27 15:13:01,38.667656,-121.225708,,,0.0,Accident on County Hwy-E3 Hazel Ave both ways at Leedy Ln.,Hazel Ave,Orangevale,Sacramento,CA,95662-5142,US,US/Pacific,KMCC,2016-06-27 14:35:00,98.6,,18.0,29.93,10.0,WNW,9.2,,Clear,False,False,False,False,False,False,False,False,False,False,False,False,False,Day,Day,Day,Day
A-1445,Source2,2,2016-06-27 14:56:45,2016-06-27 16:11:45,37.787075,-122.180161,,,0.0,Accident on CA-13 Warren Fwy Northbound at Exits 1A 1B I-580.,Warren Fwy N,Oakland,Alameda,CA,94619,US,US/Pacific,KOAK,2016-06-27 14:53:00,73.0,,48.0,29.98,10.0,WNW,17.3,,Clear,False,False,False,False,False,False,False,False,False,False,False,False,False,Day,Day,Day,Day
A-1446,Source2,2,2016-06-27 14:58:42,2016-06-27 15:28:42,38.722198,-120.769257,,,0.0,Accident on Country Club Dr both ways near Barrett Dr.,Barrett Dr,Placerville,El Dorado,CA,95667-6015,US,US/Pacific,KPVF,2016-06-27 14:55:00,95.0,,13.0,30.09,10.0,West,6.9,,Clear,False,False,False,False,False,False,False,False,False,False,False,False,False,Day,Day,Day,Day
A-1447,Source2,2,2016-06-27 14:54:52,2016-06-27 15:24:52,38.03511,-120.649826,,,0.0,Accident on CA-4 both ways at Hunt Rd.,Highway 4,Angels Camp,Calaveras,CA,95222,US,US/Pacific,KO22,2016-06-27 14:55:00,104.0,,11.0,30.01,10.0,West,5.8,,Clear,False,False,False,False,False,False,False,False,False,False,False,False,False,Day,Day,Day,Day
A-1448,Source2,2,2016-06-27 15:08:49,2016-06-27 16:08:49,37.902161,-121.466637,,,0.0,Accident on CA-4 at County Hwy-J2 Tracy Blvd.,W Highway 4,Stockton,San Joaquin,CA,95206,US,US/Pacific,KSCK,2016-06-27 14:55:00,100.0,,18.0,29.9,10.0,WNW,12.7,,Clear,False,False,False,False,False,False,False,False,False,True,False,False,False,Day,Day,Day,Day
A-1449,Source2,2,2016-06-27 15:14:05,2016-06-27 16:14:05,38.524895,-121.467789,,,0.0,Accident on CA-99 Sacramento Fwy Eastbound at Exit 296 Fruitridge Rd. On exit ramp.,Fruitridge Rd,Sacramento,Sacramento,CA,95824,US,US/Pacific,KSAC,2016-06-27 14:53:00,100.9,,13.0,29.91,10.0,West,9.2,,Clear,False,False,False,False,True,False,False,False,False,False,False,False,False,Day,Day,Day,Day
A-1450,Source2,2,2016-06-27 15:45:20,2016-06-27 16:45:20,38.544781,-121.473984,,,0.0,Queueing traffic due to accident on CA-99 Southbound at Exit 297 12th Ave. On exit ramp.,CA-99 S,Sacramento,Sacramento,CA,95817,US,US/Pacific,KSAC,2016-06-27 15:53:00,104.0,,12.0,29.89,10.0,NNW,8.1,,Clear,False,False,False,False,False,False,False,False,False,False,False,False,False,Day,Day,Day,Day
A-1451,Source2,2,2016-06-27 15:42:35,2016-06-27 16:42:35,38.621574,-121.401459,,,0.0,Accident on Fulton Ave at Carson Way.,Carson Way,Sacramento,Sacramento,CA,95821-3410,US,US/Pacific,KMCC,2016-06-27 15:35:00,102.2,,11.0,29.91,9.0,NW,11.5,,Clear,False,False,False,False,False,False,False,False,False,False,False,False,False,Day,Day,Day,Day
A-1452,Source2,2,2016-06-27 15:44:31,2016-06-27 16:44:31,38.643433,-121.30056,,,0.0,Accident on Glenridge Dr at Glenridge Dr.,Glenridge Dr,Carmichael,Sacramento,CA,95608-2044,US,US/Pacific,KMCC,2016-06-27 15:35:00,102.2,,11.0,29.91,9.0,NW,11.5,,Clear,False,False,False,False,False,False,False,False,False,False,False,False,False,Day,Day,Day,Day
A-1453,Source2,3,2016-06-27 16:15:05,2016-06-27 17:15:05,38.550304,-121.473862,,,0.0,Queueing traffic due to accident on I-80 Bus Capital City Fwy Northbound at Exits 6A 6B 6C 298B US-50.,CA-99 N,Sacramento,Sacramento,CA,95817,US,US/Pacific,KSAC,2016-06-27 15:53:00,104.0,,12.0,29.89,10.0,NNW,8.1,,Clear,False,False,False,False,True,False,False,False,False,False,False,False,False,Day,Day,Day,Day
A-1454,Source2,3,2016-06-27 16:20:00,2016-06-27 17:20:00,38.550556,-121.473862,,,0.0,Accident on I-80 Bus Capital City Fwy Northbound at Exits 6A 6B 6C 298B US-50.,Capital City Fwy E,Sacramento,Sacramento,CA,95817,US,US/Pacific,KSAC,2016-06-27 15:53:00,104.0,,12.0,29.89,10.0,NNW,8.1,,Clear,False,False,False,False,False,False,False,False,False,False,False,False,False,Day,Day,Day,Day
A-1455,Source2,2,2016-06-27 16:14:22,2016-06-27 17:14:22,38.45894600000001,-121.409081,,,0.0,Accident on Stockton Blvd at Stevenson Ave.,E Stockton Blvd,Sacramento,Sacramento,CA,95828-8205,US,US/Pacific,KSAC,2016-06-27 15:53:00,104.0,,12.0,29.89,10.0,NNW,8.1,,Clear,False,False,True,False,False,False,False,False,False,False,False,False,False,Day,Day,Day,Day
A-1456,Source2,2,2016-06-27 16:25:33,2016-06-27 17:25:33,38.291317,-121.282883,,,0.0,Accident on Marengo Rd at CA-104 Twin Cities Rd.,Marengo Rd,Galt,Sacramento,CA,95632-8422,US,US/Pacific,KSAC,2016-06-27 16:53:00,104.0,,13.0,29.87,10.0,Variable,3.5,,Clear,False,False,False,False,False,False,False,False,False,False,False,False,False,Day,Day,Day,Day
A-1457,Source2,2,2016-06-27 17:07:42,2016-06-27 18:07:42,38.057774,-121.361343,,,0.0,Accident on Eight Mile Rd at Oak Grove Park.,W Eight Mile Rd,Stockton,San Joaquin,CA,95209,US,US/Pacific,KSCK,2016-06-27 16:55:00,102.0,,14.0,29.88,10.0,NW,16.1,,Clear,False,False,False,False,False,False,False,False,False,False,False,False,False,Day,Day,Day,Day
A-1458,Source2,2,2016-06-27 17:36:57,2016-06-27 18:36:57,38.7146,-121.607239,,,0.0,Accident on Garden Hwy at Elverta Rd.,Garden Hwy,Sacramento,Sacramento,CA,95837-9307,US,US/Pacific,KSMF,2016-06-27 17:53:00,102.9,,15.0,29.85,10.0,West,5.8,,Clear,False,False,False,False,False,False,False,False,False,False,False,False,False,Day,Day,Day,Day
A-1459,Source2,2,2016-06-27 17:35:35,2016-06-27 18:35:35,38.553822,-121.409431,,,0.0,Accident on US-50 Westbound at Exit 9 Hornet Dr.,Howe Ave,Sacramento,Sacramento,CA,95826,US,US/Pacific,KMHR,2016-06-27 17:51:00,104.0,,10.0,29.86,10.0,WNW,9.2,,Clear,False,False,False,False,False,False,False,False,False,False,False,False,False,Day,Day,Day,Day
A-1460,Source2,3,2016-06-27 17:32:34,2016-06-27 18:32:34,37.984329,-121.343544,,,0.0,Queueing traffic due to accident on I-5 Southbound at Exit 476 March Ln.,W March Ln,Stockton,San Joaquin,CA,95219,US,US/Pacific,KSCK,2016-06-27 17:55:00,100.0,,16.0,29.86,10.0,WNW,16.1,,Clear,False,False,False,False,False,False,False,False,False,False,False,False,False,Day,Day,Day,Day
A-1461,Source2,2,2016-06-27 17:36:17,2016-06-27 18:36:17,38.658169,-120.969086,,,0.0,Queueing traffic due to accident on Coach Ln at Cameron Park Dr.,Cameron Park Dr,Cameron Park,El Dorado,CA,95682-8412,US,US/Pacific,KPVF,2016-06-27 17:35:00,93.2,,15.0,30.07,10.0,West,9.2,,Clear,False,False,False,False,False,False,False,False,False,False,False,True,False,Day,Day,Day,Day
A-1462,Source2,3,2016-06-27 17:51:41,2016-06-27 18:21:41,37.78735,-122.247955,,,0.0,Accident on I-880 Southbound at Exit 40 16th Ave.,Nimitz Fwy S,Oakland,Alameda,CA,94606,US,US/Pacific,KOAK,2016-06-27 17:53:00,71.1,,51.0,29.95,10.0,West,12.7,,Clear,False,False,False,False,True,False,False,False,False,False,False,False,False,Day,Day,Day,Day
A-1463,Source2,3,2016-06-27 18:22:31,2016-06-27 19:22:31,38.540482,-121.734596,,,0.0,Accident on I-80 at Exits 72 72A 72B Richards Blvd.,I-80 E,Davis,Yolo,CA,95616,US,US/Pacific,KEDU,2016-06-27 18:15:00,102.2,,15.0,29.86,10.0,South,6.9,,Clear,False,False,False,False,False,False,False,False,False,False,False,False,False,Day,Day,Day,Day
A-1464,Source2,3,2016-06-27 18:26:06,2016-06-27 19:26:06,38.543068,-121.731735,,,0.0,Right hand shoulder blocked due to accident on I-80 Eastbound at Exits 72 72A 72B Richards Blvd.,I-80 E,Davis,Yolo,CA,95616,US,US/Pacific,KEDU,2016-06-27 18:35:00,100.4,,18.0,29.86,10.0,South,8.1,,Clear,False,False,False,False,False,False,False,False,False,False,False,False,False,Day,Day,Day,Day
A-1465,Source2,3,2016-06-27 18:38:56,2016-06-27 19:08:56,37.889572,-122.058487,,,0.0,Accident on I-680 Southbound at Exits 45B 46A 46B CA-24.,I-680 S,Walnut Creek,Contra Costa,CA,94596,US,US/Pacific,KCCR,2016-06-27 18:53:00,93.9,,17.0,29.85,10.0,WNW,10.4,,Clear,False,False,False,False,False,False,False,False,False,False,False,False,False,Day,Day,Day,Day
A-1466,Source2,2,2016-06-27 18:35:11,2016-06-27 19:35:11,38.177197,-121.26255,,,0.0,Accident on CA-99 Southbound at Exit 269 Acampo Rd.,CA-99 S,Acampo,San Joaquin,CA,95220,US,US/Pacific,KSCK,2016-06-27 18:55:00,96.1,,19.0,29.86,10.0,WNW,16.1,,Clear,False,False,False,False,True,False,False,False,False,False,False,False,False,Day,Day,Day,Day
A-1467,Source2,2,2016-06-27 18:51:16,2016-06-27 19:51:16,38.191338,-120.829025,,,0.0,Slow traffic due to accident on CA-12 at CA-26 Highway 12.,W Highway 12,Valley Springs,Calaveras,CA,95252,US,US/Pacific,KO22,2016-06-27 18:55:00,95.0,,16.0,29.99,10.0,WNW,4.6,,Clear,False,False,False,False,False,False,False,False,False,False,False,False,False,Day,Day,Day,Day
A-1468,Source2,2,2016-06-27 19:11:06,2016-06-27 20:11:06,38.649109,-121.327728,,,0.0,Accident on Manzanita Ave Northbound at Winding Way.,Manzanita Ave,Carmichael,Sacramento,CA,95608-0822,US,US/Pacific,KMCC,2016-06-27 19:15:00,102.2,,9.0,29.87,10.0,WNW,3.5,,Clear,False,False,True,False,False,False,False,False,False,False,False,False,False,Day,Day,Day,Day
A-1469,Source2,3,2016-06-27 19:09:28,2016-06-27 20:09:28,38.933037,-121.054932,,,0.0,Accident on I-80 Westbound at Bowman Rd. On exit ramp.,I-80 E,Auburn,Placer,CA,95603,US,US/Pacific,KAUN,2016-06-27 19:15:00,96.8,,15.0,29.98,10.0,NW,4.6,,Clear,False,False,False,False,False,False,False,False,False,False,False,False,False,Day,Day,Day,Day
A-1470,Source2,3,2016-06-27 19:17:40,2016-06-27 19:47:40,37.742359,-121.566101,,,0.0,Accident on I-205 Eastbound at I-580.,I-205 E,Tracy,Alameda,CA,95377,US,US/Pacific,KLVK,2016-06-27 18:53:00,91.0,,23.0,29.9,10.0,West,12.7,,Clear,False,False,False,False,False,False,False,False,False,False,False,False,False,Day,Day,Day,Day
A-1471,Source2,3,2016-06-27 19:51:11,2016-06-27 20:21:11,37.726318,-122.44603700000002,,,0.0,Accident on I-280 Southbound at Exit 51 Ocean Ave.,I-280 S,San Francisco,San Francisco,CA,94112,US,US/Pacific,KSFO,2016-06-27 19:56:00,62.1,,62.0,29.95,10.0,WNW,21.9,,Clear,False,False,False,False,True,False,False,False,False,False,False,False,False,Day,Day,Day,Day
A-1472,Source2,3,2016-06-27 19:42:44,2016-06-27 20:42:44,38.553047,-121.694443,,,0.0,Accident on I-80 Westbound at Exit 75 Chiles Rd.,Mace Blvd,Davis,Yolo,CA,95618,US,US/Pacific,KEDU,2016-06-27 19:35:00,95.0,,26.0,29.86,10.0,South,4.6,,Clear,False,False,False,False,False,False,False,False,False,False,False,True,False,Day,Day,Day,Day
A-1473,Source2,2,2016-06-27 19:49:00,2016-06-27 20:19:00,38.247562,-122.628922,,,0.0,Accident on US-101 Westbound at Exit 474 Washington St.,US-101 N,Petaluma,Sonoma,CA,94952,US,US/Pacific,KO69,2016-06-27 19:55:00,71.6,,43.0,29.95,10.0,WNW,10.4,,Clear,False,False,False,False,False,False,False,False,False,False,False,False,False,Day,Day,Day,Day
A-1474,Source2,3,2016-06-27 19:52:01,2016-06-27 20:22:01,38.553047,-121.694443,,,0.0,Accident on I-80 Westbound at Exit 75 Chiles Rd.,Mace Blvd,Davis,Yolo,CA,95618,US,US/Pacific,KEDU,2016-06-27 19:55:00,93.2,,30.0,29.86,10.0,SSW,3.5,,Clear,False,False,False,False,False,False,False,False,False,False,False,True,False,Day,Day,Day,Day
A-1475,Source2,3,2016-06-27 20:08:55,2016-06-27 20:38:55,37.742016,-121.570595,,,0.0,Accident on I-205 Eastbound at I-580.,I-205 E,Tracy,Alameda,CA,95377,US,US/Pacific,KLVK,2016-06-27 19:53:00,84.9,,29.0,29.91,10.0,West,8.1,,Clear,False,False,False,False,False,False,False,False,False,False,False,False,False,Day,Day,Day,Day
A-1476,Source2,2,2016-06-27 20:29:19,2016-06-27 21:59:19,38.50024000000001,-121.43518799999998,,,0.0,Accident on Florin Mall Dr Southbound at 65th St.,Florin Mall Dr,Sacramento,Sacramento,CA,95823,US,US/Pacific,KSAC,2016-06-27 20:53:00,87.1,,31.0,29.86,10.0,SW,9.2,,Clear,False,False,True,False,False,False,False,False,False,False,False,True,False,Day,Day,Day,Day
A-1477,Source2,2,2016-06-27 20:22:19,2016-06-27 21:22:19,38.453766,-121.409172,,,0.0,Accident on CA-99 Southbound at Exit 289 Cosumnes River Blvd.,CA-99 S,Elk Grove,Sacramento,CA,95758,US,US/Pacific,KSAC,2016-06-27 19:53:00,93.0,,27.0,29.86,10.0,SW,9.2,,Clear,False,False,False,False,False,False,False,False,False,False,False,False,False,Day,Day,Day,Day
A-1478,Source2,2,2016-06-27 20:36:04,2016-06-27 21:36:04,38.645802,-121.189041,,,0.0,Queueing traffic due to accident on Folsom Blvd Westbound at Natoma Station Dr.,Folsom Blvd,Folsom,Sacramento,CA,95630,US,US/Pacific,KMHR,2016-06-27 20:50:00,87.8,,31.0,29.86,10.0,SSW,6.9,,Clear,False,False,False,False,False,False,False,False,False,False,False,True,False,Night,Day,Day,Day
A-1479,Source2,3,2016-06-27 20:42:18,2016-06-27 22:12:18,38.637119,-121.522736,,,0.0,Accident on I-5 Northbound at Exit 522 I-80.,I-5 N,Sacramento,Sacramento,CA,95834,US,US/Pacific,KMCC,2016-06-27 20:35:00,95.0,,20.0,29.87,10.0,SW,6.9,,,False,False,False,False,False,False,False,False,False,False,False,False,False,Night,Day,Day,Day
A-1480,Source2,3,2016-06-27 20:43:55,2016-06-27 21:43:55,37.956226,-121.321594,,,0.0,Accident on I-5 Northbound at Monte Diablo Ave. On exit ramp.,I-5 N,Stockton,San Joaquin,CA,95203,US,US/Pacific,KSCK,2016-06-27 20:55:00,86.0,,30.0,29.88,10.0,WNW,10.4,,Clear,False,False,False,False,False,False,False,False,False,False,False,False,False,Night,Day,Day,Day
A-1481,Source2,3,2016-06-27 21:16:09,2016-06-27 21:46:09,37.47628,-121.932457,,,0.0,Accident on I-880 Northbound at Exit 10 California Cir.,I-880 N,Fremont,Alameda,CA,94538,US,US/Pacific,KPAO,2016-06-27 20:47:00,64.4,,77.0,29.96,10.0,NNW,10.4,,Clear,False,False,False,False,False,False,False,False,False,False,False,False,False,Night,Night,Day,Day
A-1482,Source2,3,2016-06-27 21:19:34,2016-06-27 21:49:34,37.706547,-121.926605,,,0.0,Accident on I-680 Westbound at Exits 30A 30B I-580.,I-680 S,Dublin,Alameda,CA,94568,US,US/Pacific,KLVK,2016-06-27 20:53:00,82.0,,30.0,29.91,10.0,WNW,10.4,,Clear,False,False,False,False,True,False,False,False,False,False,False,False,False,Night,Night,Day,Day
A-1483,Source2,3,2016-06-27 21:18:35,2016-06-27 21:48:35,37.447876,-121.921539,,,0.0,Accident on I-880 Northbound at Exit 10 California Cir.,Nimitz Fwy N,Milpitas,Santa Clara,CA,95035,US,US/Pacific,KSJC,2016-06-27 20:53:00,72.0,,53.0,29.96,10.0,NW,6.9,,Clear,False,False,False,False,True,False,False,False,False,False,False,False,False,Night,Night,Day,Day
A-1484,Source2,2,2016-06-27 21:10:29,2016-06-27 21:40:29,37.343636,-121.902016,,,0.0,Accident on CA-87 Guadalupe Pkwy Southbound at Exit 7 Taylor St.,Guadalupe Pkwy S,San Jose,Santa Clara,CA,95110,US,US/Pacific,KSJC,2016-06-27 20:53:00,72.0,,53.0,29.96,10.0,NW,6.9,,Clear,False,False,False,False,False,False,False,False,False,False,False,False,False,Night,Night,Day,Day
A-1485,Source2,3,2016-06-27 21:24:47,2016-06-27 21:54:47,37.454033,-121.922745,,,0.0,Accident on I-880 Northbound at Exit 10 California Cir.,I-880 N,Milpitas,Santa Clara,CA,95035,US,US/Pacific,KSJC,2016-06-27 21:53:00,69.1,,57.0,29.96,10.0,WNW,6.9,,Clear,False,False,False,False,False,False,False,False,False,False,False,False,False,Night,Night,Day,Day
A-1486,Source2,2,2016-06-27 21:46:56,2016-06-27 22:16:56,37.32159,-121.890938,,,0.0,Accident on CA-87 Guadalupe Pkwy Southbound at Exits 4 5 6 I-280.,Guadalupe Pkwy S,San Jose,Santa Clara,CA,95125,US,US/Pacific,KSJC,2016-06-27 21:53:00,69.1,,57.0,29.96,10.0,WNW,6.9,,Clear,False,False,False,False,False,False,False,False,False,False,False,False,False,Night,Night,Night,Day
A-1487,Source2,2,2016-06-27 21:54:12,2016-06-27 22:39:12,37.425781,-120.773895,,,0.0,Accident on South Ave at Stephens St.,South Ave,Delhi,Merced,CA,95315-9761,US,US/Pacific,KMER,2016-06-27 21:55:00,80.6,,42.0,29.88,10.0,NNE,6.9,,Clear,False,False,False,False,False,False,False,False,False,False,False,False,False,Night,Night,Night,Day
A-1488,Source2,3,2016-06-27 22:06:49,2016-06-27 22:36:49,37.386616,-121.90554,,,0.0,Accident on I-880 Southbound at Exit 5 Brokaw Rd.,I-880 S,San Jose,Santa Clara,CA,95131,US,US/Pacific,KSJC,2016-06-27 21:53:00,69.1,,57.0,29.96,10.0,WNW,6.9,,Clear,False,False,False,False,False,False,False,False,False,False,False,False,False,Night,Night,Night,Day
A-1489,Source2,3,2016-06-27 22:05:58,2016-06-27 22:35:58,37.703403,-121.736855,,,0.0,Center lane blocked due to accident on I-580 Eastbound at Exit 54 1st St.,I-580 E,Livermore,Alameda,CA,94551,US,US/Pacific,KLVK,2016-06-27 21:53:00,77.0,,37.0,29.93,10.0,WNW,3.5,,Clear,False,False,False,False,False,False,False,False,False,False,False,False,False,Night,Night,Night,Day
A-1490,Source2,3,2016-06-27 22:09:07,2016-06-27 22:39:07,37.739334,-121.59082,,,0.0,Accident on I-580 Eastbound at Exit 63 Grant Line Rd.,I-580 E,Tracy,Alameda,CA,95377,US,US/Pacific,KLVK,2016-06-27 21:53:00,77.0,,37.0,29.93,10.0,WNW,3.5,,Clear,False,False,False,False,False,False,False,False,False,False,False,False,False,Night,Night,Night,Day
A-1491,Source2,2,2016-06-27 22:02:46,2016-06-27 23:02:46,38.885963,-121.340088,,,0.0,Accident on CA-65 Northbound at Nelson Ln.,CA-65,Lincoln,Placer,CA,95648,US,US/Pacific,KLHM,2016-06-27 21:55:00,75.2,,44.0,29.86,10.0,East,4.6,,Clear,False,False,True,False,False,False,False,False,False,False,False,True,False,Night,Night,Night,Day
A-1492,Source2,2,2016-06-27 22:01:44,2016-06-27 23:01:44,38.715492,-120.937965,,,0.0,Right hand shoulder blocked due to accident on Shingle Rd Northbound at Green Valley Rd.,Green Valley Rd,Shingle Springs,El Dorado,CA,95682,US,US/Pacific,KPVF,2016-06-27 21:55:00,80.6,,24.0,30.08,10.0,East,5.8,,Clear,False,False,False,False,False,False,False,False,False,False,False,False,False,Night,Night,Night,Day
A-1493,Source2,2,2016-06-27 22:06:05,2016-06-27 23:06:05,38.722378000000006,-120.932999,,,0.0,Accident on Green Valley Rd at Lotus Rd.,Lotus Rd,Placerville,El Dorado,CA,95667,US,US/Pacific,KPVF,2016-06-27 22:15:00,82.4,,21.0,30.08,10.0,East,5.8,,Clear,False,False,False,False,False,False,False,False,False,False,False,False,False,Night,Night,Night,Day
A-1494,Source2,2,2016-06-27 22:07:53,2016-06-27 23:07:53,38.406528,-120.831718,,,0.0,Accident on CA-49 at Tonzi Rd.,State Highway 49,Ione,Amador,CA,95640,US,US/Pacific,KMHR,2016-06-27 21:45:00,82.4,,37.0,29.87,10.0,SSW,5.8,,Clear,False,False,False,False,False,False,False,False,False,False,False,False,False,Night,Night,Night,Day
A-1495,Source2,3,2016-06-27 22:31:36,2016-06-27 23:31:36,37.722115,-121.538467,,,0.0,Queueing traffic due to accident on I-580 Eastbound at Exit 67 Mountain House Pkwy.,I-580 E,Tracy,San Joaquin,CA,95377,US,US/Pacific,KLVK,2016-06-27 22:53:00,73.9,,43.0,29.93,10.0,NW,3.5,,Clear,False,False,False,False,True,False,False,False,False,False,False,False,False,Night,Night,Night,Night
A-1496,Source2,3,2016-06-27 23:38:31,2016-06-28 00:23:31,38.562206,-121.487221,,,0.0,Lane closed on exit ramp due to accident on I-80 Bus Capital City Fwy Westbound at Exits 4B 5 X St.,Capital City Fwy W,Sacramento,Sacramento,CA,95818,US,US/Pacific,KSAC,2016-06-27 23:53:00,75.9,,45.0,29.88,10.0,SSW,4.6,,Clear,False,False,False,False,False,False,False,False,False,False,False,False,False,Night,Night,Night,Night
A-1497,Source2,3,2016-06-27 23:50:33,2016-06-28 00:20:33,37.344486,-121.845154,,,0.0,Accident on I-680 Southbound at Exits 1B 1C King Rd.,I-680 S,San Jose,Santa Clara,CA,95116,US,US/Pacific,KRHV,2016-06-27 21:50:00,73.4,,50.0,29.97,10.0,WNW,6.9,,Clear,False,False,False,False,False,False,False,False,False,False,False,False,False,Night,Night,Night,Night
A-1498,Source2,3,2016-06-27 23:59:08,2016-06-28 00:44:08,38.538475,-121.512871,,,0.0,Fuel spillage on I-5 Northbound at Exit 516 Sutterville Rd.,I-5 N,Sacramento,Sacramento,CA,95822,US,US/Pacific,KSAC,2016-06-27 23:53:00,75.9,,45.0,29.88,10.0,SSW,4.6,,Clear,False,False,False,False,False,False,False,False,False,False,False,False,False,Night,Night,Night,Night
A-1499,Source2,2,2016-06-28 00:11:04,2016-06-28 00:41:04,36.877983,-121.412491,,,0.0,Right hand shoulder blocked due to accident now on the shoulder on CA-25 Bolsa Rd at Briggs Rd.,Briggs Rd,Hollister,San Benito,CA,95023,US,US/Pacific,KCVH,2016-06-28 00:10:00,64.4,,64.0,29.97,10.0,South,4.6,,Clear,False,False,False,False,False,False,False,False,False,False,False,False,False,Night,Night,Night,Night
A-1500,Source2,3,2016-06-28 00:18:28,2016-06-28 00:48:28,37.741734,-121.574196,,,0.0,Accident on I-580 Eastbound at Exit 65 I-205.,I-580 E,Tracy,Alameda,CA,95377,US,US/Pacific,KLVK,2016-06-28 00:53:00,72.0,,43.0,29.93,10.0,Calm,,,Clear,False,False,False,False,False,False,False,False,False,False,False,False,False,Night,Night,Night,Night
A-1501,Source2,2,2016-06-28 00:23:45,2016-06-28 01:23:45,37.298912,-121.875015,,,0.0,Accident on CA-87 Southbound at Exits 3 3A Curtner Ave.,Guadalupe Fwy S,San Jose,Santa Clara,CA,95125,US,US/Pacific,KSJC,2016-06-28 00:53:00,64.9,,75.0,29.96,10.0,WNW,3.5,,Clear,True,False,False,False,False,False,False,False,False,False,False,False,False,Night,Night,Night,Night
A-1502,Source2,2,2016-06-28 00:42:05,2016-06-28 01:12:05,37.330093,-122.052582,,,0.0,Right hand shoulder blocked due to accident now on the shoulder on CA-85 Northbound at I-280.,Mary Ave,Cupertino,Santa Clara,CA,95014-1350,US,US/Pacific,KNUQ,2016-06-28 00:56:00,64.0,,75.0,29.98,10.0,Calm,,,Clear,False,False,False,False,False,False,False,False,False,False,False,False,False,Night,Night,Night,Night
A-1503,Source2,2,2016-06-28 00:45:07,2016-06-28 01:15:07,37.705116,-121.90906499999998,,,0.0,Accident on Dublin Blvd Eastbound at Dougherty Rd.,Dublin Blvd,Dublin,Alameda,CA,94568-7657,US,US/Pacific,KLVK,2016-06-28 00:53:00,72.0,,43.0,29.93,10.0,Calm,,,Clear,False,False,False,False,False,False,False,False,False,False,False,False,False,Night,Night,Night,Night
A-1504,Source2,2,2016-06-28 02:11:01,2016-06-28 03:11:01,38.397633,-122.359055,,,0.0,Lane blocked due to accident on CA-29 Saint Helena Hwy at California Dr.,California Dr,Yountville,Napa,CA,94599,US,US/Pacific,KAPC,2016-06-28 01:54:00,62.1,,84.0,29.92,10.0,SSE,4.6,,Clear,False,False,True,False,False,False,False,False,False,False,False,False,False,Night,Night,Night,Night
A-1505,Source2,2,2016-06-28 02:29:33,2016-06-28 03:29:33,37.892372,-122.075645,,,0.0,Accident on Flora Ave both ways at Sally Ln.,Flora Ave,Walnut Creek,Contra Costa,CA,94595-1265,US,US/Pacific,KCCR,2016-06-28 02:53:00,66.0,,65.0,29.89,10.0,North,3.5,,Clear,False,False,False,False,False,False,False,False,False,False,False,False,False,Night,Night,Night,Night
A-1506,Source2,2,2016-06-28 02:10:22,2016-06-28 03:10:22,37.250729,-121.910713,,,0.0,Entry ramp closed due to accident on CA-85 Southbound at Exit 8 Camden Ave.,Norman Y Mineta Hwy,San Jose,Santa Clara,CA,95118,US,US/Pacific,KRHV,2016-06-28 06:47:00,62.6,,77.0,30.0,10.0,WNW,8.1,,Clear,False,False,False,False,False,False,False,False,False,False,False,False,False,Night,Night,Night,Night
A-1507,Source2,3,2016-06-28 02:32:38,2016-06-28 03:32:38,37.915211,-122.065819,,,0.0,Right hand shoulder blocked due to accident on I-680 Southbound at Exit 47 San Luis Rd.,I-680 N,Walnut Creek,Contra Costa,CA,94596,US,US/Pacific,KCCR,2016-06-28 02:53:00,66.0,,65.0,29.89,10.0,North,3.5,,Clear,False,False,False,False,False,False,False,False,False,False,False,False,False,Night,Night,Night,Night
A-1508,Source2,3,2016-06-28 03:22:37,2016-06-28 04:22:37,37.740906,-122.196472,,,0.0,Lane blocked due to accident on I-880 Northbound at Exit 36 Hegenberger Rd.,I-880 N,Oakland,Alameda,CA,94621,US,US/Pacific,KOAK,2016-06-28 02:53:00,57.9,,81.0,29.96,10.0,WNW,6.9,,Clear,False,False,False,False,True,False,False,False,False,False,False,False,False,Night,Night,Night,Night
A-1509,Source2,3,2016-06-28 07:27:49,2016-06-28 08:12:49,37.74242,-121.531723,,,0.0,Accident on I-205 Westbound at Exit 2 Mountain House Pkwy.,Mountain House Pkwy,Tracy,San Joaquin,CA,95377,US,US/Pacific,KLVK,2016-06-28 07:53:00,70.0,,49.0,29.96,10.0,Calm,,,Clear,False,False,False,False,False,False,False,False,False,False,False,False,False,Day,Day,Day,Day
A-1510,Source2,2,2016-06-28 07:47:30,2016-06-28 08:17:30,38.63549,-121.345993,,,0.0,Accident on Walnut Ave at Gibbons Dr.,Baylor Way,Carmichael,Sacramento,CA,95608,US,US/Pacific,KMCC,2016-06-28 07:55:00,78.8,,36.0,29.94,9.0,Calm,,,Clear,False,False,False,False,False,False,False,False,False,False,False,False,False,Day,Day,Day,Day
A-1511,Source2,2,2016-06-28 08:53:24,2016-06-28 09:23:24,37.788067,-122.440445,,,0.0,Accident on California St at Divisadero St.,California St,San Francisco,San Francisco,CA,94115-2515,US,US/Pacific,KSFO,2016-06-28 08:56:00,55.0,,80.0,30.02,10.0,WNW,19.6,,Partly Cloudy,True,False,True,False,False,False,False,False,True,False,False,True,False,Day,Day,Day,Day
A-1512,Source2,3,2016-06-28 08:37:26,2016-06-28 09:20:00,37.85553,-121.282257,,,0.0,Accident on I-5 Northbound at Exit 465 Roth Rd.,I-5 S,French Camp,San Joaquin,CA,95231,US,US/Pacific,KSCK,2016-06-28 08:55:00,82.9,,32.0,29.94,10.0,NNW,8.1,,Clear,False,False,False,False,False,False,False,False,False,False,False,False,False,Day,Day,Day,Day
A-1513,Source2,2,2016-06-28 08:57:34,2016-06-28 09:27:34,38.724319,-120.790604,,,0.0,Accident on Marshall Way at Rowland St.,Rowland St,Placerville,El Dorado,CA,95667,US,US/Pacific,KPVF,2016-06-28 08:55:00,86.0,,18.0,30.09,10.0,Calm,,,Clear,False,False,False,False,False,False,False,False,False,False,False,False,False,Day,Day,Day,Day
A-1514,Source2,2,2016-06-28 09:30:20,2016-06-28 10:00:20,38.524895,-121.467789,,,0.0,#1 &amp; #2 lane blocked due to accident on CA-99 Sacramento Fwy Northbound before Fruitridge Rd.,Fruitridge Rd,Sacramento,Sacramento,CA,95824,US,US/Pacific,KSAC,2016-06-28 09:53:00,82.0,,39.0,29.94,10.0,SSW,4.6,,Clear,False,False,False,False,True,False,False,False,False,False,False,False,False,Day,Day,Day,Day
A-1515,Source2,2,2016-06-28 09:47:12,2016-06-28 10:17:12,39.001045,-121.047676,,,0.0,Accident on Meadow Vista Rd at Sunrise Dr.,Meadow Vista Rd,Meadow Vista,Placer,CA,95722-9310,US,US/Pacific,KAUN,2016-06-28 09:55:00,89.6,,29.0,30.02,10.0,SSW,3.5,,Clear,False,False,False,False,False,False,False,False,False,False,False,False,False,Day,Day,Day,Day
A-1516,Source2,3,2016-06-28 09:58:54,2016-06-28 10:28:54,37.316757,-121.918221,,,0.0,Accident on I-280 Northbound near Exits 4 5A Parkmoor Ave.,Sinclair Fwy N,San Jose,Santa Clara,CA,95128,US,US/Pacific,KSJC,2016-06-28 09:53:00,70.0,,63.0,30.0,10.0,Variable,6.9,,Clear,False,False,False,False,False,False,False,False,False,False,False,False,False,Day,Day,Day,Day
A-1517,Source2,2,2016-06-28 10:12:50,2016-06-28 10:42:50,38.690369,-121.387489,,,0.0,Accident on 34th St at County Hwy-E14 Elkhorn Blvd.,Elkhorn Blvd,North Highlands,Sacramento,CA,95660-3118,US,US/Pacific,KMCC,2016-06-28 10:15:00,89.6,,24.0,29.94,9.0,Calm,,,Clear,False,False,False,False,False,False,False,False,False,False,False,False,False,Day,Day,Day,Day
A-1518,Source2,2,2016-06-28 10:14:43,2016-06-28 10:44:43,37.8713,-120.999146,,,0.0,Accident on Skiff Rd at County Hwy-J6 Escalon Bellota Rd.,Escalon Bellota Rd,Escalon,San Joaquin,CA,95320,US,US/Pacific,KMOD,2016-06-28 09:53:00,89.1,,25.0,29.93,10.0,NNW,9.2,,Clear,False,False,False,False,False,False,False,False,False,False,False,False,False,Day,Day,Day,Day
A-1519,Source2,3,2016-06-28 10:22:33,2016-06-28 10:52:33,38.661053,-121.359779,,,0.0,Accident on I-80 Westbound at Exit 96 Madison Ave.,I-80 E,Sacramento,Sacramento,CA,95841,US,US/Pacific,KMCC,2016-06-28 10:15:00,89.6,,24.0,29.94,9.0,Calm,,,Clear,False,False,True,False,False,False,False,False,False,False,False,False,False,Day,Day,Day,Day
A-1520,Source2,2,2016-06-28 10:55:21,2016-06-28 11:40:55,38.55938,-121.468048,,,0.0,Accident on US-50 Westbound near I-80 Bus.,US-50 E,Sacramento,Sacramento,CA,95817,US,US/Pacific,KSAC,2016-06-28 10:53:00,87.1,,35.0,29.94,10.0,Variable,3.5,,Clear,False,False,False,False,False,False,False,False,False,False,False,False,False,Day,Day,Day,Day
A-1521,Source2,2,2016-06-28 11:01:56,2016-06-28 11:31:56,38.704155,-121.382774,,,0.0,#1 lane blocked due to accident on Antelope Rd Eastbound at Watt Ave.,Watt Ave,North Highlands,Sacramento,CA,95660-2609,US,US/Pacific,KMCC,2016-06-28 10:55:00,93.2,,24.0,29.94,9.0,NW,4.6,,Clear,False,False,False,False,False,False,False,False,False,False,False,True,False,Day,Day,Day,Day
A-1522,Source2,3,2016-06-28 11:16:09,2016-06-28 11:46:09,37.809731,-121.992332,,,0.0,Accident on I-680 Southbound at Exit 38 Sycamore Valley Rd.,I-680 S,Danville,Contra Costa,CA,94526,US,US/Pacific,KCCR,2016-06-28 10:53:00,82.0,,33.0,29.92,10.0,NNW,9.2,,Clear,False,False,False,False,False,False,False,False,False,False,False,False,False,Day,Day,Day,Day
A-1523,Source2,3,2016-06-28 11:28:35,2016-06-28 11:58:35,38.540779,-121.510918,,,0.0,#1 lane blocked due to accident on I-5 Northbound before Exit 516 / Sutterville Rd.,I-5 S,Sacramento,Sacramento,CA,95818,US,US/Pacific,KSAC,2016-06-28 11:53:00,91.9,,27.0,29.93,10.0,North,,,Clear,False,False,False,False,False,False,False,False,False,True,False,False,False,Day,Day,Day,Day
A-1524,Source2,2,2016-06-28 11:19:36,2016-06-28 11:49:36,38.692959,-121.351631,,,0.0,Accident on County Hwy-E14 Elkhorn Blvd at Don Julio Blvd.,Don Julio Blvd,Sacramento,Sacramento,CA,95842,US,US/Pacific,KMCC,2016-06-28 11:15:00,93.2,,24.0,29.94,9.0,SW,4.6,,Clear,False,False,False,False,False,False,False,False,False,False,False,True,False,Day,Day,Day,Day
A-1525,Source2,2,2016-06-28 11:34:47,2016-06-28 12:04:47,37.769375,-122.405533,,,0.0,Accident on US-101 Northbound at I-80.,San Bruno Ave,San Francisco,San Francisco,CA,94103,US,US/Pacific,KSFO,2016-06-28 11:56:00,62.1,,62.0,30.01,10.0,WNW,23.0,,Partly Cloudy,False,False,False,False,False,False,False,False,False,False,False,False,False,Day,Day,Day,Day
A-1526,Source2,2,2016-06-28 11:40:29,2016-06-28 12:10:29,38.550488,-121.427864,,,0.0,Accident on US-50 Westbound near 65th St.,US-50 E,Sacramento,Sacramento,CA,95817,US,US/Pacific,KSAC,2016-06-28 11:53:00,91.9,,27.0,29.93,10.0,North,,,Clear,False,False,False,False,False,False,False,False,False,False,False,False,False,Day,Day,Day,Day
A-1527,Source2,2,2016-06-28 11:41:33,2016-06-28 12:11:33,38.56583,-121.33638,,,0.0,Accident on US-50 Westbound near Exit 13 Bradshaw Rd.,US-50 E,Sacramento,Sacramento,CA,95827,US,US/Pacific,KMHR,2016-06-28 10:55:00,91.4,,24.0,29.93,10.0,NNW,3.5,,Clear,False,False,False,False,False,False,False,False,False,False,False,False,False,Day,Day,Day,Day
A-1528,Source2,3,2016-06-28 12:02:44,2016-06-28 12:32:44,38.707462,-121.309219,,,0.0,Right hand shoulder blocked due to accident on I-80 Eastbound at Exit 100 Antelope Rd.,I-80 E,Citrus Heights,Sacramento,CA,95621,US,US/Pacific,KMCC,2016-06-28 11:55:00,95.0,,23.0,29.94,9.0,SW,5.8,,Clear,False,False,False,False,False,False,False,False,False,False,False,False,False,Day,Day,Day,Day
A-1529,Source2,2,2016-06-28 12:06:18,2016-06-28 12:36:18,39.203232,-121.169571,,,0.0,Right hand shoulder blocked due to accident on CA-20 Southbound at Penn Valley Dr.,Penn Valley Dr,Penn Valley,Nevada,CA,95946,US,US/Pacific,KGOO,2016-06-28 12:00:00,89.6,,20.0,30.13,10.0,Calm,,,Clear,False,False,False,False,False,False,False,False,False,False,False,True,False,Day,Day,Day,Day
A-1530,Source2,2,2016-06-28 12:40:37,2016-06-28 13:10:37,38.481644,-121.334816,,,0.0,Lane blocked due to accident on Bradshaw Rd both ways at Gerber Rd.,Gerber Rd,Sacramento,Sacramento,CA,95829-9422,US,US/Pacific,KMHR,2016-06-28 12:46:00,96.8,,22.0,29.92,10.0,SSW,3.5,,Clear,False,False,True,False,False,False,False,False,False,False,False,True,False,Day,Day,Day,Day
A-1531,Source2,2,2016-06-28 12:43:10,2016-06-28 13:13:10,38.558128,-121.47396100000002,,,0.0,Accident on US-50 Westbound near Exits 5B 6B 6C 7 I-80 Bus Capital City Fwy.,I-80 Bus E,Sacramento,Sacramento,CA,95817,US,US/Pacific,KSAC,2016-06-28 12:53:00,97.0,,23.0,29.92,10.0,Variable,6.9,,Clear,False,False,False,False,False,False,False,False,False,False,False,False,False,Day,Day,Day,Day
A-1532,Source2,2,2016-06-28 12:58:48,2016-06-28 13:28:48,37.572903,-122.316368,,,0.0,#1 lane blocked due to accident on US-101 Southbound at Exit 416 3rd Ave.,Bayshore Fwy S,San Mateo,San Mateo,CA,94401,US,US/Pacific,KSFO,2016-06-28 12:56:00,63.0,,63.0,30.0,10.0,WNW,21.9,,Partly Cloudy,False,False,False,False,False,False,False,False,False,False,False,False,False,Day,Day,Day,Day
A-1533,Source2,3,2016-06-28 12:59:19,2016-06-28 13:29:19,37.881908,-122.308258,,,0.0,Right hand shoulder blocked due to accident on I-80 I-580 Westbound before Gilman St.,Eastshore Fwy W,Berkeley,Alameda,CA,94710,US,US/Pacific,KOAK,2016-06-28 12:53:00,70.0,,51.0,30.0,10.0,WNW,13.8,,Partly Cloudy,False,False,False,False,True,False,False,False,False,False,False,False,False,Day,Day,Day,Day
A-1534,Source2,3,2016-06-28 12:58:21,2016-06-28 13:28:21,37.834717,-122.294701,,,0.0,Gore point obstructed due to accident on I-80 I-580 Westbound after I-80 I-580.,I-580 W,Emeryville,Alameda,CA,94608,US,US/Pacific,KOAK,2016-06-28 12:53:00,70.0,,51.0,30.0,10.0,WNW,13.8,,Partly Cloudy,False,False,False,False,False,False,False,False,False,False,False,False,False,Day,Day,Day,Day
A-1535,Source2,3,2016-06-28 12:56:47,2016-06-28 13:26:47,37.33662800000001,-121.933609,,,0.0,#4 lane blocked and queueing traffic due to accident on I-880 Southbound near Exit 2 CA-82 The Alameda.,I-880 S,San Jose,Santa Clara,CA,95126,US,US/Pacific,KSJC,2016-06-28 12:53:00,81.0,,38.0,29.98,10.0,NW,5.8,,Clear,False,False,False,False,False,False,False,False,False,False,False,False,False,Day,Day,Day,Day
A-1536,Source2,3,2016-06-28 12:57:50,2016-06-28 13:27:50,37.342602,-121.926056,,,0.0,Accident on I-880 Northbound at Exit 2 CA-82 The Alameda.,I-880 S,San Jose,Santa Clara,CA,95126,US,US/Pacific,KSJC,2016-06-28 12:53:00,81.0,,38.0,29.98,10.0,NW,5.8,,Clear,False,False,False,False,False,False,False,False,False,False,False,False,False,Day,Day,Day,Day
A-1537,Source2,2,2016-06-28 13:02:18,2016-06-28 13:32:18,38.662491,-120.92933700000002,,,0.0,Accident on Creekside Ct at Creekside Dr.,Creekside Dr,Shingle Springs,El Dorado,CA,95682-9759,US,US/Pacific,KPVF,2016-06-28 12:55:00,95.0,,19.0,30.1,10.0,West,5.8,,Clear,False,False,False,False,False,False,False,False,False,False,False,False,False,Day,Day,Day,Day
A-1538,Source2,2,2016-06-28 13:17:16,2016-06-28 14:02:16,38.021137,-122.539078,,,0.0,Right hand shoulder blocked due to accident on US-101 Southbound at Exit 456 Lucas Valley Rd.,US-101 N,San Rafael,Marin,CA,94903,US,US/Pacific,KDVO,2016-06-28 13:15:00,82.4,,42.0,29.97,,ESE,8.1,,Clear,False,False,False,False,False,False,False,False,False,False,False,False,False,Day,Day,Day,Day
A-1539,Source2,3,2016-06-28 13:19:29,2016-06-28 14:04:29,37.8009,-122.228767,,,0.0,Right hand shoulder blocked due to accident on I-580 Westbound at Exit 22B Beaumont Ave.,Beaumont Ave,Oakland,Alameda,CA,94602,US,US/Pacific,KOAK,2016-06-28 12:53:00,70.0,,51.0,30.0,10.0,WNW,13.8,,Partly Cloudy,False,False,False,False,False,False,False,False,True,False,False,False,False,Day,Day,Day,Day
A-1540,Source2,3,2016-06-28 13:21:50,2016-06-28 14:07:00,37.546719,-122.022758,,,0.0,Accident on I-880 Southbound at Exit 19 CA-84 Thornton Ave.,Thornton Ave,Fremont,Alameda,CA,94536,US,US/Pacific,KPAO,2016-06-28 13:47:00,73.4,,57.0,29.98,10.0,NNW,12.7,,Clear,False,False,False,False,False,False,False,False,False,False,False,False,False,Day,Day,Day,Day
A-1541,Source2,3,2016-06-28 13:21:00,2016-06-28 14:06:00,38.354504,-121.978577,,,0.0,Right hand shoulder blocked due to accident on I-80 Westbound at Exit 54B Cliffside Dr.,Elmira Rd,Vacaville,Solano,CA,95687,US,US/Pacific,KVCB,2016-06-28 12:53:00,98.1,,22.0,29.93,10.0,Variable,6.9,,Clear,False,False,False,False,True,False,False,False,False,False,False,False,False,Day,Day,Day,Day
A-1542,Source2,2,2016-06-28 13:20:12,2016-06-28 14:05:12,38.022778,-121.965698,,,0.0,Right hand shoulder blocked due to accident on CA-4 Westbound at Exit 19 Willow Pass Rd.,Willow Pass Rd,Pittsburg,Contra Costa,CA,94565,US,US/Pacific,KCCR,2016-06-28 12:53:00,91.0,,23.0,29.91,10.0,WNW,12.7,,Clear,False,False,False,False,False,False,False,False,False,False,False,False,False,Day,Day,Day,Day
A-1543,Source2,2,2016-06-28 13:18:25,2016-06-28 14:03:25,38.003662,-121.837479,,,0.0,Accident on CA-4 Westbound at Exit 26 Auto Center Dr.,Somersville Rd,Antioch,Contra Costa,CA,94509,US,US/Pacific,KCCR,2016-06-28 12:53:00,91.0,,23.0,29.91,10.0,WNW,12.7,,Clear,False,False,False,False,False,False,False,False,False,False,False,False,False,Day,Day,Day,Day
A-1544,Source2,3,2016-06-28 13:13:52,2016-06-28 13:43:52,37.85553,-121.282257,,,0.0,Right hand shoulder blocked due to accident on I-5 Northbound at Exit 465 Roth Rd.,I-5 S,French Camp,San Joaquin,CA,95231,US,US/Pacific,KSCK,2016-06-28 12:55:00,97.0,,24.0,29.92,10.0,NW,6.9,,Clear,False,False,False,False,False,False,False,False,False,False,False,False,False,Day,Day,Day,Day
A-1545,Source2,2,2016-06-28 13:23:22,2016-06-28 13:53:22,38.134041,-121.23851,,,0.0,Accident on Curry Ave at Pine St.,E Pine St,Lodi,San Joaquin,CA,95240-0879,US,US/Pacific,KSCK,2016-06-28 12:55:00,97.0,,24.0,29.92,10.0,NW,6.9,,Clear,False,False,False,False,False,False,False,False,False,False,False,False,False,Day,Day,Day,Day
A-1546,Source2,2,2016-06-28 13:24:23,2016-06-28 14:09:23,37.79834,-122.140739,,,0.0,Accident on Redwood Rd at Pinehurst Rd.,Redwood Rd,Castro Valley,Alameda,CA,94546,US,US/Pacific,KHWD,2016-06-28 12:54:00,73.9,,43.0,30.02,10.0,WNW,9.2,,Clear,False,False,False,False,False,False,False,False,False,False,False,False,False,Day,Day,Day,Day
A-1547,Source2,2,2016-06-28 13:25:49,2016-06-28 14:10:49,37.22657,-121.975113,,,0.0,Accident on CA-17 Northbound at Exits 20A 20B Los Gatos Saratoga Rd.,CA-17 S,Los Gatos,Santa Clara,CA,95032,US,US/Pacific,KSJC,2016-06-28 13:53:00,84.0,,37.0,29.96,10.0,NW,10.4,,Partly Cloudy,False,False,False,False,True,False,False,False,False,False,False,False,False,Day,Day,Day,Day
A-1548,Source2,2,2016-06-28 13:25:01,2016-06-28 14:10:01,37.250729,-121.910713,,,0.0,Accident on CA-85 Northbound at Exit 8 Camden Ave.,Norman Y Mineta Hwy,San Jose,Santa Clara,CA,95118,US,US/Pacific,KRHV,2016-06-28 13:50:00,89.6,,29.0,29.98,10.0,WNW,11.5,,Clear,False,False,False,False,False,False,False,False,False,False,False,False,False,Day,Day,Day,Day
A-1549,Source2,2,2016-06-28 13:29:19,2016-06-28 14:14:19,38.016792,-121.889641,,,0.0,Accident on CA-4 Westbound at Exit 23 California Ave.,Railroad Ave,Pittsburg,Contra Costa,CA,94565,US,US/Pacific,KCCR,2016-06-28 13:53:00,93.9,,21.0,29.89,10.0,NW,15.0,,Clear,False,False,False,False,False,False,False,False,False,False,False,False,False,Day,Day,Day,Day
A-1550,Source2,3,2016-06-28 13:25:36,2016-06-28 13:55:36,38.67136,-121.591324,,,0.0,Accident on I-5 Northbound at Exit 528 Airport Blvd.,I-5 N,Sacramento,Sacramento,CA,95837,US,US/Pacific,KSMF,2016-06-28 13:53:00,99.0,,22.0,29.89,10.0,West,5.8,,Clear,False,False,False,False,False,False,False,False,False,False,False,False,False,Day,Day,Day,Day
A-1551,Source2,2,2016-06-28 13:33:46,2016-06-28 14:03:46,38.690369,-121.387489,,,0.0,Accident on 34th St at County Hwy-E14 Elkhorn Blvd.,Elkhorn Blvd,North Highlands,Sacramento,CA,95660-3118,US,US/Pacific,KMCC,2016-06-28 13:35:00,98.6,,18.0,29.92,9.0,West,6.9,,Clear,False,False,False,False,False,False,False,False,False,False,False,False,False,Day,Day,Day,Day
A-1552,Source2,2,2016-06-28 13:42:40,2016-06-28 14:12:40,38.335983,-121.159859,,,0.0,Accident on CA-104 Twin Cities Rd at Clay Station Rd.,Twin Cities Rd,Herald,Sacramento,CA,95638-9775,US,US/Pacific,KMHR,2016-06-28 13:46:00,100.4,,20.0,29.9,10.0,West,8.1,,Clear,False,False,False,False,False,False,False,False,False,False,False,False,False,Day,Day,Day,Day
A-1553,Source2,3,2016-06-28 13:43:22,2016-06-28 14:28:22,37.33442700000001,-121.936485,,,0.0,Restrictions on exit ramp due to accident on I-880 Southbound at Exits 1A 1B 1D Bascom Ave.,N Bascom Ave,San Jose,Santa Clara,CA,95128,US,US/Pacific,KSJC,2016-06-28 13:53:00,84.0,,37.0,29.96,10.0,NW,10.4,,Partly Cloudy,False,False,False,False,True,False,False,False,False,False,False,False,False,Day,Day,Day,Day
A-1554,Source2,3,2016-06-28 13:46:41,2016-06-28 14:31:41,37.495384,-121.923294,,,0.0,Accident on I-680 Southbound at Exit 12 CA-262 Mission Blvd.,I-680 S,Fremont,Alameda,CA,94539,US,US/Pacific,KNUQ,2016-06-28 13:56:00,78.1,,46.0,29.99,10.0,North,12.7,,Clear,False,False,False,False,True,False,False,False,False,False,False,False,False,Day,Day,Day,Day
A-1555,Source2,2,2016-06-28 14:12:25,2016-06-28 14:42:25,37.696285,-121.09565,,,0.0,Accident on Bacon Rd at Toomes Rd.,Toomes Rd,Modesto,Stanislaus,CA,95358-8947,US,US/Pacific,KMOD,2016-06-28 13:53:00,102.0,,18.0,29.89,10.0,NNW,9.2,,Clear,False,False,False,False,False,False,False,False,False,False,False,False,False,Day,Day,Day,Day
A-1556,Source2,2,2016-06-28 14:18:44,2016-06-28 15:03:44,37.386871,-121.996025,,,0.0,Accident on County Hwy-G2 Lawrence Expy Eastbound at Duane Ave.,E Duane Ave,Sunnyvale,Santa Clara,CA,94085,US,US/Pacific,KNUQ,2016-06-28 13:56:00,78.1,,46.0,29.99,10.0,North,12.7,,Clear,False,False,True,False,False,False,False,False,False,False,False,True,False,Day,Day,Day,Day
A-1557,Source2,2,2016-06-28 14:32:25,2016-06-28 15:17:25,38.44574,-122.724037,,,0.0,Accident on US-101 Southbound at Exit 490 College Ave.,Redwood Hwy S,Santa Rosa,Sonoma,CA,95401,US,US/Pacific,KSTS,2016-06-28 14:53:00,90.0,,29.0,29.9,10.0,SSE,11.5,,Clear,False,False,False,False,False,False,False,False,False,False,False,False,False,Day,Day,Day,Day
A-1558,Source2,2,2016-06-28 14:37:25,2016-06-28 15:22:25,37.317539,-121.931747,,,0.0,Accident on Bascom Ave at Parkmoor Ave.,Parkmoor Ave,San Jose,Santa Clara,CA,95128,US,US/Pacific,KSJC,2016-06-28 14:53:00,82.9,,38.0,29.95,10.0,WNW,10.4,,Partly Cloudy,False,False,True,False,True,False,False,False,False,False,False,True,False,Day,Day,Day,Day
A-1559,Source2,2,2016-06-28 14:33:28,2016-06-28 15:18:28,36.757366,-121.746719,,,0.0,Accident on Blackie Rd at CA-183 Merritt St.,Merritt St,Castroville,Monterey,CA,95012,US,US/Pacific,KSNS,2016-06-28 14:53:00,66.0,,59.0,30.0,10.0,West,16.1,,Clear,False,False,False,False,False,False,False,False,False,False,False,True,False,Day,Day,Day,Day
A-1560,Source2,2,2016-06-28 14:27:40,2016-06-28 14:57:40,39.229321,-121.042946,,,0.0,Accident on CA-49 Golden Center Fwy Northbound at CA-20 Golden Center Fwy.,Golden Center Fwy N,Grass Valley,Nevada,CA,95945,US,US/Pacific,KGOO,2016-06-28 14:25:00,91.4,,16.0,30.12,10.0,Calm,,,Clear,False,False,False,False,False,False,False,False,False,False,False,True,False,Day,Day,Day,Day
A-1561,Source2,2,2016-06-28 14:34:26,2016-06-28 15:04:26,38.740063,-120.696815,,,0.0,[4 lane blocked due to accident on US-50 at Carson Rd.,Highway 50,Camino,El Dorado,CA,95709,US,US/Pacific,KPVF,2016-06-28 14:35:00,93.2,,15.0,30.08,10.0,SSW,4.6,,Clear,False,False,False,False,False,False,False,False,False,False,False,False,False,Day,Day,Day,Day
A-1562,Source2,2,2016-06-28 14:55:01,2016-06-28 15:40:01,38.150757,-122.449348,,,0.0,Accident on CA-37 Sears Point Rd at CA-121 Arnold Dr.,Sears Point Rd,Sonoma,Sonoma,CA,95476,US,US/Pacific,KO69,2016-06-28 14:55:00,78.8,,42.0,29.98,9.0,WNW,8.1,,Clear,False,False,False,False,False,False,False,False,False,False,False,True,False,Day,Day,Day,Day
A-1563,Source2,2,2016-06-28 14:45:20,2016-06-28 15:30:20,37.723492,-121.769951,,,0.0,Accident on Hartford Ave at Livermore Ave.,N Livermore Ave,Livermore,Alameda,CA,94551-9789,US,US/Pacific,KLVK,2016-06-28 14:53:00,96.1,,21.0,29.91,10.0,WNW,13.8,,Clear,False,False,False,False,False,False,False,False,False,False,False,False,False,Day,Day,Day,Day
A-1564,Source2,3,2016-06-28 15:10:51,2016-06-28 16:10:51,37.872307,-121.277542,,,0.0,Accident on I-5 Northbound at 467A / El Dorado St / Lynn Ave. On the median.,I-5 N,French Camp,San Joaquin,CA,95231,US,US/Pacific,KSCK,2016-06-28 14:55:00,102.0,,19.0,29.88,10.0,WNW,10.4,,Clear,False,False,False,False,False,False,False,False,False,False,False,False,False,Day,Day,Day,Day
A-1565,Source2,2,2016-06-28 15:30:31,2016-06-28 16:30:31,38.64732,-121.577148,,,0.0,Accident on Old River Rd in West Sacramento.,Old River Rd,West Sacramento,Yolo,CA,95691-8014,US,US/Pacific,KSAC,2016-06-28 15:53:00,102.0,,17.0,29.86,10.0,SW,8.1,,Clear,False,False,False,False,False,False,False,False,False,False,False,False,False,Day,Day,Day,Day
A-1566,Source2,2,2016-06-28 15:49:35,2016-06-28 16:49:35,37.782207,-121.530815,,,0.0,Accident on County Hwy-J4 Byron Rd at Byron Rd / Mountain House Pkwy.,W Byron Rd,Tracy,San Joaquin,CA,95304,US,US/Pacific,KSCK,2016-06-28 15:55:00,102.0,,17.0,29.86,10.0,NW,10.4,,Clear,False,False,False,False,False,False,False,False,False,False,False,False,False,Day,Day,Day,Day
A-1567,Source2,2,2016-06-28 15:47:11,2016-06-28 16:47:11,38.500584,-121.431229,,,0.0,Accident on 65th St at Stockton Blvd.,65th St,Sacramento,Sacramento,CA,95823,US,US/Pacific,KSAC,2016-06-28 15:53:00,102.0,,17.0,29.86,10.0,SW,8.1,,Clear,False,False,True,False,False,False,False,False,False,False,False,True,False,Day,Day,Day,Day
A-1568,Source2,2,2016-06-28 15:43:48,2016-06-28 16:43:48,38.784153,-121.279549,,,0.0,Right hand shoulder blocked due to accident on CA-65 Southbound at Exit 308 / Pleasant Grove Blvd.,CA-65 S,Roseville,Placer,CA,95678,US,US/Pacific,KMCC,2016-06-28 15:35:00,102.2,,14.0,29.88,8.0,SSW,5.8,,Clear,False,False,False,False,False,False,False,False,False,False,False,False,False,Day,Day,Day,Day
A-1569,Source2,3,2016-06-28 15:53:53,2016-06-28 16:53:53,38.74410200000001,-121.270569,,,0.0,Accident on I-80 Eastbound at Douglas Blvd.,I-80 E,Roseville,Placer,CA,95678,US,US/Pacific,KMCC,2016-06-28 15:55:00,102.2,,15.0,29.87,9.0,SW,6.9,,Clear,False,False,False,False,False,False,False,False,False,False,False,False,False,Day,Day,Day,Day
A-1570,Source2,2,2016-06-28 16:08:58,2016-06-28 17:08:58,38.373032,-121.358482,,,0.0,Accident on CA-99 Northbound at Exit 284 / County Hwy-E2 Grant Line Rd / Kammerer Rd.,CA-99 N,Elk Grove,Sacramento,CA,95624,US,US/Pacific,KSAC,2016-06-28 15:53:00,102.0,,17.0,29.86,10.0,SW,8.1,,Clear,False,False,False,False,False,False,False,False,False,False,False,False,False,Day,Day,Day,Day
A-1571,Source2,2,2016-06-28 16:09:40,2016-06-28 17:09:40,38.664238,-121.244255,,,0.0,Accident on Madison Ave at Kenneth Ave.,Kenneth Ave,Fair Oaks,Sacramento,CA,95628-3828,US,US/Pacific,KMHR,2016-06-28 15:45:00,104.0,,15.0,29.86,10.0,WSW,10.4,,Clear,False,False,False,False,False,False,False,False,False,False,False,True,False,Day,Day,Day,Day
A-1572,Source2,3,2016-06-28 16:36:53,2016-06-28 17:06:53,37.545372,-122.369919,,,0.0,Accident on I-280 Northbound at Exit 36 Golf Course Dr.,Junipero Serra Fwy N,Burlingame,San Mateo,CA,94010,US,US/Pacific,KSFO,2016-06-28 16:56:00,61.0,,67.0,29.95,10.0,NW,19.6,,Partly Cloudy,False,False,False,False,False,False,False,False,False,False,False,False,False,Day,Day,Day,Day
A-1573,Source2,3,2016-06-28 16:39:15,2016-06-28 17:09:15,37.72506,-122.137413,,,0.0,Accident on I-580 Westbound at Exits 31 31B Grand Ave.,I-580 W,San Leandro,Alameda,CA,94577,US,US/Pacific,KOAK,2016-06-28 16:53:00,68.0,,56.0,29.95,10.0,West,19.6,,Partly Cloudy,False,False,False,False,True,False,False,False,False,False,False,False,False,Day,Day,Day,Day
A-1574,Source2,2,2016-06-28 16:14:43,2016-06-28 17:14:43,38.241405,-121.51239,,,0.0,Accident on Grove St in Isleton.,Grove St,Walnut Grove,Sacramento,CA,95690-9775,US,US/Pacific,KSAC,2016-06-28 15:53:00,102.0,,17.0,29.86,10.0,SW,8.1,,Clear,True,False,False,False,False,False,False,False,False,False,False,False,False,Day,Day,Day,Day
A-1575,Source2,2,2016-06-28 16:45:10,2016-06-28 17:45:10,38.207588,-121.264046,,,0.0,Accident on CA-99 Southbound at Exit 271 State Highway 99 W Frontage Rd. On the median.,CA-99 S,Acampo,San Joaquin,CA,95220,US,US/Pacific,KSCK,2016-06-28 16:55:00,100.9,,17.0,29.85,10.0,NW,11.5,,Clear,False,False,False,False,True,False,False,False,False,False,False,False,False,Day,Day,Day,Day
A-1576,Source2,2,2016-06-28 16:50:01,2016-06-28 17:50:01,38.932369,-121.09081299999998,,,0.0,Accident on Kemper Rd at Grass Valley Hwy / New Airport Rd / Kemper Rd.,New Airport Rd,Auburn,Placer,CA,95603,US,US/Pacific,KAUN,2016-06-28 16:55:00,98.6,,12.0,29.97,10.0,West,5.8,,Clear,False,False,False,False,False,False,False,False,False,False,False,True,False,Day,Day,Day,Day
A-1577,Source2,3,2016-06-28 17:25:30,2016-06-28 17:55:30,37.852531,-122.299873,,,0.0,Accident on I-80 I-580 Westbound at Exit 10 I-80 I-580.,I-580 E,Berkeley,Alameda,CA,94710,US,US/Pacific,KOAK,2016-06-28 17:53:00,64.9,,61.0,29.95,10.0,WNW,18.4,,Partly Cloudy,False,False,False,False,False,False,False,False,False,False,False,False,False,Day,Day,Day,Day
A-1578,Source2,3,2016-06-28 17:26:47,2016-06-28 17:56:47,37.764431,-122.217583,,,0.0,Accident on I-880 Northbound at Exit 38 Coliseum Way.,Nimitz Fwy S,Oakland,Alameda,CA,94601,US,US/Pacific,KOAK,2016-06-28 17:53:00,64.9,,61.0,29.95,10.0,WNW,18.4,,Partly Cloudy,False,False,False,False,False,False,False,False,False,False,False,False,False,Day,Day,Day,Day
A-1579,Source2,3,2016-06-28 17:24:27,2016-06-28 17:54:27,37.74382,-122.199333,,,0.0,Accident on I-880 Southbound at Exit 36 Hegenberger Rd.,Nimitz Fwy S,Oakland,Alameda,CA,94621,US,US/Pacific,KOAK,2016-06-28 17:53:00,64.9,,61.0,29.95,10.0,WNW,18.4,,Partly Cloudy,False,False,False,False,True,False,False,False,False,False,False,False,False,Day,Day,Day,Day
A-1580,Source2,3,2016-06-28 17:22:27,2016-06-28 18:22:27,38.562206,-121.487221,,,0.0,Accident on I-80 Bus Capital City Fwy Westbound at Exits 4B 5 X St.,Capital City Fwy W,Sacramento,Sacramento,CA,95818,US,US/Pacific,KSAC,2016-06-28 16:53:00,102.0,,15.0,29.84,10.0,SSW,10.4,,Clear,False,False,False,False,False,False,False,False,False,False,False,False,False,Day,Day,Day,Day
A-1581,Source2,3,2016-06-28 17:30:52,2016-06-28 18:30:52,38.559971,-121.466576,,,0.0,Accident on I-80 Bus Capital City Fwy Eastbound at 34th Street.,US-50 E,Sacramento,Sacramento,CA,95817,US,US/Pacific,KSAC,2016-06-28 17:53:00,99.0,,20.0,29.83,10.0,SW,12.7,,Clear,False,False,False,False,False,False,False,False,False,False,False,False,False,Day,Day,Day,Day
A-1582,Source2,3,2016-06-28 18:02:23,2016-06-28 19:02:23,38.62479,-121.517189,,,0.0,Accident on I-5 Southbound at Exit 522 I-80.,I-80 E,Sacramento,Sacramento,CA,95833,US,US/Pacific,KMCC,2016-06-28 17:55:00,102.2,,10.0,29.83,9.0,WSW,8.1,,Clear,False,False,False,False,False,False,False,False,False,False,False,False,False,Day,Day,Day,Day
A-1583,Source2,3,2016-06-28 18:00:42,2016-06-28 19:00:42,38.564735,-121.497742,,,0.0,Accident on I-80 Bus Capital City Fwy Eastbound at Exits 4B 5 X St.,Capital City Fwy E,Sacramento,Sacramento,CA,95818,US,US/Pacific,KSAC,2016-06-28 17:53:00,99.0,,20.0,29.83,10.0,SW,12.7,,Clear,False,False,False,False,True,False,False,False,False,False,False,False,False,Day,Day,Day,Day
A-1584,Source2,3,2016-06-28 18:00:04,2016-06-28 19:00:04,38.8764,-121.129929,,,0.0,Accident on I-80 Eastbound at Exit 115 / Newcastle Rd / Indian Hill Rd.,I-80 E,Newcastle,Placer,CA,95658,US,US/Pacific,KAUN,2016-06-28 17:55:00,98.6,,12.0,29.95,10.0,WSW,4.6,,Clear,False,False,False,False,False,False,False,False,False,False,False,False,False,Day,Day,Day,Day
A-1585,Source2,3,2016-06-28 18:41:34,2016-06-28 20:11:34,38.64341,-121.434265,,,0.0,Accident on I-80 Westbound at Exit 91 / Raley Blvd / Marysville Blvd.,I-80 W,Sacramento,Sacramento,CA,95838,US,US/Pacific,KMCC,2016-06-28 18:35:00,102.2,,11.0,29.83,9.0,SSW,8.1,,Clear,False,False,False,False,True,False,False,False,False,False,False,False,False,Day,Day,Day,Day
A-1586,Source2,3,2016-06-28 19:08:52,2016-06-28 19:38:52,37.789341,-122.25428,,,0.0,Accident on I-880 Northbound at Exit 40 Embarcadero.,I-880 N,Oakland,Alameda,CA,94606,US,US/Pacific,KOAK,2016-06-28 18:53:00,63.0,,65.0,29.94,10.0,West,16.1,,Partly Cloudy,False,False,False,False,True,False,False,False,False,False,False,False,False,Day,Day,Day,Day
A-1587,Source2,3,2016-06-28 19:07:46,2016-06-28 19:37:46,37.700111,-121.778809,,,0.0,Accident on I-580 Eastbound at Exits 52 52B County Hwy-J2 Livermore Ave.,I-580 E,Livermore,Alameda,CA,94551,US,US/Pacific,KLVK,2016-06-28 18:53:00,87.1,,24.0,29.88,10.0,WSW,8.1,,Clear,False,False,False,False,True,False,False,False,False,False,False,False,False,Day,Day,Day,Day
A-1588,Source2,3,2016-06-28 19:09:56,2016-06-28 19:39:56,37.700111,-121.778809,,,0.0,Accident on I-580 Eastbound at Exits 52 52B County Hwy-J2 Livermore Ave.,I-580 E,Livermore,Alameda,CA,94551,US,US/Pacific,KLVK,2016-06-28 18:53:00,87.1,,24.0,29.88,10.0,WSW,8.1,,Clear,False,False,False,False,True,False,False,False,False,False,False,False,False,Day,Day,Day,Day
A-1589,Source2,3,2016-06-28 19:12:41,2016-06-28 20:12:41,38.68597000000001,-121.333305,,,0.0,Accident on I-80 Westbound at Exit 98 / County Hwy-E14 Greenback Ln / County Hwy-E14 Elkhorn Blvd.,I-80 W,Sacramento,Sacramento,CA,95841,US,US/Pacific,KMCC,2016-06-28 19:15:00,100.4,,15.0,29.84,10.0,South,10.4,,Clear,False,False,False,False,True,False,False,False,False,False,False,False,False,Day,Day,Day,Day
A-1590,Source2,2,2016-06-28 19:14:54,2016-06-28 20:44:54,37.938988,-121.23455,,,0.0,Accident on CA-99 Northbound at Framington Rd. On exit ramp.,CA-99 N,Stockton,San Joaquin,CA,95215,US,US/Pacific,KSCK,2016-06-28 18:55:00,95.0,,22.0,29.85,10.0,WNW,12.7,,Clear,False,False,False,False,True,False,False,False,False,False,False,False,False,Day,Day,Day,Day
A-1591,Source2,3,2016-06-28 20:04:29,2016-06-28 21:04:29,38.758034,-121.261528,,,0.0,Right hand shoulder blocked due to accident on I-80 Westbound at Exits 105A 105B / Eureka Rd / Taylor Rd.,I-80 E,Roseville,Placer,CA,95661,US,US/Pacific,KMCC,2016-06-28 19:55:00,95.0,,20.0,29.85,10.0,South,8.1,,Clear,False,False,False,False,False,False,False,False,False,False,False,False,False,Day,Day,Day,Day
A-1592,Source2,3,2016-06-28 20:34:27,2016-06-28 21:34:27,38.671066,-121.590378,,,0.0,Accident on I-5 Southbound at Exit 528 / Airport Blvd.,CA-16 E,Sacramento,Sacramento,CA,95837,US,US/Pacific,KSMF,2016-06-28 20:53:00,84.0,,34.0,29.83,10.0,South,13.8,,Clear,False,False,False,False,False,False,False,False,False,False,False,False,False,Night,Day,Day,Day
A-1593,Source2,3,2016-06-28 20:42:31,2016-06-28 21:42:31,38.621254,-121.523941,,,0.0,Accident on I-80 Eastbound at Exit 86 I-5.,I-80 E,Sacramento,Sacramento,CA,95833,US,US/Pacific,KMCC,2016-06-28 20:35:00,89.6,,26.0,29.85,9.0,SSW,9.2,,Clear,False,False,False,False,True,False,False,False,False,False,False,False,False,Night,Day,Day,Day
A-1594,Source2,2,2016-06-28 20:31:51,2016-06-28 21:31:51,38.423725,-121.395569,,,0.0,Right hand shoulder blocked due to accident on CA-99 Northbound at Exit 287 / Bond Rd / Laguna Blvd.,Laguna Blvd,Elk Grove,Sacramento,CA,95758,US,US/Pacific,KSAC,2016-06-28 20:53:00,82.0,,35.0,29.85,10.0,South,6.9,,Clear,False,False,False,False,False,False,False,False,False,False,False,False,False,Day,Day,Day,Day
A-1595,Source2,2,2016-06-28 20:30:54,2016-06-28 21:30:54,38.558155,-121.386147,,,0.0,Accident on US-50 Westbound at Exit 11 / Watt Ave.,El Dorado Fwy W,Sacramento,Sacramento,CA,95826,US,US/Pacific,KMHR,2016-06-28 20:45:00,82.4,,35.0,29.85,10.0,WSW,3.5,,Clear,False,False,False,False,False,False,False,False,False,False,False,False,False,Day,Day,Day,Day
A-1596,Source2,3,2016-06-28 20:49:56,2016-06-28 21:49:56,37.941891,-121.298233,,,0.0,Accident on I-5 Northbound at Exit 472 / CA-4 Exits 65A 65B / CA-4 Ort J Lofthus Fwy Exits 65A-B 66A. On the median.,I-5 N,Stockton,San Joaquin,CA,95206,US,US/Pacific,KSCK,2016-06-28 20:55:00,84.9,,23.0,29.86,10.0,West,10.4,,Clear,False,False,False,False,True,False,False,False,False,False,False,False,False,Night,Day,Day,Day
A-1597,Source2,3,2016-06-28 20:50:33,2016-06-28 21:50:33,38.604618,-122.592873,,,0.0,Lane blocked due to accident on CA-29 Lake County Hwy Northbound at Lake County Hwy / Old Lawley Toll Rd.,Lake County Hwy,Calistoga,Napa,CA,94515-9740,US,US/Pacific,KSTS,2016-06-28 20:53:00,64.9,,61.0,29.88,9.0,SSE,9.2,,Clear,False,False,False,False,False,False,False,False,False,False,False,False,False,Night,Day,Day,Day
A-1598,Source2,3,2016-06-28 21:25:41,2016-06-28 22:25:41,37.953571,-121.309471,,,0.0,Accident on I-5 Northbound at IExit 473 / Flora St / Pershing Ave.,I-5 N,Stockton,San Joaquin,CA,95203,US,US/Pacific,KSCK,2016-06-28 20:55:00,84.9,,23.0,29.86,10.0,West,10.4,,Clear,False,False,False,False,True,False,False,False,False,False,False,False,False,Night,Night,Day,Day
A-1599,Source2,3,2016-06-28 21:46:04,2016-06-28 22:16:04,37.467045,-122.152321,,,0.0,Accident on US-101 Southbound at Exits 404A 404B CA-114 Willow Rd.,Bayshore Fwy S,Menlo Park,San Mateo,CA,94025,US,US/Pacific,KPAO,2016-06-28 20:47:00,62.6,,82.0,29.95,10.0,NNW,12.7,,Clear,False,False,False,False,True,False,False,False,False,False,False,False,False,Night,Night,Night,Day
A-1600,Source2,3,2016-06-28 22:22:01,2016-06-28 23:12:08,37.47588,-121.932259,,,0.0,Accident on I-880 Northbound at Exit 10 California Cir.,I-880 N,Fremont,Alameda,CA,94538,US,US/Pacific,KPAO,2016-06-28 20:47:00,62.6,,82.0,29.95,10.0,NNW,12.7,,Clear,False,False,False,False,False,False,False,False,False,False,False,False,False,Night,Night,Night,Day
A-1601,Source2,3,2016-06-28 22:31:38,2016-06-28 23:31:38,38.061592,-121.374031,,,0.0,Accident on I-5 Southbound at Exit 481 Eight Mile Rd.,I-5 S,Stockton,San Joaquin,CA,95209,US,US/Pacific,KSCK,2016-06-28 22:55:00,79.0,,27.0,29.87,10.0,West,10.4,,Clear,False,False,False,False,True,False,False,False,False,False,False,False,False,Night,Night,Night,Night
A-1602,Source2,2,2016-06-28 23:34:48,2016-06-29 00:04:48,37.724804,-121.692116,,,0.0,Accident on Altamont Pass Rd at Goecken Rd.,Altamont Pass Rd,Livermore,Alameda,CA,94550,US,US/Pacific,KLVK,2016-06-28 23:53:00,66.9,,51.0,29.91,10.0,Calm,,,Clear,False,False,False,False,False,False,False,False,False,False,False,False,False,Night,Night,Night,Night
A-1603,Source2,2,2016-06-29 00:04:54,2016-06-29 00:34:54,38.507656,-122.719826,,,0.0,Accident on Mark West Springs Rd at Cross Creek Rd.,Cross Creek Rd,Santa Rosa,Sonoma,CA,95403,US,US/Pacific,KSTS,2016-06-29 00:53:00,54.0,,83.0,29.89,8.0,South,5.8,,Clear,False,False,False,False,False,False,False,False,False,False,False,False,False,Night,Night,Night,Night
A-1604,Source2,2,2016-06-29 00:03:58,2016-06-29 00:33:58,38.095749,-122.23443600000002,,,0.0,Accident on Benicia Rd at Starr Ave.,Benicia Rd,Vallejo,Solano,CA,94590-7131,US,US/Pacific,KAPC,2016-06-29 00:54:00,57.0,,89.0,29.91,9.0,SSW,8.1,,Clear,False,False,False,False,False,False,False,False,False,False,False,False,False,Night,Night,Night,Night
A-1605,Source2,2,2016-06-29 00:15:15,2016-06-29 00:45:15,36.967934,-121.99794,,,0.0,Accident on 7th Ave at Eaton St.,7th Ave,Santa Cruz,Santa Cruz,CA,95062-3912,US,US/Pacific,KWVI,2016-06-29 00:53:00,52.0,,93.0,29.96,9.0,Calm,,,Clear,False,False,True,False,False,False,False,False,False,False,False,False,False,Night,Night,Night,Night
A-1606,Source2,2,2016-06-29 00:19:48,2016-06-29 00:49:48,36.987213,-122.003967,,,0.0,Accident on Fairmount Ave at CA-1.,Fairmount Ave,Santa Cruz,Santa Cruz,CA,95062,US,US/Pacific,KWVI,2016-06-29 00:53:00,52.0,,93.0,29.96,9.0,Calm,,,Clear,False,False,True,False,False,False,False,False,False,False,False,True,False,Night,Night,Night,Night
A-1607,Source2,2,2016-06-29 00:41:13,2016-06-29 01:26:13,37.953987,-121.234261,,,0.0,Lane blocked due to accident on Main St at Oro Ave.,E Main St,Stockton,San Joaquin,CA,95215-6727,US,US/Pacific,KSCK,2016-06-29 00:55:00,73.0,,39.0,29.86,10.0,North,5.8,,Clear,False,False,False,False,False,False,False,False,False,False,False,True,False,Night,Night,Night,Night
A-1608,Source2,2,2016-06-29 01:23:20,2016-06-29 02:23:20,38.684624,-123.426376,,,0.0,Right hand shoulder blocked due to accident on CA-1 Northbound at Moonraker Rd.,Highway 1,The Sea Ranch,Sonoma,CA,95497,US,US/Pacific,KUKI,2016-06-29 00:56:00,68.0,,55.0,29.91,10.0,Calm,,,Clear,False,False,False,False,False,False,False,False,False,False,False,False,False,Night,Night,Night,Night
A-1609,Source2,2,2016-06-29 01:52:10,2016-06-29 02:52:10,37.349121,-121.993225,,,0.0,Accident on Flora Vista Ave both ways around Granada Ave.,Granada Ave,Santa Clara,Santa Clara,CA,95051-3402,US,US/Pacific,KSJC,2016-06-29 01:53:00,60.1,,78.0,29.94,10.0,NNW,5.8,,Clear,False,False,True,False,False,False,False,False,False,True,False,False,False,Night,Night,Night,Night
A-1610,Source2,2,2016-06-29 01:54:01,2016-06-29 02:54:01,37.645161,-122.404831,,,0.0,Lane blocked due to accident on Airport Blvd both ways at Utah Ave.,S Airport Blvd,South San Francisco,San Mateo,CA,94080-6704,US,US/Pacific,KSFO,2016-06-29 01:56:00,54.0,,83.0,29.95,10.0,WNW,15.0,,Partly Cloudy,False,False,False,False,False,False,False,False,False,False,False,True,False,Night,Night,Night,Night
A-1611,Source2,3,2016-06-29 01:52:43,2016-06-29 02:52:43,37.468521,-122.292183,,,0.0,Lane blocked due to accident on I-280 Northbound at Exit 29 Edgewood Rd.,Junipero Serra Fwy N,Redwood City,San Mateo,CA,94062,US,US/Pacific,KSQL,2016-06-29 01:55:00,57.2,,77.0,29.96,10.0,NW,5.8,,Clear,False,False,False,False,False,False,False,False,False,False,False,False,False,Night,Night,Night,Night
A-1612,Source2,2,2016-06-29 03:18:42,2016-06-29 04:18:42,38.246796,-122.627808,,,0.0,Right hand shoulder blocked due to accident on US-101 Northbound at Exit 474 Washington St.,E Washington St,Petaluma,Sonoma,CA,94952,US,US/Pacific,KO69,2016-06-29 03:15:00,48.2,,100.0,29.95,5.0,NNW,4.6,,Scattered Clouds,False,False,False,False,False,False,False,False,False,False,False,False,False,Night,Night,Night,Night
A-1613,Source2,3,2016-06-29 03:27:23,2016-06-29 04:27:23,37.785542,-122.39138,,,0.0,Lane blocked due to accident on I-80 Eastbound at Exits 2B 2C Harrison St.,James Lick Fwy N,San Francisco,San Francisco,CA,94105,US,US/Pacific,KOAK,2016-06-29 03:53:00,55.9,,84.0,29.95,9.0,WNW,6.9,,Overcast,False,False,False,False,True,False,False,False,False,False,False,False,False,Night,Night,Night,Night
A-1614,Source2,2,2016-06-29 05:59:23,2016-06-29 06:43:00,37.959,-122.052406,,,0.0,Right hand shoulder blocked due to accident on CA-242 Southbound at Exit 1B I-680.,CA-242 S,Concord,Contra Costa,CA,94520,US,US/Pacific,KCCR,2016-06-29 05:53:00,59.0,,72.0,29.88,9.0,Calm,,,Clear,False,False,False,False,False,False,False,False,False,False,False,False,False,Day,Day,Day,Day
A-1615,Source2,3,2016-06-29 05:33:13,2016-06-29 06:43:00,37.855087,-122.02961,,,0.0,Accident on I-680 Southbound at Exits 42A 42B Stone Valley Rd.,I-680 S,Alamo,Contra Costa,CA,94507,US,US/Pacific,KCCR,2016-06-29 05:53:00,59.0,,72.0,29.88,9.0,Calm,,,Clear,False,False,False,False,True,False,False,False,False,False,False,False,False,Night,Day,Day,Day
A-1616,Source2,2,2016-06-29 06:47:34,2016-06-29 07:28:00,38.221317,-122.238693,,,0.0,Accident on CA-12 Jameson Canyon Rd Eastbound at Kirkland Ranch Rd.,Jameson Canyon Rd,American Canyon,Napa,CA,94503,US,US/Pacific,KAPC,2016-06-29 06:54:00,55.0,,93.0,29.93,9.0,WSW,9.2,,Overcast,False,False,False,False,False,False,False,False,False,False,False,False,False,Day,Day,Day,Day
A-1617,Source2,2,2016-06-29 06:29:19,2016-06-29 07:08:00,37.595875,-121.886383,,,0.0,Accident on Foothill Rd both ways at Bond St.,Bond Ln,Sunol,Alameda,CA,94586,US,US/Pacific,KLVK,2016-06-29 06:53:00,57.9,,78.0,29.94,10.0,WNW,6.9,,Clear,False,False,True,False,False,False,True,False,False,False,False,False,False,Day,Day,Day,Day
A-1618,Source2,2,2016-06-29 07:39:21,2016-06-29 08:09:21,37.096439,-122.100723,,,0.0,Accident on Alba Rd at Alba Rd /Lorien Wy.,Alba Rd,Ben Lomond,Santa Cruz,CA,95005-9262,US,US/Pacific,KWVI,2016-06-29 07:40:00,51.1,,100.0,30.0,0.8,Calm,,,Mist,False,False,False,False,False,False,False,False,False,False,False,False,False,Day,Day,Day,Day
A-1619,Source2,2,2016-06-29 07:53:42,2016-06-29 08:23:42,38.162251,-121.612297,,,0.0,Accident on CA-160 1st St at 1st St.,1st St,Isleton,Sacramento,CA,95641,US,US/Pacific,KSUU,2016-06-29 07:58:00,61.2,,73.0,29.9,10.0,SW,20.7,,Clear,False,False,False,False,False,False,False,False,False,False,False,False,False,Day,Day,Day,Day
A-1620,Source2,2,2016-06-29 07:20:30,2016-06-29 08:20:30,37.75404,-121.485123,,,0.0,Accident on County Hwy-J4 Byron Rd at County Hwy-J4 Byron Rd.,W Grant Line Rd,Tracy,San Joaquin,CA,95304,US,US/Pacific,KSCK,2016-06-29 06:55:00,68.0,,52.0,29.88,10.0,NNW,3.5,,Clear,False,False,False,False,False,False,False,False,False,False,False,False,False,Day,Day,Day,Day
A-1621,Source2,2,2016-06-29 07:40:44,2016-06-29 08:10:44,37.855412,-121.039825,,,0.0,Accident on County Hwy-J7 Mariposa Rd at Dodds Rd.,Mariposa Rd,Escalon,San Joaquin,CA,95320-8515,US,US/Pacific,KMOD,2016-06-29 07:53:00,77.0,,39.0,29.89,10.0,NNW,8.1,,Clear,False,False,False,False,False,False,False,False,False,False,False,False,False,Day,Day,Day,Day
A-1622,Source2,2,2016-06-29 08:03:31,2016-06-29 08:49:00,38.387066,-122.835098,,,0.0,Accident on Lynch Rd at Pleasant Hill Rd.,Lynch Rd,Sebastopol,Sonoma,CA,95472-4644,US,US/Pacific,KSTS,2016-06-29 08:00:00,50.0,,96.0,29.95,2.0,South,4.6,,Overcast,False,False,False,False,False,False,False,False,False,False,False,False,False,Day,Day,Day,Day
A-1623,Source2,2,2016-06-29 08:16:18,2016-06-29 08:46:18,36.989685,-122.021805,,,0.0,Accident on CA-1 Northbound after CA-17.,CA-17 N,Santa Cruz,Santa Cruz,CA,95060,US,US/Pacific,KWVI,2016-06-29 08:13:00,52.0,,97.0,30.0,4.0,South,4.6,,Overcast,False,False,False,False,False,False,False,False,False,False,False,False,False,Day,Day,Day,Day
A-1624,Source2,3,2016-06-29 08:14:05,2016-06-29 08:44:05,38.416264,-121.897232,,,0.0,Right hand shoulder blocked due to accident on I-80 Westbound near Midway Rd.,Midway Rd,Dixon,Solano,CA,95620,US,US/Pacific,KEDU,2016-06-29 08:15:00,66.2,,64.0,29.91,10.0,Calm,,,Clear,False,False,False,False,False,False,False,False,False,False,False,False,False,Day,Day,Day,Day
A-1625,Source2,2,2016-06-29 08:15:42,2016-06-29 08:45:42,36.87112800000001,-121.785408,,,0.0,Accident on McGowan Rd at Trafton Rd.,Trafton Rd,Moss Landing,Monterey,CA,95039-9641,US,US/Pacific,KWVI,2016-06-29 08:13:00,52.0,,97.0,30.0,4.0,South,4.6,,Overcast,False,False,False,False,False,False,False,False,False,False,False,False,False,Day,Day,Day,Day
A-1626,Source2,2,2016-06-29 08:14:57,2016-06-29 08:44:57,36.871086,-121.66745,,,0.0,Accident on County Hwy-G11 San Juan Rd at Wallace Ct.,San Juan Rd,Aromas,Monterey,CA,95004-9033,US,US/Pacific,KWVI,2016-06-29 08:13:00,52.0,,97.0,30.0,4.0,South,4.6,,Overcast,False,False,False,False,False,False,False,False,False,False,False,False,False,Day,Day,Day,Day
A-1627,Source2,3,2016-06-29 08:08:01,2016-06-29 08:38:01,37.740891,-121.505043,,,0.0,Accident on I-205 Westbound at 11th St.,I-205 W,Tracy,San Joaquin,CA,95304,US,US/Pacific,KSCK,2016-06-29 07:55:00,73.0,,51.0,29.89,10.0,NW,6.9,,Clear,False,False,False,False,False,False,False,False,False,False,False,False,False,Day,Day,Day,Day
A-1628,Source2,2,2016-06-29 08:10:56,2016-06-29 08:40:56,38.714504,-121.475502,,,0.0,Accident on Elverta Rd at El Rio Ave.,El Rio Ave,Elverta,Sacramento,CA,95626-9218,US,US/Pacific,KMCC,2016-06-29 08:15:00,71.6,,46.0,29.92,7.0,SE,4.6,,Clear,False,False,False,False,False,False,False,False,False,True,False,False,False,Day,Day,Day,Day
A-1629,Source2,3,2016-06-29 08:50:41,2016-06-29 09:20:41,38.482731,-121.811592,,,0.0,Accident on I-80 Westbound at Milk Farm Rd.,I-80 W,Dixon,Solano,CA,95620,US,US/Pacific,KEDU,2016-06-29 08:55:00,71.6,,53.0,29.92,10.0,Calm,,,Clear,False,False,False,False,False,False,False,False,False,False,False,False,False,Day,Day,Day,Day
A-1630,Source2,2,2016-06-29 08:36:26,2016-06-29 09:22:02,37.865192,-121.667648,,,0.0,Right hand shoulder blocked due to accident on Camino Diablo at Vasco Rd.,Vasco Rd,Byron,Contra Costa,CA,94514,US,US/Pacific,KLVK,2016-06-29 08:53:00,66.0,,60.0,29.95,10.0,NW,4.6,,Clear,False,False,False,False,False,False,False,False,False,False,False,True,False,Day,Day,Day,Day
A-1631,Source2,3,2016-06-29 08:24:17,2016-06-29 09:24:17,38.149616,-121.39951299999998,,,0.0,Accident on I-5 Southbound at Exit 487 Turner Rd.,I-5 S,Lodi,San Joaquin,CA,95242,US,US/Pacific,KSCK,2016-06-29 07:55:00,73.0,,51.0,29.89,10.0,NW,6.9,,Clear,False,False,False,False,False,False,False,False,False,False,False,False,False,Day,Day,Day,Day
A-1632,Source2,2,2016-06-29 08:50:06,2016-06-29 09:20:06,36.431648,-121.337425,,,0.0,Slow lane blocked due to accident on US-101 Northbound before Front St.,El Camino Real S,Soledad,Monterey,CA,93960,US,US/Pacific,KSNS,2016-06-29 08:53:00,55.0,,83.0,30.04,9.0,WNW,5.8,,Overcast,False,False,False,False,False,False,False,False,False,False,False,False,False,Day,Day,Day,Day
A-1633,Source2,2,2016-06-29 09:14:52,2016-06-29 09:44:52,38.247784,-122.62973,,,0.0,Right hand shoulder blocked due to multi-vehicle accident on US-101 Southbound at Exit 474 Washington St.,US-101 S,Petaluma,Sonoma,CA,94952,US,US/Pacific,KO69,2016-06-29 09:15:00,59.0,,72.0,30.0,7.0,Calm,,,Clear,False,False,False,False,True,False,False,False,False,False,False,False,False,Day,Day,Day,Day
A-1634,Source2,3,2016-06-29 09:52:33,2016-06-29 10:22:33,37.737488,-122.402237,,,0.0,Accident on I-280 Southbound at Alemany Blvd.,I-280 S,San Francisco,San Francisco,CA,94124,US,US/Pacific,KSFO,2016-06-29 09:56:00,57.9,,72.0,30.01,10.0,WNW,15.0,,Mostly Cloudy,False,False,False,False,True,False,False,False,False,False,False,False,False,Day,Day,Day,Day
A-1635,Source2,3,2016-06-29 09:40:56,2016-06-29 10:10:56,37.994263,-122.296127,,,0.0,Multi-vehicle accident on I-80 Westbound at Exit 22 Pinole Valley Rd.,I-80 W,Pinole,Contra Costa,CA,94564,US,US/Pacific,KCCR,2016-06-29 09:53:00,72.0,,46.0,29.91,10.0,South,5.8,,Clear,False,False,False,False,False,False,False,False,False,False,False,False,False,Day,Day,Day,Day
A-1636,Source2,2,2016-06-29 09:51:18,2016-06-29 10:36:18,39.112743,-121.632614,,,0.0,Accident on Barrett Rd at Lincoln Rd.,Lincoln Rd,Yuba City,Sutter,CA,95991-6554,US,US/Pacific,KMYV,2016-06-29 09:53:00,82.9,,39.0,29.91,10.0,SSW,5.8,,Clear,False,False,True,False,False,False,False,False,False,True,False,False,False,Day,Day,Day,Day
A-1637,Source2,2,2016-06-29 10:04:38,2016-06-29 10:34:38,38.334099,-122.712715,,,0.0,Accident on US-101 Northbound at Gravenstein Hwy.,US-101 N,Cotati,Sonoma,CA,94931,US,US/Pacific,KO69,2016-06-29 09:55:00,62.6,,68.0,29.99,8.0,WNW,4.6,,Clear,False,False,False,False,False,False,False,False,False,False,False,False,False,Day,Day,Day,Day
A-1638,Source2,3,2016-06-29 10:07:57,2016-06-29 10:37:57,37.630173,-122.43483700000002,,,0.0,Accident on I-280 Southbound at San Bruno Ave.,I-280 S,San Bruno,San Mateo,CA,94066,US,US/Pacific,KSFO,2016-06-29 09:56:00,57.9,,72.0,30.01,10.0,WNW,15.0,,Mostly Cloudy,False,False,False,False,False,False,False,False,False,False,False,False,False,Day,Day,Day,Day
A-1639,Source2,3,2016-06-29 10:06:00,2016-06-29 10:36:00,37.741734,-121.574196,,,0.0,Multi-vehicle accident on I-205 Eastbound at Exit 65.,I-580 E,Tracy,Alameda,CA,95377,US,US/Pacific,KLVK,2016-06-29 09:53:00,69.1,,54.0,29.95,10.0,WNW,8.1,,Clear,False,False,False,False,False,False,False,False,False,False,False,False,False,Day,Day,Day,Day
A-1640,Source2,2,2016-06-29 10:13:18,2016-06-29 10:43:18,37.06649,-121.219147,,,0.0,Accident on CA-152 Pacheco Pass Hwy Westbound at Dinosaur Point Rd.,Pacheco Pass Hwy,Hollister,Santa Clara,CA,95023,US,US/Pacific,KCVH,2016-06-29 10:10:00,71.6,,57.0,29.99,7.0,Calm,,,Clear,False,False,False,False,False,False,False,False,False,True,False,False,False,Day,Day,Day,Day
A-1641,Source2,3,2016-06-29 10:43:13,2016-06-29 11:13:13,38.222748,-122.12883,,,0.0,Right hand shoulder blocked due to accident on I-80 Eastbound near I-80 Exit 41 / Suisun Valley Rd.,Suisun Valley Rd,Fairfield,Solano,CA,94534,US,US/Pacific,KAPC,2016-06-29 10:51:00,62.6,,72.0,29.98,10.0,SW,8.1,,Partly Cloudy,False,False,False,False,False,False,False,False,False,False,False,False,False,Day,Day,Day,Day
A-1642,Source2,3,2016-06-29 10:42:02,2016-06-29 11:12:02,38.242306,-122.08654,,,0.0,Right hand shoulder blocked due to accident on I-80 Westbound after Exits 43 44A / Abernathy Rd.,Abernathy Rd,Fairfield,Solano,CA,94534,US,US/Pacific,KAPC,2016-06-29 10:51:00,62.6,,72.0,29.98,10.0,SW,8.1,,Partly Cloudy,False,False,False,False,False,False,False,False,False,False,False,False,False,Day,Day,Day,Day
A-1643,Source2,3,2016-06-29 10:35:13,2016-06-29 11:05:13,38.249687,-122.07,,,0.0,Slow lane blocked due to accident on I-80 Westbound at Exits 44 44B / Texas St.,I-80 W,Fairfield,Solano,CA,94533,US,US/Pacific,KSUU,2016-06-29 10:58:00,73.6,,47.0,29.91,10.0,SW,20.7,,Clear,False,False,False,False,False,False,False,False,False,False,False,False,False,Day,Day,Day,Day
A-1644,Source2,2,2016-06-29 10:41:13,2016-06-29 11:11:13,37.335892,-121.848213,,,0.0,Right hand shoulder blocked due to accident on US-101 Northbound at Exits 384 385 / Story Rd.,US-101 N,San Jose,Santa Clara,CA,95122,US,US/Pacific,KRHV,2016-06-29 10:59:00,73.4,,38.0,30.01,10.0,NW,9.2,,Clear,False,False,False,False,False,False,False,False,False,False,False,False,False,Day,Day,Day,Day
A-1645,Source2,2,2016-06-29 10:25:37,2016-06-29 10:55:37,37.06649,-121.219147,,,0.0,Accident on CA-152 Pacheco Pass Hwy Westbound at Dinosaur Point Rd.,Pacheco Pass Hwy,Hollister,Santa Clara,CA,95023,US,US/Pacific,KCVH,2016-06-29 10:30:00,73.4,,53.0,29.98,8.0,NW,4.6,,Clear,False,False,False,False,False,False,False,False,False,True,False,False,False,Day,Day,Day,Day
A-1646,Source2,2,2016-06-29 10:32:06,2016-06-29 11:17:06,37.054756,-120.726021,,,0.0,Accident on CA-33 State Highway 152 Eastbound at Deepwell Rd.,Deepwell Rd,Dos Palos,Merced,CA,93620,US,US/Pacific,KMCE,2016-06-29 10:53:00,91.0,,23.0,29.89,10.0,NW,8.1,,Clear,False,False,False,False,False,False,False,False,False,False,False,False,False,Day,Day,Day,Day
A-1647,Source2,2,2016-06-29 10:49:36,2016-06-29 11:19:36,38.079857,-122.546234,,,0.0,Right hand shoulder blocked due to accident on US-101 Redwood Hwy Southbound at CA-37.,CA-37 W,Novato,Marin,CA,94947,US,US/Pacific,KDVO,2016-06-29 10:55:00,66.2,,64.0,29.98,,ESE,6.9,,Clear,False,False,False,False,True,False,False,False,False,False,False,False,False,Day,Day,Day,Day
A-1648,Source2,3,2016-06-29 10:47:51,2016-06-29 11:33:44,37.66637,-122.107491,,,0.0,Right hand shoulder blocked due to accident on I-880 Southbound at Exit 29 / A St.,I-880 N,Hayward,Alameda,CA,94541,US,US/Pacific,KHWD,2016-06-29 10:54:00,60.1,,67.0,30.04,10.0,West,11.5,0.0,Mostly Cloudy,False,False,True,False,False,False,False,False,False,False,False,True,False,Day,Day,Day,Day
A-1649,Source2,2,2016-06-29 11:17:14,2016-06-29 11:47:14,37.617031,-122.154434,,,0.0,Accident on CA-92 Westbound at San Mateo-Hayward Bridge Toll Plaza.,CA-92 E,Hayward,Alameda,CA,94545,US,US/Pacific,KHWD,2016-06-29 11:27:00,63.0,,63.0,30.01,10.0,WNW,13.8,,Scattered Clouds,False,False,False,False,False,False,False,False,False,False,False,False,False,Day,Day,Day,Day
A-1650,Source2,2,2016-06-29 11:09:27,2016-06-29 12:09:27,38.560539,-121.464165,,,0.0,Accident on I-80 Bus Capital City Fwy Eastbound at Exits 6A 6B 6C 298B US-50.,US-50 E,Sacramento,Sacramento,CA,95816,US,US/Pacific,KSAC,2016-06-29 10:53:00,78.1,,43.0,29.91,10.0,SSW,5.8,,Clear,False,False,False,False,False,False,False,False,False,False,False,False,False,Day,Day,Day,Day
A-1651,Source2,2,2016-06-29 11:11:36,2016-06-29 11:41:36,38.574242,-121.415268,,,0.0,Heavy traffic due to accident on Howe Ave at Fair Oaks Blvd.,Howe Ave,Sacramento,Sacramento,CA,95825,US,US/Pacific,KMCC,2016-06-29 11:15:00,84.2,,30.0,29.91,6.0,South,3.5,,Haze,False,False,False,False,False,False,False,False,False,False,False,True,False,Day,Day,Day,Day
A-1652,Source2,3,2016-06-29 11:19:44,2016-06-29 12:05:18,38.100746,-122.229858,,,0.0,Slow lane blocked due to accident on I-80 Westbound after Georgia St.,Georgia St,Vallejo,Solano,CA,94590,US,US/Pacific,KAPC,2016-06-29 10:54:00,64.0,,67.0,29.96,10.0,SSW,11.5,,Partly Cloudy,False,False,False,False,False,False,False,False,False,False,False,False,False,Day,Day,Day,Day
A-1653,Source2,3,2016-06-29 11:42:14,2016-06-29 12:12:14,37.33255,-122.055733,,,0.0,Accident on I-280 Northbound before CA-85. On the median.,Norman Y Mineta Hwy,Cupertino,Santa Clara,CA,95014,US,US/Pacific,KNUQ,2016-06-29 11:56:00,66.0,,63.0,30.02,10.0,NNW,10.4,,Clear,False,False,False,False,False,False,False,False,False,False,False,False,False,Day,Day,Day,Day
A-1654,Source2,2,2016-06-29 11:28:44,2016-06-29 11:58:44,37.349777,-121.861732,,,0.0,Right hand shoulder blocked due to accident on US-101 Northbound after Alum Rock Ave.,Alum Rock Ave,San Jose,Santa Clara,CA,95116,US,US/Pacific,KRHV,2016-06-29 11:50:00,73.4,,50.0,30.01,10.0,WNW,9.2,,Clear,False,False,False,False,False,False,False,False,False,False,False,False,False,Day,Day,Day,Day
A-1655,Source2,3,2016-06-29 12:04:57,2016-06-29 12:34:57,37.276817,-122.007233,,,0.0,Accident on CA-85 Northbound from Winchester Blvd to Saratoga Ave. On the median.,Norman Y Mineta Hwy,Saratoga,Santa Clara,CA,95070,US,US/Pacific,KSJC,2016-06-29 11:53:00,69.1,,58.0,29.99,10.0,NW,8.1,,Clear,False,False,False,False,False,False,False,False,False,False,False,False,False,Day,Day,Day,Day
A-1656,Source2,2,2016-06-29 12:15:29,2016-06-29 12:45:29,37.381866,-121.963829,,,0.0,Right hand shoulder blocked due to accident on US-101 Northbound before Montague Expy.,Bayshore Fwy S,Santa Clara,Santa Clara,CA,95054,US,US/Pacific,KSJC,2016-06-29 11:53:00,69.1,,58.0,29.99,10.0,NW,8.1,,Clear,False,False,False,False,False,False,False,False,False,False,False,False,False,Day,Day,Day,Day
A-1657,Source2,2,2016-06-29 11:51:06,2016-06-29 12:43:25,37.420315,-121.939934,,,0.0,Right hand shoulder blocked due to accident on CA-237 Westbound from I-880 to Holger Way.,CA-237 W,San Jose,Santa Clara,CA,95134,US,US/Pacific,KSJC,2016-06-29 11:53:00,69.1,,58.0,29.99,10.0,NW,8.1,,Clear,False,False,False,False,False,False,False,False,False,False,False,False,False,Day,Day,Day,Day
A-1658,Source2,2,2016-06-29 12:39:20,2016-06-29 13:09:20,39.387703,-123.347298,,,0.0,Accident on Muir Mill Rd both ways at Elm Ln.,Muir Mill Rd,Willits,Mendocino,CA,95490-9601,US,US/Pacific,KUKI,2016-06-29 12:56:00,93.0,,26.0,29.88,10.0,East,5.8,,Clear,False,False,False,False,False,False,False,False,False,False,False,False,False,Day,Day,Day,Day
A-1659,Source2,2,2016-06-29 12:25:49,2016-06-29 13:11:09,37.334911,-122.033028,,,0.0,Accident on I-280 Westbound at De Anza Blvd.,Junipero Serra Fwy N,Cupertino,Santa Clara,CA,95014,US,US/Pacific,KNUQ,2016-06-29 11:56:00,66.0,,63.0,30.02,10.0,NNW,10.4,,Clear,False,False,False,False,False,False,False,False,False,False,False,False,False,Day,Day,Day,Day
A-1660,Source2,3,2016-06-29 12:39:01,2016-06-29 13:09:01,37.454247,-121.923073,,,0.0,#1 lane blocked due to accident on I-880 Northbound before Dixon Landing Rd.,Dixon Landing Rd,Milpitas,Santa Clara,CA,95035,US,US/Pacific,KSJC,2016-06-29 12:53:00,71.1,,57.0,29.98,10.0,WNW,9.2,,Clear,False,False,False,False,False,False,False,False,False,False,False,False,False,Day,Day,Day,Day
A-1661,Source2,2,2016-06-29 12:44:26,2016-06-29 13:14:26,38.12566,-121.579445,,,0.0,Accident on CA-12 at Mokelumne River.,State Route 12,Lodi,San Joaquin,CA,95242,US,US/Pacific,KSCK,2016-06-29 12:55:00,91.0,,28.0,29.89,10.0,NW,11.5,,Clear,False,False,False,False,False,False,False,False,False,False,False,False,False,Day,Day,Day,Day
A-1662,Source2,2,2016-06-29 12:48:36,2016-06-29 13:33:36,37.46876500000001,-122.155205,,,0.0,#1 lane blocked due to accident on US-101 Southbound before Willow Rd.,Bayshore Fwy S,Menlo Park,San Mateo,CA,94025,US,US/Pacific,KPAO,2016-06-29 12:47:00,66.2,,73.0,29.99,10.0,North,16.1,,Clear,False,False,False,False,False,False,False,False,False,False,False,False,False,Day,Day,Day,Day
A-1663,Source2,2,2016-06-29 12:57:48,2016-06-29 13:42:48,37.255516,-121.955734,,,0.0,Lane blocked due to accident on CA-85 Northbound after CA-17.,CA-85 S,Los Gatos,Santa Clara,CA,95032,US,US/Pacific,KSJC,2016-06-29 12:53:00,71.1,,57.0,29.98,10.0,WNW,9.2,,Clear,False,False,False,False,False,False,False,False,False,False,False,False,False,Day,Day,Day,Day
A-1664,Source2,2,2016-06-29 12:55:24,2016-06-29 13:41:03,38.574345,-121.383034,,,0.0,Accident on Fair Oaks Blvd both ways at Watt Ave.,Watt Ave,Sacramento,Sacramento,CA,95864,US,US/Pacific,KMHR,2016-06-29 12:47:00,89.6,,26.0,29.89,10.0,South,6.9,,Clear,True,False,True,False,False,False,False,False,False,False,False,False,False,Day,Day,Day,Day
A-1665,Source2,2,2016-06-29 13:00:40,2016-06-29 13:30:40,37.33255,-122.055733,,,0.0,Accident on CA-85 Northbound before I-280. On the median.,Norman Y Mineta Hwy,Cupertino,Santa Clara,CA,95014,US,US/Pacific,KNUQ,2016-06-29 12:56:00,68.0,,61.0,30.01,10.0,NNW,11.5,,Clear,False,False,False,False,False,False,False,False,False,False,False,False,False,Day,Day,Day,Day
A-1666,Source2,2,2016-06-29 13:21:28,2016-06-29 13:51:28,38.573273,-121.46711,,,0.0,Accident on H St at 30th St.,J St,Sacramento,Sacramento,CA,95816,US,US/Pacific,KSAC,2016-06-29 12:53:00,88.0,,30.0,29.89,10.0,SW,8.1,,Clear,True,False,False,False,False,False,False,False,False,False,False,False,False,Day,Day,Day,Day
A-1667,Source2,2,2016-06-29 13:22:25,2016-06-29 13:52:25,38.751984,-121.152824,,,0.0,Accident on Hidden Lakes Dr near Haley Dr.,E Hidden Lakes Dr,Granite Bay,Placer,CA,95746-6940,US,US/Pacific,KMCC,2016-06-29 13:15:00,91.4,,24.0,29.89,8.0,South,6.9,,Clear,False,False,False,False,False,False,False,False,False,False,False,False,False,Day,Day,Day,Day
A-1668,Source2,2,2016-06-29 13:19:59,2016-06-29 13:49:59,38.721165,-120.787552,,,0.0,Right hand shoulder blocked due to accident on Cedar Ravine Rd at Candelero Ct.,Cedar Ravine Rd,Placerville,El Dorado,CA,95667,US,US/Pacific,KPVF,2016-06-29 13:15:00,91.4,,17.0,30.04,10.0,SW,8.1,,Clear,False,False,False,False,False,False,False,False,False,False,False,False,False,Day,Day,Day,Day
A-1669,Source2,3,2016-06-29 13:37:41,2016-06-29 14:07:41,37.825237,-122.305832,,,0.0,Right lane blocked and delays due to accident on I-80 Westbound at Exits 8A 8B / I-880 / Grand Ave.,I-80 W,Oakland,Alameda,CA,94607,US,US/Pacific,KOAK,2016-06-29 13:53:00,63.0,,63.0,30.0,10.0,West,12.7,,Scattered Clouds,False,False,False,False,True,False,False,False,False,False,False,False,False,Day,Day,Day,Day
A-1670,Source2,2,2016-06-29 13:29:48,2016-06-29 14:14:48,37.381866,-121.963829,,,0.0,Shoulder blocked due to accident on US-101 Northbound at County Hwy-G4 Montague Expy.,Bayshore Fwy S,Santa Clara,Santa Clara,CA,95054,US,US/Pacific,KSJC,2016-06-29 13:53:00,72.0,,55.0,29.97,10.0,WNW,12.7,,Clear,False,False,False,False,False,False,False,False,False,False,False,False,False,Day,Day,Day,Day
A-1671,Source2,3,2016-06-29 13:26:13,2016-06-29 14:11:13,38.558128,-121.47396100000002,,,0.0,#1 lane blocked due to accident on I-80 Bus Capital City Fwy Eastbound at Exits 6A 6B 6C 298B US-50.,I-80 Bus E,Sacramento,Sacramento,CA,95817,US,US/Pacific,KSAC,2016-06-29 13:53:00,93.9,,25.0,29.87,10.0,SW,9.2,,Clear,False,False,False,False,False,False,False,False,False,False,False,False,False,Day,Day,Day,Day
A-1672,Source2,2,2016-06-29 13:30:24,2016-06-29 14:16:20,39.098282,-121.149323,,,0.0,Accident on Lime Kiln Rd at Doolittle Rd.,Lime Kiln Rd,Grass Valley,Nevada,CA,95949-8502,US,US/Pacific,KGOO,2016-06-29 13:25:00,89.6,,20.0,30.07,10.0,SW,3.5,,Clear,False,False,False,False,False,False,False,False,False,False,False,False,False,Day,Day,Day,Day
A-1673,Source2,2,2016-06-29 13:51:39,2016-06-29 14:21:39,37.68367,-121.053009,,,0.0,Accident on CA-99 Northbound at Exit 230 Standiford Ave.,Standiford Ave,Modesto,Stanislaus,CA,95356,US,US/Pacific,KMOD,2016-06-29 13:53:00,96.1,,22.0,29.86,10.0,NNW,9.2,,Clear,False,False,False,False,False,False,False,False,False,False,False,False,False,Day,Day,Day,Day
A-1674,Source2,2,2016-06-29 13:58:28,2016-06-29 14:28:28,38.493031,-122.892868,,,0.0,Heavy traffic due to accident on River Rd at Mirabel Ave.,Mirabel Ave,Forestville,Sonoma,CA,95436-9938,US,US/Pacific,KSTS,2016-06-29 13:53:00,81.0,,39.0,29.9,10.0,South,10.4,,Clear,False,False,False,False,False,False,False,False,False,False,False,False,False,Day,Day,Day,Day
A-1675,Source2,2,2016-06-29 13:56:15,2016-06-29 14:41:15,38.021137,-122.539078,,,0.0,Right lane blocked due to accident on US-101 Southbound at Lucas Valley Rd.,US-101 N,San Rafael,Marin,CA,94903,US,US/Pacific,KDVO,2016-06-29 13:55:00,73.4,,53.0,29.95,,ESE,4.6,,Clear,False,False,False,False,False,False,False,False,False,False,False,False,False,Day,Day,Day,Day
A-1676,Source2,3,2016-06-29 14:02:25,2016-06-29 14:47:25,37.785542,-122.39138,,,0.0,Slow lane blocked due to accident on I-80 Eastbound at Harrison St.,James Lick Fwy N,San Francisco,San Francisco,CA,94105,US,US/Pacific,KOAK,2016-06-29 13:53:00,63.0,,63.0,30.0,10.0,West,12.7,,Scattered Clouds,False,False,False,False,True,False,False,False,False,False,False,False,False,Day,Day,Day,Day
A-1677,Source2,2,2016-06-29 13:57:22,2016-06-29 14:27:22,39.0355,-121.095848,,,0.0,Accident on CA-49 at Streeter Rd.,Macy Pl,Auburn,Nevada,CA,95602,US,US/Pacific,KAUN,2016-06-29 13:55:00,93.2,,21.0,29.97,10.0,SSW,3.5,,Clear,False,False,False,False,False,False,False,False,False,True,False,False,False,Day,Day,Day,Day
A-1678,Source2,2,2016-06-29 13:58:07,2016-06-29 14:28:07,37.70002,-121.071472,,,0.0,Accident on CA-99 Northbound at Pelandale Ave.,CA-99 S,Salida,Stanislaus,CA,95368,US,US/Pacific,KMOD,2016-06-29 13:53:00,96.1,,22.0,29.86,10.0,NNW,9.2,,Clear,False,False,False,False,False,False,False,False,False,False,False,False,False,Day,Day,Day,Day
A-1679,Source2,2,2016-06-29 14:18:35,2016-06-29 14:48:35,39.089485,-122.79528,,,0.0,Lane blocked due to accident on 10th St at CA-20.,E Highway 20,Lucerne,Lake,CA,95458-7800,US,US/Pacific,KUKI,2016-06-29 13:56:00,97.0,,24.0,29.86,10.0,NNW,9.2,,Clear,False,False,False,False,False,False,False,False,False,False,False,False,False,Day,Day,Day,Day
A-1680,Source2,2,2016-06-29 14:16:36,2016-06-29 15:16:36,38.695545,-122.444901,,,0.0,Accident on Butts Canyon Rd at Snell Valley Rd.,Butts Canyon Rd,Pope Valley,Napa,CA,94567,US,US/Pacific,KSTS,2016-06-29 13:53:00,81.0,,39.0,29.9,10.0,South,10.4,,Clear,False,False,False,False,False,False,False,False,False,False,False,False,False,Day,Day,Day,Day
A-1681,Source2,2,2016-06-29 14:10:15,2016-06-29 14:40:15,38.52491,-121.471764,,,0.0,Accident on County Hwy-J8 Franklin Blvd at Fruitridge Rd.,Franklin Blvd,Sacramento,Sacramento,CA,95824,US,US/Pacific,KSAC,2016-06-29 13:53:00,93.9,,25.0,29.87,10.0,SW,9.2,,Clear,False,False,True,False,False,False,False,False,False,False,False,False,False,Day,Day,Day,Day
A-1682,Source2,2,2016-06-29 14:17:23,2016-06-29 14:47:23,38.610733,-121.405228,,,0.0,Right hand shoulder blocked due to accident on El Camino Ave at Gwen Dr.,El Camino Ave,Sacramento,Sacramento,CA,95821-5703,US,US/Pacific,KMCC,2016-06-29 14:15:00,93.2,,23.0,29.87,8.0,South,3.5,,Clear,False,False,False,False,False,False,False,False,False,False,False,False,False,Day,Day,Day,Day
A-1683,Source2,2,2016-06-29 14:34:36,2016-06-29 15:19:36,38.51762,-122.720604,,,0.0,Accident on Mark West Springs Rd at Loraine Michele Way.,Mark West Springs Rd,Santa Rosa,Sonoma,CA,95404-9601,US,US/Pacific,KSTS,2016-06-29 14:53:00,84.0,,34.0,29.88,10.0,South,12.7,,Clear,False,False,False,False,False,False,False,False,False,False,False,False,False,Day,Day,Day,Day
A-1684,Source2,2,2016-06-29 14:36:21,2016-06-29 15:21:21,37.867458,-122.198204,,,0.0,Accident on CA-24 Eastbound at Wilder Rd.,Wilder Rd,Orinda,Contra Costa,CA,94563,US,US/Pacific,KCCR,2016-06-29 14:53:00,90.0,,23.0,29.86,10.0,South,12.7,,Clear,False,False,False,False,False,False,False,False,False,False,False,False,False,Day,Day,Day,Day
A-1685,Source2,2,2016-06-29 14:26:12,2016-06-29 15:11:48,38.704155,-121.382774,,,0.0,Accident on U St at Watt Ave.,Watt Ave,North Highlands,Sacramento,CA,95660-2609,US,US/Pacific,KMCC,2016-06-29 14:35:00,95.0,,22.0,29.86,8.0,SSW,8.1,,Clear,False,False,False,False,False,False,False,False,False,False,False,True,False,Day,Day,Day,Day
A-1686,Source2,2,2016-06-29 14:44:14,2016-06-29 15:29:14,37.131519,-121.633308,,,0.0,Accident on US-101 at Exit 366 / Dunne Ave.,S Valley Fwy N,Morgan Hill,Santa Clara,CA,95037,US,US/Pacific,KE16,2016-06-29 14:55:00,91.4,,28.0,29.94,10.0,NNW,15.0,,,False,False,False,False,False,False,False,False,False,False,False,False,False,Day,Day,Day,Day
A-1687,Source2,3,2016-06-29 14:54:31,2016-06-29 15:24:31,37.79982,-122.27843500000002,,,0.0,Right lane blocked due to accident on I-880 Northbound at I-980.,I-880 S,Oakland,Alameda,CA,94607,US,US/Pacific,KOAK,2016-06-29 14:53:00,63.0,,63.0,29.99,10.0,West,13.8,,Partly Cloudy,False,False,True,False,False,False,False,False,False,False,False,True,False,Day,Day,Day,Day
A-1688,Source2,2,2016-06-29 14:56:35,2016-06-29 15:41:35,37.488846,-122.212852,,,0.0,Right lane blocked due to accident on US-101 Northbound at Woodside Rd.,Woodside Rd,Redwood City,San Mateo,CA,94063,US,US/Pacific,KSQL,2016-06-29 14:53:00,69.8,,49.0,29.98,10.0,West,12.7,,Partly Cloudy,False,False,False,False,False,False,False,False,False,False,False,False,False,Day,Day,Day,Day
A-1689,Source2,2,2016-06-29 15:00:20,2016-06-29 16:00:20,38.474407,-121.419067,,,0.0,Accident on Stockton Blvd at Mack Rd.,Stockton Blvd,Sacramento,Sacramento,CA,95823,US,US/Pacific,KSAC,2016-06-29 14:53:00,93.0,,27.0,29.86,10.0,West,6.9,,Clear,False,False,False,False,False,False,False,False,False,False,False,False,False,Day,Day,Day,Day
A-1690,Source2,2,2016-06-29 14:56:42,2016-06-29 15:26:42,37.99205,-121.252777,,,0.0,Accident on CA-99 Northbound at Exit 256 Cherokee Rd.,Cherokee Rd,Stockton,San Joaquin,CA,95205,US,US/Pacific,KSCK,2016-06-29 14:55:00,96.1,,25.0,29.86,10.0,WNW,9.2,,Clear,False,False,False,False,True,False,False,False,False,False,False,False,False,Day,Day,Day,Day
A-1691,Source2,2,2016-06-29 15:09:46,2016-06-29 16:09:46,37.885845,-121.280472,,,0.0,Accident on Hospital Rd at Manthey Rd.,S Manthey Rd,French Camp,San Joaquin,CA,95231,US,US/Pacific,KSCK,2016-06-29 14:55:00,96.1,,25.0,29.86,10.0,WNW,9.2,,Clear,False,False,False,False,False,False,False,False,False,False,False,False,False,Day,Day,Day,Day
A-1692,Source2,2,2016-06-29 15:27:35,2016-06-29 16:27:35,38.628674,-121.382973,,,0.0,Accident on Watt Ave at Whitney Ave.,Whitney Ave,Sacramento,Sacramento,CA,95821-2520,US,US/Pacific,KMCC,2016-06-29 15:35:00,98.6,,17.0,29.84,10.0,SW,8.1,,Clear,False,False,False,False,False,False,False,False,False,False,False,False,False,Day,Day,Day,Day
A-1693,Source2,2,2016-06-29 15:35:11,2016-06-29 16:35:11,38.697929,-121.382622,,,0.0,Accident on Watt Ave Northbound at Bainbridge Dr.,Bainbridge Dr,North Highlands,Sacramento,CA,95660,US,US/Pacific,KMCC,2016-06-29 15:35:00,98.6,,17.0,29.84,10.0,SW,8.1,,Clear,False,False,False,False,False,False,False,False,False,False,False,True,False,Day,Day,Day,Day
A-1694,Source2,2,2016-06-29 16:04:43,2016-06-29 17:04:43,38.703869,-121.363655,,,0.0,Accident on Antelope Rd at Walerga Rd.,Antelope Rd,Antelope,Sacramento,CA,95843-6022,US,US/Pacific,KMCC,2016-06-29 15:55:00,98.6,,18.0,29.84,9.0,SW,4.6,,Clear,False,False,True,False,False,False,False,False,False,False,False,True,False,Day,Day,Day,Day
A-1695,Source2,2,2016-06-29 15:53:20,2016-06-29 16:53:20,38.984821,-121.284111,,,0.0,Accident on McCourtney Rd at Riosa Rd.,McCourtney Rd,Lincoln,Placer,CA,95648-9775,US,US/Pacific,KLHM,2016-06-29 15:55:00,100.4,,14.0,29.82,10.0,SW,8.1,,Clear,False,False,False,False,False,False,False,False,False,True,False,False,False,Day,Day,Day,Day
A-1696,Source2,2,2016-06-29 16:40:30,2016-06-29 17:40:30,38.683975,-121.466148,,,0.0,Accident on County Hwy-E14 Elkhorn Blvd Westbound at 2nd St.,W Elkhorn Blvd,Rio Linda,Sacramento,CA,95673-3105,US,US/Pacific,KMCC,2016-06-29 16:35:00,98.6,,19.0,29.83,9.0,WSW,9.2,,Clear,False,False,False,False,False,False,False,False,False,False,False,False,False,Day,Day,Day,Day
A-1697,Source2,2,2016-06-29 16:57:37,2016-06-29 17:57:37,38.639969,-121.27198,,,0.0,Queueing traffic due to accident on County Hwy-E2 Sunrise Blvd Northbound at Fair Oaks Blvd.,Fair Oaks Blvd,Fair Oaks,Sacramento,CA,95628-7415,US,US/Pacific,KMHR,2016-06-29 16:45:00,96.8,,23.0,29.82,10.0,WSW,10.4,,Clear,False,False,True,False,False,False,False,False,False,False,False,True,False,Day,Day,Day,Day
A-1698,Source2,2,2016-06-29 17:20:02,2016-06-29 18:20:02,39.195827,-121.05503799999998,,,0.0,Accident on La Barr Meadows Rd at Grange Ct.,La Barr Meadows Rd,Grass Valley,Nevada,CA,95949-7730,US,US/Pacific,KGOO,2016-06-29 17:25:00,91.4,,12.0,30.03,10.0,West,4.6,,Clear,False,False,False,False,False,False,False,False,False,False,False,False,False,Day,Day,Day,Day
A-1699,Source2,3,2016-06-29 18:04:18,2016-06-29 19:04:18,38.56369,-121.636627,,,0.0,Right hand shoulder blocked due to accident on I-80 Eastbound at Exit 78 Chiles Rd.,I-80 E,Davis,Yolo,CA,95618,US,US/Pacific,KEDU,2016-06-29 17:55:00,91.4,,31.0,29.81,10.0,South,8.1,,Clear,False,False,False,False,False,False,False,False,False,False,False,False,False,Day,Day,Day,Day
A-1700,Source2,3,2016-06-29 18:03:45,2016-06-29 19:03:45,38.563271,-121.514771,,,0.0,Accident on I-5 Southbound at Exits 518 519A CA-99 CA-16.,I-5 S,Sacramento,Sacramento,CA,95818,US,US/Pacific,KSAC,2016-06-29 17:53:00,91.0,,30.0,29.81,10.0,SSW,8.1,,Clear,False,False,False,False,False,False,False,False,False,False,False,False,False,Day,Day,Day,Day
A-1701,Source2,3,2016-06-29 18:05:05,2016-06-29 19:35:05,38.560204,-121.47973600000002,,,0.0,Queueing traffic due to accident on I-80 Bus Capital City Fwy Westbound at Exits 6A 6B 6C 298B US-50.,El Dorado Fwy W,Sacramento,Sacramento,CA,95818,US,US/Pacific,KSAC,2016-06-29 17:53:00,91.0,,30.0,29.81,10.0,SSW,8.1,,Clear,False,False,False,False,False,False,False,False,False,False,False,False,False,Day,Day,Day,Day
A-1702,Source2,2,2016-06-29 18:12:08,2016-06-29 19:12:08,38.15976,-120.849487,,,0.0,Accident on Gee Ln at Berkesey Ln.,Gee Ln,Valley Springs,Calaveras,CA,95252-9686,US,US/Pacific,KO22,2016-06-29 18:15:00,96.8,,9.0,29.93,10.0,West,6.9,,Clear,False,False,False,False,False,False,False,False,False,False,False,False,False,Day,Day,Day,Day
A-1703,Source2,2,2016-06-29 18:20:03,2016-06-29 19:20:03,38.660831,-121.337288,,,0.0,Queueing traffic due to accident on Garfield Ave at Madison Ave.,Madison Ave,Sacramento,Sacramento,CA,95841-3111,US,US/Pacific,KMCC,2016-06-29 18:15:00,95.0,,22.0,29.81,9.0,SSW,11.5,,Clear,False,False,False,False,False,False,False,False,False,False,False,False,False,Day,Day,Day,Day
A-1704,Source2,2,2016-06-29 19:01:47,2016-06-29 20:01:47,38.560707,-121.463318,,,0.0,Accident on US-50 Westbound at Exit 7 / Stockton Blvd / 35th St.,Stockton Blvd,Sacramento,Sacramento,CA,95816-6646,US,US/Pacific,KSAC,2016-06-29 18:53:00,84.9,,36.0,29.81,10.0,SSW,8.1,,Clear,False,False,False,False,False,False,False,False,False,False,False,False,False,Day,Day,Day,Day
A-1705,Source2,3,2016-06-29 19:03:07,2016-06-29 20:18:07,38.021278,-121.359024,,,0.0,Accident on I-5 Northbound at Exit 478 Hammer Ln.,I-5 S,Stockton,San Joaquin,CA,95219,US,US/Pacific,KSCK,2016-06-29 18:55:00,89.1,,27.0,29.83,10.0,West,15.0,,Clear,False,False,False,False,False,False,False,False,False,False,False,False,False,Day,Day,Day,Day
A-1706,Source2,3,2016-06-29 19:16:11,2016-06-29 19:46:11,37.818672,-122.352173,,,0.0,Accident on I-80 Westbound at Exit 4 Hillcrest Rd.,I-80 W,San Francisco,San Francisco,CA,94130,US,US/Pacific,KOAK,2016-06-29 18:53:00,59.0,,72.0,29.96,10.0,West,15.0,,Overcast,False,False,False,False,False,False,False,False,False,False,False,False,False,Day,Day,Day,Day
A-1707,Source2,3,2016-06-29 19:40:59,2016-06-29 20:10:59,37.910786,-122.31713899999998,,,0.0,Accident on I-80 Eastbound at Exit 14B Carlson Blvd.,I-80 E,Richmond,Contra Costa,CA,94804,US,US/Pacific,KCCR,2016-06-29 19:53:00,66.0,,54.0,29.85,10.0,SSW,18.4,,Clear,False,False,True,False,False,False,False,False,False,False,False,True,False,Day,Day,Day,Day
A-1708,Source2,3,2016-06-29 19:39:17,2016-06-29 20:09:17,38.119499,-122.106255,,,0.0,Accident on I-680 Southbound at Exit 63 Parish Rd.,I-680 S,Benicia,Solano,CA,94510,US,US/Pacific,KCCR,2016-06-29 19:53:00,66.0,,54.0,29.85,10.0,SSW,18.4,,Clear,False,False,False,False,True,False,False,False,False,False,False,False,False,Day,Day,Day,Day
A-1709,Source2,3,2016-06-29 19:52:10,2016-06-29 21:07:10,38.64109000000001,-121.451973,,,0.0,Queueing traffic due to accident on I-80 Eastbound at Exit 90 Norwood Ave.,I-80 E,Sacramento,Sacramento,CA,95838,US,US/Pacific,KMCC,2016-06-29 19:55:00,86.0,,33.0,29.82,9.0,SSW,11.5,,Clear,False,False,False,False,False,False,False,False,False,False,False,False,False,Day,Day,Day,Day
A-1710,Source2,3,2016-06-29 20:03:11,2016-06-29 20:33:11,37.717571,-121.701279,,,0.0,Accident on I-580 Eastbound at Exit 57 Greenville Rd.,I-580 E,Livermore,Alameda,CA,94551,US,US/Pacific,KLVK,2016-06-29 19:53:00,64.0,,60.0,29.9,10.0,WNW,11.5,,Clear,False,False,False,False,False,False,False,False,False,False,False,False,False,Day,Day,Day,Day
A-1711,Source2,3,2016-06-29 20:41:12,2016-06-29 21:56:12,38.563847,-121.636665,,,0.0,Accident on I-80 Westbound in Davis.,I-80 W,Davis,Yolo,CA,95618,US,US/Pacific,KEDU,2016-06-29 20:35:00,73.4,,50.0,29.82,10.0,South,8.1,,Clear,False,False,False,False,False,False,False,False,False,False,False,False,False,Night,Day,Day,Day
A-1712,Source2,3,2016-06-29 20:42:03,2016-06-29 21:57:03,38.57350200000001,-121.582741,,,0.0,Accident on I-80 Westbound at Exits 81 82 / I-80 Bus Capital City Fwy / Enterprise Blvd.,I-80 W,Davis,Yolo,CA,95618,US,US/Pacific,KEDU,2016-06-29 20:35:00,73.4,,50.0,29.82,10.0,South,8.1,,Clear,False,False,False,False,False,False,False,False,False,False,False,False,False,Night,Day,Day,Day
A-1713,Source2,2,2016-06-29 20:40:35,2016-06-29 21:10:35,38.663918,-121.225723,,,0.0,Accident on County Hwy-E3 Hazel Ave Eastbound at Madison Ave.,Hazel Ave,Fair Oaks,Sacramento,CA,95628,US,US/Pacific,KMHR,2016-06-29 20:45:00,77.0,,47.0,29.82,10.0,SSW,5.8,,Clear,False,False,False,False,False,False,False,False,False,False,False,False,False,Night,Day,Day,Day
A-1714,Source2,3,2016-06-29 21:04:05,2016-06-29 21:34:05,37.500351,-121.928413,,,0.0,Accident on I-680 Westbound at Exit 12 CA-262 Mission Blvd.,I-680 N,Fremont,Alameda,CA,94539,US,US/Pacific,KNUQ,2016-06-29 20:56:00,59.0,,81.0,29.96,10.0,North,10.4,,Clear,False,False,False,False,False,False,False,False,False,False,False,False,False,Night,Night,Day,Day
A-1715,Source2,3,2016-06-29 21:01:34,2016-06-29 22:01:34,38.721943,-121.293678,,,0.0,Accident on I-80 Westbound at Exit 102 / Cirby Way / Riverside Ave.,I-80 W,Roseville,Placer,CA,95661,US,US/Pacific,KMCC,2016-06-29 20:55:00,78.8,,39.0,29.83,8.0,South,8.1,,Clear,False,False,False,False,False,False,False,False,False,False,False,False,False,Night,Day,Day,Day
A-1716,Source2,3,2016-06-29 20:59:44,2016-06-29 21:59:44,38.769897,-121.24855,,,0.0,Accident on I-80 Eastbound at Exit 106 / CA-65 Exits 306A 306B.,I-80 E,Roseville,Placer,CA,95661,US,US/Pacific,KMCC,2016-06-29 20:55:00,78.8,,39.0,29.83,8.0,South,8.1,,Clear,False,False,False,False,False,False,False,False,False,False,False,False,False,Night,Day,Day,Day
A-1717,Source2,2,2016-06-29 21:00:40,2016-06-29 22:00:40,38.642746,-121.12339,,,0.0,Accident on US-50 Eastbound at Exit 25 Prairie City Rd.,US-50 E,Folsom,Sacramento,CA,95630,US,US/Pacific,KMHR,2016-06-29 20:45:00,77.0,,47.0,29.82,10.0,SSW,5.8,,Clear,False,False,False,False,False,False,False,False,False,False,False,False,False,Night,Day,Day,Day
A-1718,Source2,3,2016-06-29 21:23:44,2016-06-29 21:53:44,37.964699,-122.324921,,,0.0,Accident on I-80 Eastbound at Exit 19A El Portal Dr.,I-80 E,San Pablo,Contra Costa,CA,94806,US,US/Pacific,KCCR,2016-06-29 21:53:00,60.1,,67.0,29.85,10.0,SSW,20.7,,Clear,False,False,False,False,True,False,False,False,False,False,False,False,False,Night,Night,Day,Day
A-1719,Source2,3,2016-06-29 21:29:11,2016-06-29 21:59:11,37.35564,-122.115082,,,0.0,Accident on I-280 Eastbound at Exit 16 El Monte Rd.,I-280 S,Los Altos,Santa Clara,CA,94024,US,US/Pacific,KNUQ,2016-06-29 21:28:00,59.0,,81.0,29.95,10.0,North,10.4,,Mostly Cloudy,False,False,False,False,False,False,False,False,False,False,False,False,False,Night,Night,Day,Day
A-1720,Source2,3,2016-06-29 21:28:29,2016-06-29 21:58:29,37.698177,-122.042465,,,0.0,Accident on I-580 Southbound at Exit 39 Eden Canyon Rd.,I-580 W,Castro Valley,Alameda,CA,94552,US,US/Pacific,KHWD,2016-06-29 21:20:00,57.0,,74.0,29.95,8.0,West,9.2,,Overcast,False,False,False,False,False,False,False,False,False,False,False,False,False,Night,Night,Day,Day
A-1721,Source2,3,2016-06-29 21:24:25,2016-06-29 21:54:25,37.700932,-121.922119,,,0.0,Accident on I-680 Westbound at Exits 30A 30B I-580.,I-580 E,Pleasanton,Alameda,CA,94588,US,US/Pacific,KLVK,2016-06-29 21:53:00,57.0,,74.0,29.91,10.0,NW,9.2,,Clear,False,False,False,False,True,False,False,False,False,False,False,False,False,Night,Night,Day,Day
A-1722,Source2,3,2016-06-29 21:25:12,2016-06-29 21:55:12,37.595802,-121.872711,,,0.0,Accident on I-680 Northbound at Exits 21 21A 21B CA-84.,I-680 N,Sunol,Alameda,CA,94586,US,US/Pacific,KLVK,2016-06-29 21:53:00,57.0,,74.0,29.91,10.0,NW,9.2,,Clear,False,False,False,False,False,False,False,False,False,False,False,False,False,Night,Night,Day,Day
A-1723,Source2,3,2016-06-29 21:30:19,2016-06-29 22:30:19,38.646683,-121.376694,,,0.0,Accident on I-80 Bus Capital City Fwy Westbound at Exits 14A 14B I-80.,I-80 W,North Highlands,Sacramento,CA,95660,US,US/Pacific,KMCC,2016-06-29 21:35:00,75.2,,44.0,29.84,10.0,South,8.1,,Clear,False,False,False,False,False,False,False,False,False,False,False,False,False,Night,Night,Day,Day
A-1724,Source2,3,2016-06-29 21:29:44,2016-06-29 22:29:44,38.724945,-121.290382,,,0.0,Accident on I-80 at Exit 102 / Cirby Way / Riverside Ave.,Riverside Ave,Roseville,Placer,CA,95678,US,US/Pacific,KMCC,2016-06-29 21:35:00,75.2,,44.0,29.84,10.0,South,8.1,,Clear,False,False,False,False,False,False,False,False,False,False,False,False,False,Night,Night,Day,Day
A-1725,Source2,3,2016-06-29 22:10:38,2016-06-29 23:40:38,37.762657,-121.439957,,,0.0,Accident on I-205 Eastbound at Exit 8 Tracy Blvd.,I-205 E,Tracy,San Joaquin,CA,95304,US,US/Pacific,KSCK,2016-06-29 21:55:00,71.1,,47.0,29.84,10.0,WNW,6.9,,Clear,False,False,False,False,False,False,False,False,False,False,False,False,False,Night,Night,Night,Day
A-1726,Source2,3,2016-06-29 22:18:53,2016-06-29 23:33:53,38.661053,-121.359779,,,0.0,Accident on I-80 at Exit 96 Madison Ave.,I-80 E,Sacramento,Sacramento,CA,95841,US,US/Pacific,KMCC,2016-06-29 22:15:00,73.4,,50.0,29.85,10.0,SSE,9.2,,Clear,False,False,True,False,False,False,False,False,False,False,False,False,False,Night,Night,Night,Day
A-1727,Source2,2,2016-06-29 22:20:06,2016-06-29 23:35:06,38.372875,-121.358711,,,0.0,Accident on CA-99 Southbound at Exit 284 County Hwy-E2 Grant Line Rd.,CA-99 S,Elk Grove,Sacramento,CA,95757,US,US/Pacific,KSAC,2016-06-29 21:53:00,68.0,,59.0,29.83,10.0,SSW,4.6,,Clear,False,False,False,False,False,False,False,False,False,False,False,False,False,Night,Night,Night,Day
A-1728,Source2,2,2016-06-29 23:08:16,2016-06-30 00:08:16,38.90321,-122.612221,,,0.0,Accident on CA-29 at J P L Ranch Dr.,Highway 29,Lower Lake,Lake,CA,95457,US,US/Pacific,KSTS,2016-06-29 22:53:00,55.0,,80.0,29.87,8.0,Calm,,,Haze,False,False,False,False,False,False,False,False,False,False,False,False,False,Night,Night,Night,Night
A-1729,Source2,2,2016-06-29 23:16:39,2016-06-29 23:46:39,37.811954,-121.211029,,,0.0,Accident on Louise Ave Eastbound at Springtime Ave.,Springtime Ave,Manteca,San Joaquin,CA,95336-3226,US,US/Pacific,KSCK,2016-06-29 22:55:00,70.0,,47.0,29.83,10.0,WNW,9.2,,Clear,False,False,False,False,False,False,False,False,False,False,False,False,False,Night,Night,Night,Night
A-1730,Source2,3,2016-06-29 23:42:37,2016-06-30 00:12:37,37.822701,-122.320099,,,0.0,Queueing traffic due to accident on I-80 Eastbound at Exits 8A 8B I-880.,San Francisco-Oakland Bay Brg E,Oakland,Alameda,CA,94607,US,US/Pacific,KOAK,2016-06-29 23:53:00,57.0,,77.0,29.93,9.0,WSW,10.4,,Scattered Clouds,False,False,False,False,False,False,False,False,False,False,False,False,False,Night,Night,Night,Night
A-1731,Source2,2,2016-06-30 00:13:46,2016-06-30 00:43:46,37.923492,-122.513168,,,0.0,Accident on US-101 Northbound at Exits 449 449A Tamalpais Dr.,US-101 N,Corte Madera,Marin,CA,94925,US,US/Pacific,KDVO,2016-06-30 00:15:00,55.4,,82.0,29.91,9.0,Calm,,,Clear,False,False,False,False,True,False,False,False,False,False,False,False,False,Night,Night,Night,Night
A-1732,Source2,2,2016-06-30 00:14:25,2016-06-30 00:44:25,38.47876,-121.945404,,,0.0,Right hand shoulder blocked due to accident now on the shoulder on Tubbs Rd at Noble Ct.,Tubbs Rd,Winters,Yolo,CA,95694-9619,US,US/Pacific,KVCB,2016-06-30 00:53:00,66.0,,60.0,29.81,10.0,South,5.8,,Clear,False,False,False,False,False,False,False,False,False,False,False,False,False,Night,Night,Night,Night
A-1733,Source2,2,2016-06-30 05:09:41,2016-06-30 05:39:41,37.25584,-121.955475,,,0.0,Accident on CA-17 Northbound at Exit 22 CA-85.,Norman Y Mineta Hwy,Los Gatos,Santa Clara,CA,95032,US,US/Pacific,KSJC,2016-06-30 04:53:00,57.9,,81.0,29.89,6.0,Calm,,,Haze,False,False,False,False,False,False,False,False,False,False,False,False,False,Night,Night,Day,Day
A-1734,Source2,2,2016-06-30 05:26:06,2016-06-30 07:12:45,37.420315,-121.939934,,,0.0,Accident on CA-237 Eastbound at Exit 8 Zanker Rd.,CA-237 W,San Jose,Santa Clara,CA,95134,US,US/Pacific,KSJC,2016-06-30 05:53:00,57.9,,78.0,29.9,8.0,Calm,,,Partly Cloudy,False,False,False,False,False,False,False,False,False,False,False,False,False,Night,Day,Day,Day
A-1735,Source2,2,2016-06-30 08:00:04,2016-06-30 09:00:04,38.386948,-121.242165,,,0.0,Accident on Colony Rd at Blake Rd.,Colony Rd,Wilton,Sacramento,CA,95693-9743,US,US/Pacific,KMHR,2016-06-30 07:52:00,,,,29.86,10.0,Calm,,,Clear,False,False,False,False,False,False,False,False,False,False,False,False,False,Day,Day,Day,Day
A-1736,Source2,2,2016-06-30 08:21:23,2016-06-30 09:06:23,37.06649,-121.219147,,,0.0,Accident on CA-152 Pacheco Pass Hwy Westbound at Dinosaur Point Rd.,Pacheco Pass Hwy,Hollister,Santa Clara,CA,95023,US,US/Pacific,KCVH,2016-06-30 08:30:00,53.6,,100.0,29.95,6.0,Calm,,,Overcast,False,False,False,False,False,False,False,False,False,True,False,False,False,Day,Day,Day,Day
A-1737,Source2,2,2016-06-30 08:39:31,2016-06-30 09:09:31,37.104244,-121.975327,,,0.0,Right hand shoulder blocked due to accident on CA-17 Santa Cruz Hwy Northbound around Laurel Rd.,Santa Cruz Hwy,Scotts Valley,Santa Cruz,CA,95066,US,US/Pacific,KWVI,2016-06-30 08:53:00,53.1,,93.0,29.95,7.0,East,4.6,,Overcast,False,False,False,False,False,False,False,False,False,False,False,False,False,Day,Day,Day,Day
A-1738,Source2,2,2016-06-30 09:00:56,2016-06-30 09:30:56,38.033531,-122.537254,,,0.0,#1 lane blocked due to accident on US-101 Redwood Hwy Southbound from Alameda del Prado to Miller Creek Rd.,Miller Creek Rd,San Rafael,Marin,CA,94903,US,US/Pacific,KDVO,2016-06-30 08:55:00,59.0,,77.0,29.91,,Calm,,,Clear,True,False,False,False,False,False,False,False,False,False,False,False,False,Day,Day,Day,Day
A-1739,Source2,3,2016-06-30 08:51:20,2016-06-30 09:21:20,37.825237,-122.305832,,,0.0,Left hand shoulder blocked due to accident on I-80 Westbound at San Francisco-Oakland Bay Bridge Toll Plaza.,I-80 W,Oakland,Alameda,CA,94607,US,US/Pacific,KOAK,2016-06-30 08:53:00,57.9,,78.0,29.93,9.0,Variable,3.5,,Overcast,False,False,False,False,True,False,False,False,False,False,False,False,False,Day,Day,Day,Day
A-1740,Source2,3,2016-06-30 08:49:47,2016-06-30 09:26:39,37.753693,-122.151398,,,0.0,Right hand shoulder blocked due to accident on I-580 Westbound after Golf Links Rd.,I-580 E,Oakland,Alameda,CA,94605,US,US/Pacific,KOAK,2016-06-30 08:53:00,57.9,,78.0,29.93,9.0,Variable,3.5,,Overcast,False,False,False,False,False,False,False,False,True,False,False,False,False,Day,Day,Day,Day
A-1741,Source2,2,2016-06-30 08:47:39,2016-06-30 09:33:31,36.969452,-121.382729,,,0.0,Accident on CA-152 Pacheco Pass Hwy around CA-156 Pacheco Pass Hwy.,Pacheco Pass Hwy,Hollister,Santa Clara,CA,95023,US,US/Pacific,KCVH,2016-06-30 08:50:00,55.4,,100.0,29.95,8.0,Calm,,,Overcast,False,False,False,False,False,False,False,False,False,False,False,False,False,Day,Day,Day,Day
A-1742,Source2,3,2016-06-30 09:38:15,2016-06-30 10:23:15,37.956047,-122.329842,,,0.0,Right hand shoulder blocked due to accident on I-80 Westbound before San Pablo Dam Rd.,I-80 E,San Pablo,Contra Costa,CA,94806,US,US/Pacific,KCCR,2016-06-30 09:53:00,72.0,,49.0,29.84,10.0,Variable,4.6,,Clear,False,False,False,False,False,False,False,False,False,False,False,False,False,Day,Day,Day,Day
A-1743,Source2,2,2016-06-30 09:53:21,2016-06-30 10:23:21,38.11861,-122.285324,,,0.0,Right hand shoulder blocked due to accident on CA-37 Sears Point Rd Westbound at Exit 17 Railroad Ave.,Sears Point Rd,Vallejo,Solano,CA,94592,US,US/Pacific,KAPC,2016-06-30 09:54:00,60.1,,78.0,29.88,10.0,Variable,5.8,,Scattered Clouds,False,False,False,False,False,False,False,False,False,False,False,False,False,Day,Day,Day,Day
A-1744,Source2,3,2016-06-30 09:52:37,2016-06-30 10:22:37,37.608696,-122.068184,,,0.0,Right hand shoulder blocked due to accident on I-880 Southbound at Exit 24 Whipple Rd.,Nimitz Fwy S,Union City,Alameda,CA,94587,US,US/Pacific,KHWD,2016-06-30 09:54:00,63.0,,65.0,29.94,8.0,North,,,Partly Cloudy,False,False,False,False,True,False,False,False,False,False,False,False,False,Day,Day,Day,Day
A-1745,Source2,3,2016-06-30 09:33:32,2016-06-30 10:18:32,37.74287,-121.561752,,,0.0,#1 lane blocked due to accident on I-580 Westbound before I-205.,I-580 W,Tracy,Alameda,CA,95391,US,US/Pacific,KLVK,2016-06-30 09:53:00,68.0,,59.0,29.88,10.0,South,4.6,,Clear,False,False,False,False,False,False,False,False,False,False,False,False,False,Day,Day,Day,Day
A-1746,Source2,2,2016-06-30 09:58:17,2016-06-30 10:43:17,37.68367,-121.053009,,,0.0,Slow traffic due to accident on CA-99 Northbound at Standiford Ave.,Standiford Ave,Modesto,Stanislaus,CA,95356,US,US/Pacific,KMOD,2016-06-30 09:53:00,79.0,,42.0,29.85,10.0,NNW,5.8,,Clear,False,False,False,False,False,False,False,False,False,False,False,False,False,Day,Day,Day,Day
A-1747,Source2,3,2016-06-30 10:10:08,2016-06-30 10:40:08,37.639545,-122.442101,,,0.0,Accident on I-280 Southbound after Avalon Dr.,I-280 S,South San Francisco,San Mateo,CA,94080,US,US/Pacific,KSFO,2016-06-30 09:56:00,61.0,,67.0,29.91,10.0,North,6.9,,Partly Cloudy,False,False,False,False,False,False,False,False,False,False,False,False,False,Day,Day,Day,Day
A-1748,Source2,3,2016-06-30 10:30:00,2016-06-30 11:09:43,37.890163,-122.308296,,,0.0,Right hand shoulder blocked due to accident on I-80 I-580 Westbound from Central Ave to I-580.,Eastshore Fwy W,Berkeley,Alameda,CA,94710,US,US/Pacific,KOAK,2016-06-30 10:15:00,61.0,,72.0,29.92,9.0,West,4.6,,Scattered Clouds,False,False,False,False,False,False,False,False,False,False,False,False,False,Day,Day,Day,Day
A-1749,Source2,3,2016-06-30 10:45:22,2016-06-30 11:15:22,38.222748,-122.12883,,,0.0,Right hand shoulder blocked due to accident on I-80 Westbound at Suisun Valley Rd.,Suisun Valley Rd,Fairfield,Solano,CA,94534,US,US/Pacific,KAPC,2016-06-30 10:54:00,64.0,,70.0,29.87,10.0,SW,6.9,,Clear,False,False,False,False,False,False,False,False,False,False,False,False,False,Day,Day,Day,Day
A-1750,Source2,2,2016-06-30 10:32:11,2016-06-30 11:17:11,38.529186,-121.33506,,,0.0,Slow traffic due to accident on CA-16 Jackson Rd Northbound at Bradshaw Rd.,Jackson Rd,Sacramento,Sacramento,CA,95827-9724,US,US/Pacific,KMHR,2016-06-30 10:45:00,82.4,,32.0,29.85,6.0,West,3.5,,Clear,False,False,False,False,False,False,False,False,False,False,False,True,False,Day,Day,Day,Day
A-1751,Source2,2,2016-06-30 10:58:54,2016-06-30 11:28:54,38.44574,-122.724037,,,0.0,Right hand shoulder blocked due to accident on US-101 Northbound before College Ave.,Redwood Hwy S,Santa Rosa,Sonoma,CA,95401,US,US/Pacific,KSTS,2016-06-30 10:53:00,73.0,,49.0,29.85,9.0,SW,4.6,,Clear,False,False,False,False,False,False,False,False,False,False,False,False,False,Day,Day,Day,Day
A-1752,Source2,2,2016-06-30 10:50:55,2016-06-30 11:23:46,37.570869,-122.313889,,,0.0,Shoulder blocked on entry ramp due to accident on US-101 Northbound at 3rd Ave.,E 3rd Ave,San Mateo,San Mateo,CA,94401,US,US/Pacific,KSFO,2016-06-30 10:56:00,64.9,,63.0,29.9,10.0,NNE,5.8,,Partly Cloudy,False,False,False,False,False,False,False,False,False,False,False,False,False,Day,Day,Day,Day
A-1753,Source2,3,2016-06-30 10:46:58,2016-06-30 11:23:21,38.258347,-122.062263,,,0.0,Right hand shoulder blocked due to accident on I-80 Eastbound after Travis Blvd.,Travis Blvd,Fairfield,Solano,CA,94533,US,US/Pacific,KSUU,2016-06-30 10:58:00,77.5,,45.0,29.85,10.0,WSW,9.2,,Clear,False,False,False,False,False,False,False,False,False,False,False,False,False,Day,Day,Day,Day
A-1754,Source2,3,2016-06-30 10:47:50,2016-06-30 11:30:38,38.325081,-122.023865,,,0.0,Right hand shoulder blocked due to accident on I-80 Eastbound before Cherry Glen Rd.,I-80 E,Fairfield,Solano,CA,94533,US,US/Pacific,KSUU,2016-06-30 10:58:00,77.5,,45.0,29.85,10.0,WSW,9.2,,Clear,False,False,False,False,False,False,False,False,False,False,False,False,False,Day,Day,Day,Day
A-1755,Source2,3,2016-06-30 10:49:56,2016-06-30 11:23:55,37.700802,-121.92276,,,0.0,Accident on I-680 Northbound after I-580. On the median.,I-580 E,Pleasanton,Alameda,CA,94588,US,US/Pacific,KLVK,2016-06-30 10:53:00,75.9,,46.0,29.86,10.0,Calm,,,Clear,False,False,False,False,True,False,False,False,False,False,False,False,False,Day,Day,Day,Day
A-1756,Source2,3,2016-06-30 11:07:34,2016-06-30 11:37:34,37.69817000000001,-121.93512,,,0.0,Shoulder blocked on exit ramp due to accident on I-580 Eastbound at San Ramon Rd.,San Ramon Rd,Pleasanton,Alameda,CA,94588,US,US/Pacific,KLVK,2016-06-30 10:53:00,75.9,,46.0,29.86,10.0,Calm,,,Clear,False,False,False,False,False,False,False,False,False,False,False,False,False,Day,Day,Day,Day
A-1757,Source2,3,2016-06-30 11:10:37,2016-06-30 11:40:37,37.367329,-121.90116100000002,,,0.0,Right hand shoulder blocked due to accident on I-880 Northbound after Gish Rd.,Old Bayshore Hwy,San Jose,Santa Clara,CA,95112,US,US/Pacific,KSJC,2016-06-30 10:53:00,71.1,,51.0,29.89,10.0,ESE,3.5,,Clear,False,False,False,False,False,False,False,False,False,False,False,False,False,Day,Day,Day,Day
A-1758,Source2,2,2016-06-30 11:20:53,2016-06-30 12:07:19,38.005135,-122.037445,,,0.0,Right hand shoulder blocked due to accident on CA-242 Northbound before CA-4.,CA-4 E,Concord,Contra Costa,CA,94520,US,US/Pacific,KCCR,2016-06-30 10:53:00,78.1,,42.0,29.82,10.0,North,9.2,,Clear,False,False,False,False,False,False,False,False,False,False,False,False,False,Day,Day,Day,Day
A-1759,Source2,2,2016-06-30 11:32:41,2016-06-30 12:02:41,38.505577,-121.455925,,,0.0,Accident on CA-99 Northbound at Exits 293A 293B Florin Rd.,CA-99 N,Sacramento,Sacramento,CA,95823,US,US/Pacific,KSAC,2016-06-30 11:53:00,84.9,,36.0,29.83,10.0,WSW,4.6,,Clear,False,False,False,False,False,False,False,False,False,False,False,False,False,Day,Day,Day,Day
A-1760,Source2,2,2016-06-30 11:28:30,2016-06-30 12:13:30,37.791451,-120.884567,,,0.0,Accident on CA-120 Lon Dale Rd Westbound at Cleveland Ave.,Lon Dale Rd,Oakdale,Stanislaus,CA,95361-7735,US,US/Pacific,KMOD,2016-06-30 11:53:00,87.1,,32.0,29.83,10.0,Variable,4.6,,Clear,False,False,False,False,False,False,False,False,False,True,False,False,False,Day,Day,Day,Day
A-1761,Source2,2,2016-06-30 11:27:18,2016-06-30 12:12:18,37.479748,-120.830856,,,0.0,Accident on Golden State Blvd Northbound at Berkeley Ave.,S Golden State Blvd,Turlock,Stanislaus,CA,95380,US,US/Pacific,KMOD,2016-06-30 11:53:00,87.1,,32.0,29.83,10.0,Variable,4.6,,Clear,False,False,False,False,False,False,False,False,False,True,False,True,False,Day,Day,Day,Day
A-1762,Source2,2,2016-06-30 11:52:16,2016-06-30 12:37:16,38.057987,-122.531342,,,0.0,Accident on Alameda del Prado Southbound around Cielo Ln.,Alameda del Prado,Novato,Marin,CA,94949-6667,US,US/Pacific,KDVO,2016-06-30 11:55:00,73.4,,53.0,29.88,,ESE,5.8,,Clear,False,False,False,False,False,False,False,False,False,False,False,False,False,Day,Day,Day,Day
A-1763,Source2,2,2016-06-30 11:55:56,2016-06-30 12:25:56,38.155777,-122.41217,,,0.0,Accident on CA-37 Sears Point Rd Eastbound after Vista Point.,Sears Point Rd,Sonoma,Sonoma,CA,95476,US,US/Pacific,KO69,2016-06-30 11:55:00,75.2,,50.0,29.9,9.0,NW,4.6,,Clear,False,False,False,False,False,False,False,False,False,False,False,False,False,Day,Day,Day,Day
A-1764,Source2,2,2016-06-30 11:54:48,2016-06-30 12:30:04,37.526405,-122.270081,,,0.0,Left lane blocked due to accident on US-101 Southbound before Ralston Ave.,Ralston Ave,Belmont,San Mateo,CA,94002,US,US/Pacific,KSQL,2016-06-30 11:50:00,64.4,,77.0,29.9,7.0,NNE,9.2,,Clear,False,False,False,False,False,False,False,False,False,False,False,False,False,Day,Day,Day,Day
A-1765,Source2,2,2016-06-30 12:06:35,2016-06-30 12:36:35,38.221317,-122.238693,,,0.0,Accident on CA-12 Jameson Canyon Rd at Kirkland Ranch Rd.,Jameson Canyon Rd,American Canyon,Napa,CA,94503,US,US/Pacific,KAPC,2016-06-30 11:54:00,68.0,,59.0,29.86,10.0,Variable,6.9,,Clear,False,False,False,False,False,False,False,False,False,False,False,False,False,Day,Day,Day,Day
A-1766,Source2,3,2016-06-30 11:48:35,2016-06-30 12:33:35,38.085796,-122.210022,,,0.0,#1 lane blocked due to accident on I-780 Eastbound before Glen Cove Rd.,Glen Cove Rd,Vallejo,Solano,CA,94591,US,US/Pacific,KAPC,2016-06-30 11:54:00,68.0,,59.0,29.86,10.0,Variable,6.9,,Clear,False,False,False,False,False,False,False,False,False,False,False,False,False,Day,Day,Day,Day
A-1767,Source2,3,2016-06-30 12:07:40,2016-06-30 12:37:40,37.529819,-122.002083,,,0.0,One lane blocked due to accident on I-880 Southbound at Exit 17 Mowry Ave.,Mowry Ave,Fremont,Alameda,CA,94538,US,US/Pacific,KPAO,2016-06-30 11:47:00,68.0,,73.0,29.89,10.0,NNW,8.1,,Clear,False,False,False,False,False,False,False,False,False,False,False,False,False,Day,Day,Day,Day
A-1768,Source2,2,2016-06-30 12:07:29,2016-06-30 12:37:29,37.726952,-121.724197,,,0.0,Accident on Vasco Rd at Dalton Ave.,Dalton Ave,Livermore,Alameda,CA,94551,US,US/Pacific,KLVK,2016-06-30 11:53:00,82.0,,37.0,29.85,10.0,Variable,5.8,,Clear,False,False,True,False,False,False,False,False,False,False,False,True,False,Day,Day,Day,Day
A-1769,Source2,2,2016-06-30 11:50:05,2016-06-30 12:35:05,38.510448,-121.460121,,,0.0,Heavy traffic due to accident on CA-99 Northbound at Exits 294A 294B 47th Ave.,CA-99 S,Sacramento,Sacramento,CA,95823,US,US/Pacific,KSAC,2016-06-30 11:53:00,84.9,,36.0,29.83,10.0,WSW,4.6,,Clear,False,False,False,False,True,False,False,False,False,False,False,False,False,Day,Day,Day,Day
A-1770,Source2,2,2016-06-30 11:53:12,2016-06-30 12:38:12,38.641907,-121.156425,,,0.0,Accident on US-50 at Exit 25 Prairie City Rd.,US-50 E,Folsom,Sacramento,CA,95630,US,US/Pacific,KMHR,2016-06-30 11:50:00,87.8,,27.0,29.83,10.0,West,9.2,,Clear,False,False,False,False,False,False,False,False,False,False,False,False,False,Day,Day,Day,Day
A-1771,Source2,2,2016-06-30 12:10:45,2016-06-30 12:40:45,37.132542,-122.104248,,,0.0,Right hand shoulder blocked due to accident on Bear Creek Rd at Scout Ranch Rd.,Bear Creek Rd,Boulder Creek,Santa Cruz,CA,95006-9599,US,US/Pacific,KSJC,2016-06-30 11:53:00,78.1,,42.0,29.87,10.0,NNW,4.6,,Clear,False,False,False,False,False,False,False,False,False,False,False,False,False,Day,Day,Day,Day
A-1772,Source2,3,2016-06-30 12:10:01,2016-06-30 12:40:01,37.546719,-122.022758,,,0.0,Right hand shoulder blocked due to accident on I-880 Southbound at Exit 19 CA-84 Thornton Ave.,Thornton Ave,Fremont,Alameda,CA,94536,US,US/Pacific,KPAO,2016-06-30 11:47:00,68.0,,73.0,29.89,10.0,NNW,8.1,,Clear,False,False,False,False,False,False,False,False,False,False,False,False,False,Day,Day,Day,Day
A-1773,Source2,2,2016-06-30 12:26:00,2016-06-30 12:56:00,37.720791,-122.400223,,,0.0,Middle lane blocked due to accident on US-101 Southbound at Exits 429B 429C Bay Shore Blvd.,James Lick Fwy S,San Francisco,San Francisco,CA,94134,US,US/Pacific,KSFO,2016-06-30 12:56:00,68.0,,55.0,29.88,10.0,WNW,15.0,,Partly Cloudy,False,False,False,False,True,False,False,False,False,False,False,False,False,Day,Day,Day,Day
A-1774,Source2,2,2016-06-30 12:25:31,2016-06-30 12:55:31,37.704216,-122.394203,,,0.0,Accident on US-101 Southbound at Exit 429A Harney Way.,US-101 S,Brisbane,San Mateo,CA,94005,US,US/Pacific,KSFO,2016-06-30 11:56:00,66.9,,57.0,29.9,10.0,NW,12.7,,Partly Cloudy,False,False,False,False,False,False,False,False,False,False,False,False,False,Day,Day,Day,Day
A-1775,Source2,3,2016-06-30 12:17:23,2016-06-30 13:02:23,37.317062,-121.974922,,,0.0,Accident on I-280 Northbound at Exit 7 Saratoga Ave.,Saratoga Ave,San Jose,Santa Clara,CA,95129,US,US/Pacific,KSJC,2016-06-30 11:53:00,78.1,,42.0,29.87,10.0,NNW,4.6,,Clear,False,False,False,False,False,False,False,False,False,False,False,False,False,Day,Day,Day,Day
A-1776,Source2,2,2016-06-30 12:16:44,2016-06-30 13:01:44,36.559494,-121.923714,,,0.0,Accident on Lincoln St at 3rd Ave.,3rd Ave,Carmel,Monterey,CA,93923,US,US/Pacific,KMRY,2016-06-30 11:54:00,55.9,,84.0,29.98,10.0,WSW,6.9,,Scattered Clouds,False,False,False,False,False,False,False,False,False,False,False,False,False,Day,Day,Day,Day
A-1777,Source2,2,2016-06-30 12:56:11,2016-06-30 13:26:11,37.428417,-122.10138700000002,,,0.0,Right hand shoulder blocked due to accident on US-101 Northbound at Exits 400B 400C San Antonio Rd.,US-101 N,Palo Alto,Santa Clara,CA,94303,US,US/Pacific,KPAO,2016-06-30 12:47:00,71.6,,64.0,29.87,10.0,NNW,8.1,,Clear,False,False,False,False,False,False,False,False,False,False,False,False,False,Day,Day,Day,Day
A-1778,Source2,3,2016-06-30 12:54:50,2016-06-30 13:24:50,37.328579,-121.871277,,,0.0,Right hand shoulder blocked due to accident on I-280 Northbound at Exits 1 1B 2 11th St.,S 11th St,San Jose,Santa Clara,CA,95112,US,US/Pacific,KSJC,2016-06-30 12:53:00,81.0,,41.0,29.86,10.0,North,5.8,,Clear,False,False,False,False,False,False,False,False,False,False,False,False,False,Day,Day,Day,Day
A-1779,Source2,2,2016-06-30 12:52:28,2016-06-30 13:22:28,38.673271,-121.32795,,,0.0,Heavy traffic due to accident on Auburn Blvd Eastbound at Manzanita Ave.,Manzanita Ave,Citrus Heights,Sacramento,CA,95621,US,US/Pacific,KMCC,2016-06-30 12:55:00,91.4,,26.0,29.82,8.0,South,5.8,,Clear,False,False,False,False,False,False,False,False,False,False,False,False,False,Day,Day,Day,Day
A-1780,Source2,2,2016-06-30 13:16:15,2016-06-30 13:46:15,37.378239,-122.067566,,,0.0,Accident on CA-85 Northbound at Exits 22A 22B CA-82 El Camino Real.,Norman Y Mineta Hwy,Mountain View,Santa Clara,CA,94041,US,US/Pacific,KNUQ,2016-06-30 12:56:00,75.0,,50.0,29.88,10.0,North,6.9,,Clear,False,False,False,False,True,False,False,False,False,False,False,False,False,Day,Day,Day,Day
A-1781,Source2,3,2016-06-30 13:21:52,2016-06-30 13:51:52,37.330406,-122.014282,,,0.0,One lane blocked due to accident on I-280 Northbound at Exit 10 Wolfe Rd.,I-280 S,Cupertino,Santa Clara,CA,95014,US,US/Pacific,KNUQ,2016-06-30 12:56:00,75.0,,50.0,29.88,10.0,North,6.9,,Clear,False,False,False,False,False,False,False,False,False,False,False,False,False,Day,Day,Day,Day
A-1782,Source2,3,2016-06-30 13:20:23,2016-06-30 13:50:23,37.323086,-122.000237,,,0.0,Right hand shoulder blocked due to accident on I-280 Northbound at Stevens Creek Blvd.,I-280 S,Santa Clara,Santa Clara,CA,95051,US,US/Pacific,KSJC,2016-06-30 12:53:00,81.0,,41.0,29.86,10.0,North,5.8,,Clear,False,False,False,False,False,False,False,False,False,False,False,False,False,Day,Day,Day,Day
A-1783,Source2,2,2016-06-30 13:19:38,2016-06-30 13:49:38,36.878948,-121.747215,,,0.0,Accident on County Hwy-G12 Elkhorn Rd at Werner Rd.,Elkhorn Rd,Royal Oaks,Santa Cruz,CA,95076-5447,US,US/Pacific,KWVI,2016-06-30 12:53:00,64.9,,65.0,29.93,10.0,South,8.1,,Clear,False,False,False,False,False,False,False,False,False,False,False,False,False,Day,Day,Day,Day
A-1784,Source2,2,2016-06-30 13:19:14,2016-06-30 13:49:14,36.666836,-121.684853,,,0.0,Accident on Blanco Rd at Davis Rd.,W Blanco Rd,Salinas,Monterey,CA,93901,US,US/Pacific,KSNS,2016-06-30 12:53:00,64.0,,63.0,29.95,10.0,West,11.5,,Clear,False,False,False,False,False,False,False,False,False,False,False,True,False,Day,Day,Day,Day
A-1785,Source2,2,2016-06-30 13:14:58,2016-06-30 13:44:58,38.655823,-121.35054,,,0.0,Accident on College Oak Dr Southbound at Saddlerock Way.,College Oak Dr,Sacramento,Sacramento,CA,95841-3606,US,US/Pacific,KMCC,2016-06-30 13:15:00,93.2,,24.0,29.82,8.0,Calm,,,Clear,False,False,False,False,False,False,False,False,False,False,False,False,False,Day,Day,Day,Day
A-1786,Source2,2,2016-06-30 13:29:00,2016-06-30 13:59:00,38.792751,-121.294945,,,0.0,Right hand shoulder blocked due to accident on CA-65 Southbound at Exit 309 Blue Oaks Blvd.,CA-65 S,Roseville,Placer,CA,95678,US,US/Pacific,KMCC,2016-06-30 13:35:00,93.2,,26.0,29.81,7.0,WNW,5.8,,Clear,False,False,False,False,False,False,False,False,False,False,False,False,False,Day,Day,Day,Day
A-1787,Source2,2,2016-06-30 14:03:11,2016-06-30 14:33:11,38.547386,-122.810905,,,0.0,Accident on Windsor River Rd at Old Redwood Hwy.,Conde Ln,Windsor,Sonoma,CA,95492-8911,US,US/Pacific,KSTS,2016-06-30 13:53:00,86.0,,36.0,29.81,7.0,South,10.4,,Haze,False,False,False,False,False,False,False,False,False,False,False,True,False,Day,Day,Day,Day
A-1788,Source2,3,2016-06-30 14:12:37,2016-06-30 14:42:37,37.915211,-122.065819,,,0.0,Left hand shoulder blocked due to accident on I-680 Northbound at Main St.,I-680 N,Walnut Creek,Contra Costa,CA,94596,US,US/Pacific,KCCR,2016-06-30 13:53:00,84.9,,32.0,29.78,10.0,NW,12.7,,Clear,False,False,False,False,False,False,False,False,False,False,False,False,False,Day,Day,Day,Day
A-1789,Source2,3,2016-06-30 13:51:54,2016-06-30 14:36:54,37.495384,-121.923294,,,0.0,Right hand shoulder blocked due to accident on I-680 Northbound at Exit 12 CA-262 Mission Blvd.,I-680 S,Fremont,Alameda,CA,94539,US,US/Pacific,KNUQ,2016-06-30 13:56:00,78.1,,46.0,29.87,10.0,North,8.1,,Clear,False,False,False,False,True,False,False,False,False,False,False,False,False,Day,Day,Day,Day
A-1790,Source2,2,2016-06-30 13:59:37,2016-06-30 14:44:37,38.839073,-121.306923,,,0.0,Accident on Industrial Ave at Athens Ave.,Industrial Ave,Rocklin,Placer,CA,95765,US,US/Pacific,KLHM,2016-06-30 13:55:00,96.8,,20.0,29.78,10.0,West,4.6,,Clear,False,False,True,False,False,False,True,False,False,False,False,True,False,Day,Day,Day,Day
A-1791,Source2,2,2016-06-30 14:12:00,2016-06-30 14:42:00,38.017372,-121.095589,,,0.0,Accident on CA-26 Westbound at Duncan Rd.,E Highway 26,Linden,San Joaquin,CA,95236-9584,US,US/Pacific,KSCK,2016-06-30 13:55:00,93.9,,26.0,29.8,10.0,Calm,,,Clear,False,False,False,False,False,False,False,False,False,False,False,False,False,Day,Day,Day,Day
A-1792,Source2,2,2016-06-30 14:18:32,2016-06-30 14:48:32,38.410213,-122.827461,,,0.0,Accident on High School Rd at Dei Rd.,High School Rd,Sebastopol,Sonoma,CA,95472-2666,US,US/Pacific,KSTS,2016-06-30 13:53:00,86.0,,36.0,29.81,7.0,South,10.4,,Haze,False,False,False,False,False,False,False,False,False,False,False,False,False,Day,Day,Day,Day
A-1793,Source2,2,2016-06-30 14:30:13,2016-06-30 15:30:13,38.551579,-122.650543,,,0.0,Accident on Petrified Forest Rd at Porter Creek Rd.,Petrified Forest Rd,Calistoga,Sonoma,CA,94515,US,US/Pacific,KSTS,2016-06-30 14:53:00,87.1,,33.0,29.8,7.0,South,11.5,,Haze,False,False,False,False,False,False,False,False,False,False,False,False,False,Day,Day,Day,Day
A-1794,Source2,3,2016-06-30 14:39:34,2016-06-30 15:09:34,37.775314,-122.406052,,,0.0,Accident on I-80 Eastbound at Exits 1 1C Bryant St.,I-80 W,San Francisco,San Francisco,CA,94103,US,US/Pacific,KSFO,2016-06-30 14:56:00,73.0,,46.0,29.85,10.0,WNW,15.0,,Partly Cloudy,False,False,True,False,False,False,False,False,False,False,False,True,False,Day,Day,Day,Day
A-1795,Source2,3,2016-06-30 14:33:53,2016-06-30 15:03:53,37.606865,-122.066605,,,0.0,Right hand shoulder blocked due to accident on I-880 Southbound at Exit 24 Whipple Rd.,I-880 N,Hayward,Alameda,CA,94544,US,US/Pacific,KHWD,2016-06-30 14:54:00,78.1,,40.0,29.87,10.0,WNW,12.7,,Clear,False,False,False,False,False,False,False,False,False,False,False,False,False,Day,Day,Day,Day
A-1796,Source2,3,2016-06-30 14:32:04,2016-06-30 15:32:04,37.74287,-121.561752,,,0.0,Accident on I-580 Eastbound at Exit 65 I-205.,I-580 W,Tracy,Alameda,CA,95391,US,US/Pacific,KLVK,2016-06-30 14:53:00,97.0,,24.0,29.78,10.0,WNW,6.9,,Clear,False,False,False,False,False,False,False,False,False,False,False,False,False,Day,Day,Day,Day
A-1797,Source2,2,2016-06-30 14:52:45,2016-06-30 15:37:45,38.018745,-121.942017,,,0.0,Accident on CA-4 Westbound at Exits 20A 20B Bailey Rd.,Bailey Rd,Pittsburg,Contra Costa,CA,94565,US,US/Pacific,KCCR,2016-06-30 14:53:00,90.0,,27.0,29.76,10.0,NW,16.1,,Clear,False,False,False,False,True,False,False,False,False,False,False,False,False,Day,Day,Day,Day
A-1798,Source2,3,2016-06-30 15:08:17,2016-06-30 16:38:17,37.76722,-121.334106,,,0.0,Accident on I-5 Southbound at Exit 458B I-205. On the median.,I-205 W,Tracy,San Joaquin,CA,95304,US,US/Pacific,KSCK,2016-06-30 14:55:00,99.0,,22.0,29.78,10.0,North,4.6,,Clear,False,False,False,False,False,False,False,False,False,False,False,False,False,Day,Day,Day,Day
A-1799,Source2,2,2016-06-30 15:07:41,2016-06-30 16:07:41,38.23632,-121.282265,,,0.0,Right hand shoulder blocked due to accident on CA-99 Southbound at Exit 273 Liberty Rd.,CA-99 S,Galt,San Joaquin,CA,95632,US,US/Pacific,KSAC,2016-06-30 14:53:00,98.1,,22.0,29.77,10.0,Variable,5.8,,Clear,False,False,False,False,True,False,False,False,False,False,False,False,False,Day,Day,Day,Day
A-1800,Source2,3,2016-06-30 15:17:50,2016-06-30 16:47:50,37.971729,-121.241135,,,0.0,Accident on CA-26 Fremont St Northbound at Oro Ave.,E Fremont St,Stockton,San Joaquin,CA,95215-4813,US,US/Pacific,KSCK,2016-06-30 14:55:00,99.0,,22.0,29.78,10.0,North,4.6,,Clear,False,False,False,False,False,False,False,False,False,False,False,False,False,Day,Day,Day,Day
A-1801,Source2,2,2016-06-30 15:35:25,2016-06-30 16:50:25,38.556145,-121.443192,,,0.0,Accident on US-50 Eastbound at Exit 7 Stockton Blvd.,El Dorado Fwy E,Sacramento,Sacramento,CA,95819,US,US/Pacific,KSAC,2016-06-30 15:53:00,100.0,,20.0,29.75,10.0,West,8.1,,Clear,False,False,False,False,True,False,False,False,False,False,False,False,False,Day,Day,Day,Day
A-1802,Source2,2,2016-06-30 15:35:56,2016-06-30 16:50:56,38.743958,-121.226494,,,0.0,Queueing traffic due to accident on County Hwy-E3 Sierra College Blvd at Douglas Blvd.,Douglas Blvd,Roseville,Placer,CA,95661-3802,US,US/Pacific,KMCC,2016-06-30 15:35:00,100.4,,16.0,29.76,9.0,West,8.1,,Clear,False,False,True,False,False,False,False,False,False,False,False,True,False,Day,Day,Day,Day
A-1803,Source2,2,2016-06-30 15:53:59,2016-06-30 17:08:59,38.374798,-121.482124,,,0.0,Accident on Stone Lake Rd at Hood Franklin Rd.,Stone Lake Rd,Elk Grove,Sacramento,CA,95757-9770,US,US/Pacific,KSAC,2016-06-30 15:53:00,100.0,,20.0,29.75,10.0,West,8.1,,Clear,False,False,False,False,False,False,False,False,False,False,False,False,False,Day,Day,Day,Day
A-1804,Source2,2,2016-06-30 16:13:41,2016-06-30 17:28:41,38.599586,-121.34201000000002,,,0.0,Accident on Fair Oaks Blvd at Marione Dr.,Fair Oaks Blvd,Carmichael,Sacramento,CA,95608-5749,US,US/Pacific,KMCC,2016-06-30 16:15:00,100.4,,18.0,29.75,9.0,WSW,6.9,,Clear,False,False,False,False,False,False,False,False,False,False,False,False,False,Day,Day,Day,Day
A-1805,Source2,3,2016-06-30 15:52:42,2016-06-30 17:52:42,38.724945,-121.290382,,,0.0,Accident on I-80 Eastbound at Exit 102 / Cirby Way / Riverside Ave.,Riverside Ave,Roseville,Placer,CA,95678,US,US/Pacific,KMCC,2016-06-30 15:55:00,100.4,,17.0,29.76,9.0,West,8.1,,Clear,False,False,False,False,False,False,False,False,False,False,False,False,False,Day,Day,Day,Day
A-1806,Source2,2,2016-06-30 16:30:52,2016-06-30 17:45:52,37.834679,-120.998009,,,0.0,Accident on County Hwy-J7 Escalon Bellota Rd at County Hwy-J6 Escalon Bellota Rd.,County Hwy-J6,Escalon,San Joaquin,CA,95320,US,US/Pacific,KMOD,2016-06-30 16:53:00,102.0,,11.0,29.73,10.0,West,9.2,,Clear,False,False,False,False,False,False,False,False,False,False,False,False,False,Day,Day,Day,Day
A-1807,Source2,2,2016-06-30 16:13:08,2016-06-30 17:28:08,39.001328,-120.907356,,,0.0,Accident on Foresthill Rd at Spring Garden Rd.,Foresthill Rd,Foresthill,Placer,CA,95631,US,US/Pacific,KAUN,2016-06-30 16:15:00,96.8,,20.0,29.86,10.0,SW,6.9,,Clear,False,False,False,False,False,False,False,False,False,True,False,False,False,Day,Day,Day,Day
A-1808,Source2,2,2016-06-30 17:02:47,2016-06-30 18:17:47,38.663918,-121.225723,,,0.0,Accident on County Hwy-E3 Hazel Ave at Madison Ave.,Hazel Ave,Fair Oaks,Sacramento,CA,95628,US,US/Pacific,KMHR,2016-06-30 16:45:00,102.2,,15.0,29.73,10.0,West,6.9,,Clear,False,False,False,False,False,False,False,False,False,False,False,False,False,Day,Day,Day,Day
A-1809,Source2,3,2016-06-30 17:18:54,2016-06-30 17:48:54,38.076405,-122.231857,,,0.0,Accident on I-80 Eastbound at Exits 29A 29B CA-29.,CA-29,Vallejo,Solano,CA,94591,US,US/Pacific,KAPC,2016-06-30 16:54:00,78.1,,48.0,29.78,10.0,SSW,11.5,,Clear,False,False,False,False,False,False,False,False,False,False,False,False,False,Day,Day,Day,Day
A-1810,Source2,2,2016-06-30 17:29:30,2016-06-30 18:44:30,38.550488,-121.427864,,,0.0,Accident on US-50 Westbound at Exits 8 8B 65th St.,US-50 E,Sacramento,Sacramento,CA,95817,US,US/Pacific,KSAC,2016-06-30 17:53:00,97.0,,24.0,29.71,10.0,SW,10.4,,Clear,False,False,False,False,False,False,False,False,False,False,False,False,False,Day,Day,Day,Day
A-1811,Source2,3,2016-06-30 17:31:19,2016-06-30 18:46:19,37.900723,-121.285301,,,0.0,Queueing traffic due to accident on I-5 Southbound at Exit 468 / French Camp Rd / County Hwy-J9 French Camp Rd.,I-5 S,French Camp,San Joaquin,CA,95231,US,US/Pacific,KSCK,2016-06-30 17:55:00,98.1,,23.0,29.71,10.0,WNW,10.4,,Clear,False,False,False,False,False,False,False,False,False,False,False,False,False,Day,Day,Day,Day
A-1812,Source2,3,2016-06-30 17:49:04,2016-06-30 19:04:04,38.462536,-121.495934,,,0.0,Accident on I-5 Southbound at Exit 510 Cosumnes River Blvd.,I-5 S,Sacramento,Sacramento,CA,95832,US,US/Pacific,KSAC,2016-06-30 17:53:00,97.0,,24.0,29.71,10.0,SW,10.4,,Clear,False,False,False,False,False,False,False,False,False,False,False,False,False,Day,Day,Day,Day
A-1813,Source2,2,2016-06-30 17:48:31,2016-06-30 19:03:31,38.938374,-121.048347,,,0.0,Accident on Covey Rd at Pinehill Rd.,Covey Rd,Auburn,Placer,CA,95603-3200,US,US/Pacific,KAUN,2016-06-30 17:55:00,96.8,,16.0,29.83,10.0,SSW,6.9,,Clear,False,False,False,False,False,False,False,False,False,False,False,False,False,Day,Day,Day,Day
A-1814,Source2,2,2016-06-30 17:50:31,2016-06-30 19:05:31,39.241653,-121.02095,,,0.0,Accident on Pittsburg Rd at Pittsburg Mine Rd.,Pittsburg Rd,Nevada City,Nevada,CA,95959-3339,US,US/Pacific,KGOO,2016-06-30 17:45:00,91.4,,15.0,29.95,9.0,SW,4.6,,Clear,False,False,False,False,False,False,False,False,False,False,False,False,False,Day,Day,Day,Day
A-1815,Source2,3,2016-06-30 18:06:36,2016-06-30 18:53:18,37.667713,-122.465874,,,0.0,Accident on I-280 Southbound at Exit 46 Hickey Blvd.,I-280 S,Daly City,San Mateo,CA,94015,US,US/Pacific,KSFO,2016-06-30 17:56:00,64.0,,60.0,29.81,9.0,WNW,23.0,,Partly Cloudy,False,False,False,False,True,False,False,False,False,False,False,False,False,Day,Day,Day,Day
A-1816,Source2,3,2016-06-30 18:07:19,2016-06-30 18:53:16,37.749821,-122.204613,,,0.0,Accident on I-880 Southbound at Exit 37 66th Ave.,Nimitz Fwy S,Oakland,Alameda,CA,94621,US,US/Pacific,KOAK,2016-06-30 17:53:00,70.0,,53.0,29.81,10.0,WNW,15.0,,Clear,False,False,False,False,False,False,False,False,False,False,False,False,False,Day,Day,Day,Day
A-1817,Source2,3,2016-06-30 18:45:22,2016-06-30 19:32:39,37.84407,-122.297653,,,0.0,Accident on I-80 I-580 Eastbound at Exit 10 I-80 I-580.,I-580 W,Emeryville,Alameda,CA,94608,US,US/Pacific,KOAK,2016-06-30 18:53:00,66.0,,59.0,29.82,10.0,WNW,18.4,,Clear,False,False,False,False,True,False,False,False,False,False,False,False,False,Day,Day,Day,Day
A-1818,Source2,3,2016-06-30 18:46:23,2016-06-30 19:32:40,37.82354,-121.993729,,,0.0,Accident on I-680 Northbound at Exit 39 Diablo Rd.,I-680 N,Danville,Contra Costa,CA,94526,US,US/Pacific,KCCR,2016-06-30 18:53:00,90.0,,24.0,29.72,10.0,West,10.4,,Clear,False,False,False,False,False,False,False,False,False,False,False,False,False,Day,Day,Day,Day
A-1819,Source2,2,2016-06-30 18:41:50,2016-06-30 19:56:50,38.524895,-121.467789,,,0.0,Accident on CA-99 Sacramento Fwy Southbound at Exit 296 Fruitridge Rd.,Fruitridge Rd,Sacramento,Sacramento,CA,95824,US,US/Pacific,KSAC,2016-06-30 18:53:00,95.0,,27.0,29.7,10.0,South,8.1,,Clear,False,False,False,False,True,False,False,False,False,False,False,False,False,Day,Day,Day,Day
A-1820,Source2,2,2016-06-30 18:43:04,2016-06-30 19:58:04,38.492695,-121.441185,,,0.0,Accident on 55th St Eastbound at Assembly Ct.,55th St,Sacramento,Sacramento,CA,95823-2601,US,US/Pacific,KSAC,2016-06-30 18:53:00,95.0,,27.0,29.7,10.0,South,8.1,,Clear,False,False,False,False,False,False,False,False,False,False,False,False,False,Day,Day,Day,Day
A-1821,Source2,3,2016-06-30 18:49:21,2016-06-30 20:04:21,38.616699,-121.420486,,,0.0,Queueing traffic due to accident on I-80 Bus Capital City Fwy Northbound at Exit 11 Marconi Ave.,Capital City Fwy E,Sacramento,Sacramento,CA,95821,US,US/Pacific,KMCC,2016-06-30 18:55:00,98.6,,22.0,29.71,9.0,SW,11.5,,Clear,False,False,False,False,True,False,False,False,False,False,False,False,False,Day,Day,Day,Day
A-1822,Source2,3,2016-06-30 18:56:15,2016-06-30 20:11:15,37.77002,-121.328255,,,0.0,Accident on I-5 Southbound at Exit 458B I-205.,I-5,Tracy,San Joaquin,CA,95304,US,US/Pacific,KSCK,2016-06-30 18:55:00,95.0,,24.0,29.72,10.0,NW,13.8,,Clear,False,False,False,False,False,False,False,False,False,False,False,False,False,Day,Day,Day,Day
A-1823,Source2,3,2016-06-30 18:43:42,2016-06-30 19:58:42,37.955875,-121.318451,,,0.0,Accident on I-5 Southbound at Exit 473 Flora St.,I-5 S,Stockton,San Joaquin,CA,95203,US,US/Pacific,KSCK,2016-06-30 18:55:00,95.0,,24.0,29.72,10.0,NW,13.8,,Clear,False,False,False,False,True,False,False,False,False,False,False,False,False,Day,Day,Day,Day
A-1824,Source2,3,2016-06-30 19:14:36,2016-06-30 19:44:36,37.737331,-122.19333600000002,,,0.0,Accident on I-880 Northbound at Exit 36 Hegenberger Rd.,I-880 N,Oakland,Alameda,CA,94603,US,US/Pacific,KOAK,2016-06-30 18:53:00,66.0,,59.0,29.82,10.0,WNW,18.4,,Clear,False,False,False,False,True,False,False,False,False,False,False,False,False,Day,Day,Day,Day
A-1825,Source2,3,2016-06-30 19:15:13,2016-06-30 20:30:13,37.784817,-121.306778,,,0.0,Accident on I-5 Northbound at Exit 461 / CA-120 Exit 1B.,CA-120 E,Lathrop,San Joaquin,CA,95330,US,US/Pacific,KSCK,2016-06-30 18:55:00,95.0,,24.0,29.72,10.0,NW,13.8,,Clear,False,False,False,False,False,False,False,False,False,False,False,False,False,Day,Day,Day,Day
A-1826,Source2,3,2016-06-30 19:36:45,2016-06-30 20:51:45,37.77499,-121.320793,,,0.0,Accident on I-5 Northbound at Exit 458B I-205.,I-205 E,Lathrop,San Joaquin,CA,95330,US,US/Pacific,KSCK,2016-06-30 19:55:00,87.1,,33.0,29.73,10.0,WNW,12.7,,Clear,False,False,False,False,False,False,False,False,False,False,False,False,False,Day,Day,Day,Day
A-1827,Source2,2,2016-06-30 19:33:47,2016-06-30 20:48:47,37.963596,-121.227768,,,0.0,Accident on Hobart Ave at Anthony Ave.,S Anthony Ave,Stockton,San Joaquin,CA,95215-5906,US,US/Pacific,KSCK,2016-06-30 19:55:00,87.1,,33.0,29.73,10.0,WNW,12.7,,Clear,False,False,False,False,False,False,False,False,False,False,False,False,False,Day,Day,Day,Day
A-1828,Source2,3,2016-06-30 20:27:02,2016-06-30 21:42:02,38.583015,-121.50322,,,0.0,Accident on I-5 Northbound at Exit 519B J St.,CA-16 W,Sacramento,Sacramento,CA,95814,US,US/Pacific,KSAC,2016-06-30 20:53:00,82.9,,38.0,29.71,10.0,South,8.1,,Clear,False,False,True,False,False,False,False,False,False,False,False,False,False,Day,Day,Day,Day
A-1829,Source2,2,2016-06-30 20:09:44,2016-06-30 21:24:44,38.34066,-121.334259,,,0.0,Queueing traffic due to accident on CA-99 Northbound at Exit 281 Dillard Rd.,CA-99 N,Wilton,Sacramento,CA,95693,US,US/Pacific,KMHR,2016-06-30 20:55:00,84.2,,40.0,29.71,10.0,SSW,9.2,,Clear,False,False,False,False,True,False,False,False,False,False,False,False,False,Day,Day,Day,Day
A-1830,Source2,3,2016-06-30 20:31:15,2016-06-30 21:01:15,37.364136,-122.124481,,,0.0,Accident on I-280 Southbound at Exit 16 El Monte Rd.,I-280 S,Los Altos,Santa Clara,CA,94022,US,US/Pacific,KNUQ,2016-06-30 20:56:00,64.0,,73.0,29.83,10.0,NW,4.6,,Clear,False,False,False,False,True,False,False,False,False,False,False,False,False,Day,Day,Day,Day
A-1831,Source2,3,2016-06-30 20:27:57,2016-06-30 21:42:57,38.673229,-121.6409,,,0.0,Accident on I-5 Southbound at Exit 531 County Hwy-22 Old River Rd.,I-5 S,West Sacramento,Yolo,CA,95691,US,US/Pacific,KSAC,2016-06-30 20:53:00,82.9,,38.0,29.71,10.0,South,8.1,,Clear,False,False,False,False,True,False,False,False,False,False,False,False,False,Day,Day,Day,Day
A-1832,Source2,3,2016-06-30 20:30:34,2016-06-30 21:45:34,38.604038,-121.50666,,,0.0,Accident on I-5 Northbound at Exit 520 Richards Blvd.,Natomas Park Dr,Sacramento,Sacramento,CA,95833,US,US/Pacific,KMCC,2016-06-30 20:35:00,91.4,,29.0,29.71,8.0,SSW,10.4,,Clear,False,False,False,False,False,False,False,False,False,False,False,False,False,Day,Day,Day,Day
A-1833,Source2,3,2016-06-30 20:28:38,2016-06-30 21:43:38,38.562908,-121.490852,,,0.0,Accident on I-80 Bus Capital City Fwy Eastbound at Exits 4B 5 X St.,Capital City Fwy E,Sacramento,Sacramento,CA,95818,US,US/Pacific,KSAC,2016-06-30 20:53:00,82.9,,38.0,29.71,10.0,South,8.1,,Clear,False,False,False,False,False,False,False,False,False,False,False,False,False,Day,Day,Day,Day
A-1834,Source2,2,2016-06-30 20:53:37,2016-06-30 21:53:37,38.36784,-122.712425,,,0.0,Accident on US-101 Southbound at Exits 484 484B Santa Rosa Ave.,Redwood Hwy S,Santa Rosa,Sonoma,CA,95407,US,US/Pacific,KSTS,2016-06-30 20:53:00,63.0,,63.0,29.75,8.0,SSE,6.9,,Clear,False,False,False,False,False,False,False,False,False,False,False,False,False,Night,Day,Day,Day
A-1835,Source2,3,2016-06-30 20:39:18,2016-06-30 21:54:18,37.365868,-122.13427,,,0.0,Queueing traffic due to accident on I-280 Southbound at Exit 20 County Hwy-G3 Page Mill Rd.,I-280 S,Los Altos,Santa Clara,CA,94022,US,US/Pacific,KNUQ,2016-06-30 20:56:00,64.0,,73.0,29.83,10.0,NW,4.6,,Clear,False,False,False,False,False,False,False,False,False,False,False,False,False,Night,Day,Day,Day
A-1836,Source2,3,2016-06-30 20:52:03,2016-06-30 22:07:03,38.657333,-121.363838,,,0.0,Accident on I-80 Bus Capital City Fwy Eastbound at Exits 14A 14B I-80.,I-80 E,Sacramento,Sacramento,CA,95841,US,US/Pacific,KMCC,2016-06-30 20:55:00,89.6,,31.0,29.72,8.0,SSW,11.5,,Clear,False,False,False,False,False,False,False,False,False,False,False,False,False,Night,Day,Day,Day
A-1837,Source2,3,2016-06-30 21:30:43,2016-06-30 22:45:43,38.689285,-121.75473,,,0.0,Accident on I-5 Southbound at Exit 537 CA-113.,CA-113 S,Woodland,Yolo,CA,95776,US,US/Pacific,KSMF,2016-06-30 21:53:00,81.0,,41.0,29.71,10.0,South,13.8,,Clear,False,False,False,False,False,False,False,False,False,False,False,False,False,Night,Night,Day,Day
A-1838,Source2,3,2016-06-30 21:30:05,2016-06-30 22:45:05,38.639866,-121.483604,,,0.0,Queueing traffic due to accident on I-80 Eastbound at Exit 88 Truxel Rd.,I-80 E,Sacramento,Sacramento,CA,95834,US,US/Pacific,KMCC,2016-06-30 21:35:00,86.0,,33.0,29.73,10.0,SSW,10.4,,Clear,False,False,False,False,False,False,False,False,False,False,False,False,False,Night,Night,Day,Day
A-1839,Source2,2,2016-06-30 21:29:33,2016-06-30 22:44:33,38.56031,-121.457298,,,0.0,Accident on US-50 Westbound at Exit 7 Stockton Blvd.,El Dorado Fwy W,Sacramento,Sacramento,CA,95819,US,US/Pacific,KSAC,2016-06-30 21:53:00,79.0,,42.0,29.73,10.0,SW,5.8,,Clear,False,False,False,False,True,False,False,False,False,False,False,False,False,Night,Night,Day,Day
A-1840,Source2,3,2016-06-30 21:26:38,2016-06-30 22:41:38,36.602818,-120.583603,,,0.0,Accident on I-5 Southbound at Exit 365 Manning Ave.,Westside Fwy S,Mendota,Fresno,CA,93640,US,US/Pacific,KMAE,2016-06-30 21:53:00,75.0,,48.0,29.74,10.0,WNW,5.8,,Clear,False,False,False,False,False,False,False,False,False,False,False,False,False,Night,Night,Day,Day
A-1841,Source2,3,2016-06-30 21:47:05,2016-06-30 22:17:05,37.852531,-122.299873,,,0.0,Accident on I-80 I-580 Westbound at Exit 10 I-80 I-580.,I-580 E,Berkeley,Alameda,CA,94710,US,US/Pacific,KOAK,2016-06-30 21:53:00,60.1,,69.0,29.84,10.0,West,4.6,,Clear,False,False,False,False,False,False,False,False,False,False,False,False,False,Night,Night,Night,Day
A-1842,Source2,2,2016-06-30 21:46:18,2016-06-30 22:31:18,37.554371,-120.910851,,,0.0,Accident on 8th St at Jennie Ave.,8th St,Keyes,Stanislaus,CA,95328-9755,US,US/Pacific,KMOD,2016-06-30 21:53:00,84.0,,35.0,29.73,10.0,NW,8.1,,Clear,False,False,False,False,False,False,False,False,False,False,False,False,False,Night,Night,Night,Day
A-1843,Source2,3,2016-06-30 21:48:41,2016-06-30 22:18:41,37.76332100000001,-122.216202,,,0.0,Accident on I-880 Northbound at Exit 37 66th Ave.,I-880 N,Oakland,Alameda,CA,94601,US,US/Pacific,KOAK,2016-06-30 21:53:00,60.1,,69.0,29.84,10.0,West,4.6,,Clear,False,False,False,False,False,False,False,False,False,False,False,False,False,Night,Night,Night,Day
A-1844,Source2,3,2016-06-30 21:47:44,2016-06-30 22:17:44,37.653599,-121.898079,,,0.0,Accident on I-680 Northbound at Exit 26 Bernal Ave.,I-680 N,Pleasanton,Alameda,CA,94566,US,US/Pacific,KLVK,2016-06-30 21:53:00,71.1,,47.0,29.8,10.0,NW,9.2,,Clear,False,False,False,False,False,False,False,False,False,False,False,False,False,Night,Night,Night,Day
A-1845,Source2,3,2016-06-30 22:04:23,2016-06-30 22:49:23,36.774387,-120.721519,,,0.0,Accident and earlier rolled over vehicle on I-5 Northbound at Exit 379 County Hwy-J1 Little Panoche Rd.,I-5 N,Firebaugh,Fresno,CA,93622,US,US/Pacific,KMAE,2016-06-30 21:53:00,75.0,,48.0,29.74,10.0,WNW,5.8,,Clear,False,False,False,False,True,False,False,False,False,False,False,False,False,Night,Night,Night,Day
A-1846,Source2,2,2016-06-30 22:08:25,2016-06-30 23:23:25,38.500584,-121.431229,,,0.0,Accident on Stockton Blvd at 65th St.,65th St,Sacramento,Sacramento,CA,95823,US,US/Pacific,KSAC,2016-06-30 21:53:00,79.0,,42.0,29.73,10.0,SW,5.8,,Clear,False,False,True,False,False,False,False,False,False,False,False,True,False,Night,Night,Night,Day
A-1847,Source2,2,2016-06-30 22:09:04,2016-06-30 22:39:04,38.570133,-121.383102,,,0.0,Accident on American River Dr at Watt Ave.,Watt Ave,Sacramento,Sacramento,CA,95864,US,US/Pacific,KMHR,2016-06-30 21:45:00,80.6,,42.0,29.73,10.0,South,3.5,,Clear,False,False,False,False,False,False,False,False,False,False,False,False,False,Night,Night,Night,Day
A-1848,Source2,2,2016-06-30 22:11:32,2016-06-30 23:26:32,38.052467,-120.616997,,,0.0,Accident on Gelding Rd at Stallion Way.,Stallion Way,Angels Camp,Calaveras,CA,95222-9721,US,US/Pacific,KO22,2016-06-30 22:15:00,71.6,,38.0,29.86,10.0,NE,3.5,,Clear,False,False,False,False,False,False,False,False,False,False,False,False,False,Night,Night,Night,Day
A-1849,Source2,2,2016-06-30 22:22:06,2016-06-30 22:52:06,37.66708,-122.39521,,,0.0,Accident on US-101 at Exits 425B 425C 426A 426B Oyster Point Blvd.,US-101 N,South San Francisco,San Mateo,CA,94080,US,US/Pacific,KSFO,2016-06-30 21:56:00,57.0,,74.0,29.84,8.0,WNW,18.4,,Clear,False,False,False,False,False,False,False,False,False,False,False,False,False,Night,Night,Night,Day
A-1850,Source2,3,2016-06-30 22:27:42,2016-06-30 22:57:42,37.630177,-121.881088,,,0.0,Accident on I-680 Northbound at Exit 22 Koopman Rd.,I-680 N,Pleasanton,Alameda,CA,94566,US,US/Pacific,KLVK,2016-06-30 22:53:00,70.0,,47.0,29.8,10.0,NW,5.8,,Clear,False,False,False,False,False,False,False,False,False,False,False,False,False,Night,Night,Night,Night
A-1851,Source2,3,2016-06-30 22:59:36,2016-06-30 23:46:56,37.661167,-121.906128,,,0.0,Accident on I-680 Northbound at Exit 29 Stoneridge Dr.,I-680 S,Pleasanton,Alameda,CA,94566,US,US/Pacific,KLVK,2016-06-30 22:53:00,70.0,,47.0,29.8,10.0,NW,5.8,,Clear,False,False,False,False,False,False,False,False,False,False,False,False,False,Night,Night,Night,Night
A-1852,Source2,3,2016-06-30 23:58:34,2016-07-01 00:43:34,37.960316,-121.333748,,,0.0,Right hand shoulder blocked due to accident on I-5 Southbound at Exit 474B Country Club Blvd.,I-5 S,Stockton,San Joaquin,CA,95203,US,US/Pacific,KSCK,2016-06-30 23:55:00,75.9,,38.0,29.73,10.0,West,8.1,,Clear,False,False,False,False,False,False,False,False,False,False,False,False,False,Night,Night,Night,Night
A-1853,Source2,3,2016-07-01 00:08:27,2016-07-01 00:38:27,37.56638,-122.041718,,,0.0,Queueing traffic due to accident on I-880 Southbound at Exit 21 CA-84.,Nimitz Fwy S,Fremont,Alameda,CA,94555,US,US/Pacific,KHWD,2016-07-01 00:54:00,57.9,,70.0,29.86,8.0,NNE,5.8,,Clear,False,False,False,False,False,False,False,False,False,False,False,False,False,Night,Night,Night,Night
A-1854,Source2,2,2016-07-01 00:33:55,2016-07-01 01:03:55,37.393188,-121.946777,,,0.0,Right hand shoulder blocked due to accident now on the shoulder on County Hwy-G4 Montague Expy at De la Cruz Blvd.,Montague Expy,Santa Clara,Santa Clara,CA,95054,US,US/Pacific,KSJC,2016-07-01 00:53:00,62.1,,72.0,29.83,10.0,WNW,6.9,,Clear,False,False,True,False,False,False,False,False,False,False,False,True,False,Night,Night,Night,Night
A-1855,Source2,2,2016-07-01 00:25:35,2016-07-01 01:10:35,38.128571,-121.58606,,,0.0,Accident on CA-12 at Brannan Island Rd.,State Highway 12,Isleton,Sacramento,CA,95641-9600,US,US/Pacific,KSUU,2016-07-01 00:58:00,61.7,,69.0,29.73,10.0,SW,19.6,,Clear,False,False,False,False,False,False,False,False,False,False,False,False,False,Night,Night,Night,Night
A-1856,Source2,2,2016-07-01 00:15:45,2016-07-01 01:00:45,38.247101,-120.706635,,,0.0,Accident on Lombardi Dr at Glory Hole Ct.,Lombardi Dr,Mokelumne Hill,Calaveras,CA,95245-9434,US,US/Pacific,KO22,2016-07-01 00:15:00,66.2,,49.0,29.85,10.0,Calm,,,Clear,False,False,False,False,False,False,False,False,False,False,False,False,False,Night,Night,Night,Night
A-1857,Source2,3,2016-07-01 01:33:04,2016-07-01 02:18:04,37.866753,-122.303642,,,0.0,Right hand shoulder blocked due to accident on I-80 I-580 Westbound at Exit 11 I-580.,I-580 W,Berkeley,Alameda,CA,94710,US,US/Pacific,KOAK,2016-07-01 01:53:00,57.9,,75.0,29.83,9.0,Calm,,,Clear,False,False,False,False,False,False,False,False,False,False,False,False,False,Night,Night,Night,Night
A-1858,Source2,3,2016-07-01 01:30:45,2016-07-01 02:15:45,37.926357,-122.060768,,,0.0,2 right lane blocked due to accident on I-680 Southbound at Exit 48 Sunnyvale Ave.,I-680 S,Walnut Creek,Contra Costa,CA,94597,US,US/Pacific,KCCR,2016-07-01 01:53:00,63.0,,65.0,29.73,9.0,NW,5.8,,Clear,False,False,False,False,False,False,False,False,False,False,False,False,False,Night,Night,Night,Night
A-1859,Source2,3,2016-07-01 03:15:02,2016-07-01 04:00:02,37.808498,-122.366852,,,0.0,#4 lane blocked due to accident on I-80 Eastbound at Exit 4A Treasure Is.,San Francisco-Oakland Bay Brg E,San Francisco,San Francisco,CA,94130,US,US/Pacific,KOAK,2016-07-01 02:53:00,57.0,,77.0,29.83,9.0,Calm,,,Partly Cloudy,False,False,False,False,False,False,False,False,False,True,False,False,False,Night,Night,Night,Night
A-1860,Source2,3,2016-07-01 05:19:51,2016-07-01 06:34:51,37.772423,-122.406792,,,0.0,Right hand shoulder blocked due to accident on I-80 Eastbound at Exits 1 1C Bryant St.,8th St,San Francisco,San Francisco,CA,94103,US,US/Pacific,KSFO,2016-07-01 04:56:00,54.0,,83.0,29.83,10.0,WNW,6.9,,Partly Cloudy,False,False,True,False,False,False,False,False,False,False,False,True,False,Night,Night,Day,Day
A-1861,Source2,3,2016-07-01 05:32:23,2016-07-01 06:17:23,37.808498,-122.366852,,,0.0,Right hand shoulder blocked due to accident on I-80 Eastbound at Exit 4A Treasure Is.,San Francisco-Oakland Bay Brg E,San Francisco,San Francisco,CA,94130,US,US/Pacific,KOAK,2016-07-01 05:53:00,54.0,,83.0,29.85,7.0,North,4.6,,Partly Cloudy,False,False,False,False,False,False,False,False,False,True,False,False,False,Night,Day,Day,Day
A-1862,Source2,2,2016-07-01 05:06:46,2016-07-01 06:21:46,37.49625800000001,-122.23317,,,0.0,Three lanes blocked due to accident on US-101 Southbound at Exit 409 Veterans Blvd.,Bayshore Fwy S,Redwood City,San Mateo,CA,94063,US,US/Pacific,KSQL,2016-07-01 05:15:00,57.2,,82.0,29.84,8.0,Calm,,,Overcast,False,False,False,False,False,False,False,False,False,False,False,False,False,Night,Night,Day,Day
A-1863,Source2,3,2016-07-01 05:31:42,2016-07-01 06:16:42,37.644821,-122.09375,,,0.0,Lane blocked due to accident on I-880 Northbound at Exit 27 CA-92 Jackson St.,W Jackson St,Hayward,Alameda,CA,94544,US,US/Pacific,KHWD,2016-07-01 05:54:00,57.9,,75.0,29.87,7.0,WNW,5.8,,Clear,False,False,False,False,False,False,False,False,False,False,False,False,False,Night,Day,Day,Day
A-1864,Source2,3,2016-07-01 05:37:23,2016-07-01 06:22:23,37.529819,-122.002083,,,0.0,Accident on I-880 Southbound at Exit 17 Mowry Ave.,Mowry Ave,Fremont,Alameda,CA,94538,US,US/Pacific,KPAO,2016-07-01 06:47:00,60.8,,88.0,29.85,10.0,Calm,,,Clear,False,False,False,False,False,False,False,False,False,False,False,False,False,Night,Day,Day,Day
A-1865,Source2,3,2016-07-01 05:14:31,2016-07-01 06:14:31,37.51466,-121.93988799999998,,,0.0,Two lanes blocked due to accident on I-680 Northbound at Exit 14 Auto Mall Pkwy.,Auto Mall Pkwy,Fremont,Alameda,CA,94539,US,US/Pacific,KNUQ,2016-07-01 04:56:00,57.9,,81.0,29.85,8.0,NE,3.5,,Clear,False,False,False,False,False,False,False,False,False,False,False,False,False,Night,Night,Day,Day
A-1866,Source2,2,2016-07-01 06:36:30,2016-07-01 07:36:30,38.469769,-123.014206,,,0.0,Accident on CA-116 at Beech Ave.,Highway 116,Monte Rio,Sonoma,CA,95462-9752,US,US/Pacific,KSTS,2016-07-01 06:53:00,54.0,,83.0,29.81,6.0,Calm,,,Haze,False,False,False,False,False,False,False,False,False,False,False,False,False,Day,Day,Day,Day
A-1867,Source2,3,2016-07-01 06:10:20,2016-07-01 07:10:20,37.810501,-122.248596,,,0.0,Two lanes blocked due to accident on I-580 Westbound at Exit 21B Santa Clara Ave.,Grand Ave,Oakland,Alameda,CA,94610,US,US/Pacific,KOAK,2016-07-01 05:53:00,54.0,,83.0,29.85,7.0,North,4.6,,Partly Cloudy,False,False,False,False,False,False,False,False,True,False,False,False,False,Day,Day,Day,Day
A-1868,Source2,3,2016-07-01 07:52:57,2016-07-01 08:38:45,37.495384,-121.923294,,,0.0,Right hand shoulder blocked due to accident on I-680 Southbound after CA-262 Mission Blvd.,I-680 S,Fremont,Alameda,CA,94539,US,US/Pacific,KNUQ,2016-07-01 07:56:00,62.1,,70.0,29.88,10.0,East,3.5,,Clear,False,False,False,False,True,False,False,False,False,False,False,False,False,Day,Day,Day,Day
A-1869,Source2,3,2016-07-01 08:39:27,2016-07-01 09:25:05,37.825237,-122.305832,,,0.0,#5 lane blocked due to accident on I-80 Westbound before Bay Bridge Toll Plaza.,I-80 W,Oakland,Alameda,CA,94607,US,US/Pacific,KOAK,2016-07-01 08:53:00,62.1,,70.0,29.88,7.0,North,3.5,,Partly Cloudy,False,False,False,False,True,False,False,False,False,False,False,False,False,Day,Day,Day,Day
A-1870,Source2,3,2016-07-01 09:15:36,2016-07-01 10:02:05,38.076405,-122.231857,,,0.0,Left lane blocked due to accident on I-80 Carquinez Bridge Eastbound from San Pablo Ave to Sonoma Blvd.,CA-29,Vallejo,Solano,CA,94591,US,US/Pacific,KAPC,2016-07-01 08:54:00,60.1,,78.0,29.85,9.0,SW,8.1,,Scattered Clouds,False,False,False,False,False,False,False,False,False,False,False,False,False,Day,Day,Day,Day
A-1871,Source2,2,2016-07-01 09:21:30,2016-07-01 10:06:30,38.69670900000001,-121.45237,,,0.0,Accident on Front St before Quebec Way.,Front St,Rio Linda,Sacramento,CA,95673-2310,US,US/Pacific,KMCC,2016-07-01 09:15:00,75.2,,47.0,29.83,6.0,South,8.1,,Haze,False,False,False,False,False,False,False,False,False,False,False,False,False,Day,Day,Day,Day
A-1872,Source2,3,2016-07-01 10:05:13,2016-07-01 10:35:13,37.838181,-122.296638,,,0.0,Right hand shoulder blocked due to accident on I-80 I-580 Eastbound before Powell St.,I-80 W,Emeryville,Alameda,CA,94608,US,US/Pacific,KOAK,2016-07-01 09:53:00,63.0,,67.0,29.9,7.0,WNW,8.1,,Partly Cloudy,False,False,False,False,False,False,False,False,False,False,False,False,False,Day,Day,Day,Day
A-1873,Source2,3,2016-07-01 09:51:04,2016-07-01 10:37:05,37.447876,-121.921539,,,0.0,Shoulder blocked on exit ramp due to accident on I-880 Northbound at Dixon Landing Rd.,Nimitz Fwy N,Milpitas,Santa Clara,CA,95035,US,US/Pacific,KSJC,2016-07-01 09:53:00,66.9,,57.0,29.88,10.0,SSE,5.8,,Clear,False,False,False,False,True,False,False,False,False,False,False,False,False,Day,Day,Day,Day
A-1874,Source2,2,2016-07-01 09:43:19,2016-07-01 10:58:19,38.277027,-121.541695,,,0.0,Accident on River Rd at Vorden Rd.,Vorden Rd,Walnut Grove,Sacramento,CA,95690-9722,US,US/Pacific,KSAC,2016-07-01 09:53:00,77.0,,47.0,29.82,10.0,Variable,4.6,,Clear,False,False,False,False,False,False,False,False,False,False,False,False,False,Day,Day,Day,Day
A-1875,Source2,2,2016-07-01 10:31:02,2016-07-01 11:01:02,37.810707,-122.197601,,,0.0,Accident a car and a deer involved on CA-13 Warren Fwy Northbound at Joaquin Miller Rd.,Joaquin Miller Rd,Oakland,Alameda,CA,94602,US,US/Pacific,KOAK,2016-07-01 10:53:00,64.9,,61.0,29.91,7.0,WNW,10.4,,Clear,False,False,False,False,False,False,False,False,False,True,False,False,False,Day,Day,Day,Day
A-1876,Source2,2,2016-07-01 10:29:29,2016-07-01 10:59:29,37.460377,-122.140938,,,0.0,Right lane blocked due to accident on US-101 Northbound before University Ave.,Bayshore Fwy S,Palo Alto,San Mateo,CA,94303,US,US/Pacific,KPAO,2016-07-01 10:47:00,68.0,,68.0,29.9,8.0,North,9.2,,Clear,False,False,False,False,False,False,False,False,False,False,False,False,False,Day,Day,Day,Day
A-1877,Source2,2,2016-07-01 10:25:13,2016-07-01 10:55:13,37.158798,-121.98263500000002,,,0.0,Right hand shoulder blocked due to accident on CA-17 Santa Cruz Hwy Northbound before Redwood Estates Rd.,Santa Cruz Hwy,Los Gatos,Santa Clara,CA,95033,US,US/Pacific,KSJC,2016-07-01 10:53:00,73.0,,46.0,29.88,10.0,East,5.8,,Clear,False,False,False,False,False,False,False,False,False,False,False,False,False,Day,Day,Day,Day
A-1878,Source2,2,2016-07-01 10:28:21,2016-07-01 10:58:21,36.464996,-121.38768,,,0.0,Accident on US-101 El Camino Real Northbound at Soledad Prison Rd.,El Camino Real S,Soledad,Monterey,CA,93960,US,US/Pacific,KSNS,2016-07-01 10:53:00,60.1,,69.0,29.97,10.0,NW,8.1,,Overcast,False,False,False,False,False,False,False,False,False,False,False,False,False,Day,Day,Day,Day
A-1879,Source2,2,2016-07-01 10:27:06,2016-07-01 10:57:06,37.06649,-121.219147,,,0.0,Right hand shoulder blocked due to accident on CA-152 Pacheco Pass Hwy Westbound after Dinosaur Point Rd.,Pacheco Pass Hwy,Hollister,Santa Clara,CA,95023,US,US/Pacific,KCVH,2016-07-01 10:30:00,60.8,,82.0,29.95,10.0,WNW,8.1,,Mostly Cloudy,False,False,False,False,False,False,False,False,False,True,False,False,False,Day,Day,Day,Day
A-1880,Source2,2,2016-07-01 10:40:17,2016-07-01 11:25:17,38.541199,-121.473938,,,0.0,Accident on CA-99 Northbound at Exit 297 12th Ave.,CA-99 S,Sacramento,Sacramento,CA,95817,US,US/Pacific,KSAC,2016-07-01 10:53:00,80.1,,42.0,29.82,10.0,SSW,8.1,,Clear,False,False,False,False,False,False,False,False,False,False,False,False,False,Day,Day,Day,Day
A-1881,Source2,2,2016-07-01 10:58:25,2016-07-01 11:43:25,38.64138,-121.065575,,,0.0,Accident on Golden Foothill Pkwy at Latrobe Rd.,Monte Verde Dr,El Dorado Hills,El Dorado,CA,95762-5557,US,US/Pacific,KMHR,2016-07-01 10:45:00,82.4,,37.0,29.82,10.0,SW,8.1,,Clear,False,False,False,False,False,False,False,False,False,False,False,False,False,Day,Day,Day,Day
A-1882,Source2,2,2016-07-01 11:15:57,2016-07-01 11:45:57,38.571373,-121.515984,,,0.0,Accident on I-80 Bus Capital City Fwy Southbound at I-80 Bus Capital City Fwy.,Capital City Fwy E,West Sacramento,Yolo,CA,95691,US,US/Pacific,KSAC,2016-07-01 10:53:00,80.1,,42.0,29.82,10.0,SSW,8.1,,Clear,False,False,False,False,False,False,False,False,False,False,False,False,False,Day,Day,Day,Day
A-1883,Source2,2,2016-07-01 12:14:06,2016-07-01 12:44:06,37.470501,-122.20208,,,0.0,Accident on 8th Ave at Middlefield Rd.,8th Ave,Menlo Park,San Mateo,CA,94025-1849,US,US/Pacific,KPAO,2016-07-01 11:47:00,69.8,,64.0,29.9,8.0,North,9.2,,Clear,False,False,True,False,False,False,False,False,False,False,False,True,False,Day,Day,Day,Day
A-1884,Source2,2,2016-07-01 11:54:51,2016-07-01 12:40:20,37.403225,-122.026718,,,0.0,Right hand shoulder blocked due to accident on CA-237 Westbound before Mathilda Ave.,N Mathilda Ave,Sunnyvale,Santa Clara,CA,94089,US,US/Pacific,KNUQ,2016-07-01 11:56:00,72.0,,55.0,29.91,10.0,NNW,8.1,,Clear,False,False,False,False,False,False,False,False,False,False,False,False,False,Day,Day,Day,Day
A-1885,Source2,2,2016-07-01 11:52:01,2016-07-01 12:52:01,37.294281,-121.938446,,,0.0,Right hand shoulder blocked due to accident on CA-17 Northbound after Hamilton Ave.,CA-17 S,Campbell,Santa Clara,CA,95008,US,US/Pacific,KSJC,2016-07-01 11:53:00,77.0,,42.0,29.88,10.0,Calm,,,Clear,False,False,False,False,False,False,False,False,False,False,False,False,False,Day,Day,Day,Day
A-1886,Source2,2,2016-07-01 11:52:42,2016-07-01 12:52:42,37.33442700000001,-121.936485,,,0.0,Shoulder blocked on entry ramp due to accident on I-880 Northbound at Bascom Ave.,N Bascom Ave,San Jose,Santa Clara,CA,95128,US,US/Pacific,KSJC,2016-07-01 11:53:00,77.0,,42.0,29.88,10.0,Calm,,,Clear,False,False,False,False,True,False,False,False,False,False,False,False,False,Day,Day,Day,Day
A-1887,Source2,3,2016-07-01 11:53:24,2016-07-01 12:38:24,38.558609,-121.379501,,,0.0,Accident on US-50 Eastbound at Exit 11 Watt Ave.,S Watt Ave,Sacramento,Sacramento,CA,95826,US,US/Pacific,KMHR,2016-07-01 11:45:00,86.0,,33.0,29.82,10.0,SW,5.8,,Clear,False,False,False,False,False,False,False,False,False,False,False,False,False,Day,Day,Day,Day
A-1888,Source2,2,2016-07-01 12:28:19,2016-07-01 12:58:19,37.437992,-122.202538,,,0.0,Accident on American Way at Valparaiso Ave.,Valparaiso Ave,Menlo Park,San Mateo,CA,94025-6057,US,US/Pacific,KPAO,2016-07-01 12:47:00,71.6,,64.0,29.89,8.0,North,11.5,,Clear,False,False,False,False,False,False,False,False,False,True,False,False,False,Day,Day,Day,Day
A-1889,Source2,2,2016-07-01 12:30:23,2016-07-01 13:00:23,37.251488,-121.838081,,,0.0,Accident on Blossom Hill Rd Westbound at CA-85.,Norman Y Mineta Hwy,San Jose,Santa Clara,CA,95123,US,US/Pacific,KRHV,2016-07-01 12:50:00,82.4,,37.0,29.9,10.0,South,8.1,,Clear,False,False,False,False,False,False,False,False,False,False,False,True,False,Day,Day,Day,Day
A-1890,Source2,2,2016-07-01 12:44:25,2016-07-01 13:29:25,38.64138,-121.065575,,,0.0,Accident on Latrobe Rd at Monte Verde Dr.,Monte Verde Dr,El Dorado Hills,El Dorado,CA,95762-5557,US,US/Pacific,KMHR,2016-07-01 11:45:00,86.0,,33.0,29.82,10.0,SW,5.8,,Clear,False,False,False,False,False,False,False,False,False,False,False,False,False,Day,Day,Day,Day
A-1891,Source2,3,2016-07-01 12:59:46,2016-07-01 13:29:46,37.563396,-122.03798700000002,,,0.0,Lane blocked on entry ramp due to accident on I-880 Southbound at Exit 21 CA-84.,I-880 N,Newark,Alameda,CA,94560,US,US/Pacific,KPAO,2016-07-01 12:47:00,71.6,,64.0,29.89,8.0,North,11.5,,Clear,False,False,False,False,False,False,False,False,False,False,False,False,False,Day,Day,Day,Day
A-1892,Source2,2,2016-07-01 12:49:14,2016-07-01 13:34:47,37.947643,-122.513016,,,0.0,#1 lane blocked due to accident on US-101 Southbound before Exit 450B Sir Francis Drake Blvd.,US-101 N,Larkspur,Marin,CA,94939,US,US/Pacific,KDVO,2016-07-01 12:55:00,73.4,,53.0,29.88,,SE,5.8,,Clear,False,False,False,False,False,False,False,False,False,False,False,False,False,Day,Day,Day,Day
A-1893,Source2,2,2016-07-01 13:00:29,2016-07-01 13:30:29,37.962135,-122.51001,,,0.0,#1 lane blocked due to accident on US-101 Southbound after Exits 451 451A 451B I-580. On the median.,US-101 N,San Rafael,Marin,CA,94901,US,US/Pacific,KDVO,2016-07-01 12:55:00,73.4,,53.0,29.88,,SE,5.8,,Clear,False,False,False,False,False,False,False,False,False,False,False,False,False,Day,Day,Day,Day
A-1894,Source2,2,2016-07-01 13:30:41,2016-07-01 14:00:41,37.967953,-122.519905,,,0.0,Right hand shoulder blocked due to accident on US-101 Southbound before Exit 452 2nd St.,US-101 S,San Rafael,Marin,CA,94901,US,US/Pacific,KDVO,2016-07-01 13:35:00,75.2,,50.0,29.87,,East,5.8,,Clear,False,False,False,False,False,False,False,False,False,False,False,False,False,Day,Day,Day,Day
A-1895,Source2,2,2016-07-01 13:17:37,2016-07-01 14:17:37,37.530804,-122.29771399999998,,,0.0,Accident on 39th Ave at Edison St.,W 39th Ave,San Mateo,San Mateo,CA,94403-4557,US,US/Pacific,KSQL,2016-07-01 12:50:00,69.8,,56.0,29.91,9.0,West,10.4,,Clear,False,False,False,False,False,False,False,False,False,True,False,False,False,Day,Day,Day,Day
A-1896,Source2,3,2016-07-01 13:27:19,2016-07-01 13:57:19,38.257999,-122.062546,,,0.0,Slow lane blocked and queueing traffic due to accident on I-80 Eastbound before Exit 45 Travis Blvd.,I-80 E,Fairfield,Solano,CA,94533,US,US/Pacific,KSUU,2016-07-01 12:58:00,82.4,,34.0,29.82,10.0,SW,19.6,,Scattered Clouds,False,False,False,False,False,False,False,False,False,False,False,False,False,Day,Day,Day,Day
A-1897,Source2,2,2016-07-01 13:08:59,2016-07-01 13:54:44,37.37682,-121.941536,,,0.0,Accident on US-101 Southbound at Exits 391A 391B Trimble Rd.,Trimble Rd,San Jose,Santa Clara,CA,95131,US,US/Pacific,KSJC,2016-07-01 12:53:00,79.0,,44.0,29.88,10.0,West,5.8,,Clear,False,False,False,False,True,False,False,False,False,False,False,False,False,Day,Day,Day,Day
A-1898,Source2,3,2016-07-01 13:32:05,2016-07-01 14:02:05,37.701023,-121.921204,,,0.0,Right hand shoulder blocked due to accident on I-680 Southbound at Exits 30A 30B I-580.,I-580 E,Pleasanton,Alameda,CA,94588,US,US/Pacific,KLVK,2016-07-01 13:53:00,86.0,,33.0,29.83,10.0,NNW,8.1,,Clear,False,False,False,False,False,False,False,False,False,False,False,False,False,Day,Day,Day,Day
A-1899,Source2,2,2016-07-01 13:39:12,2016-07-01 14:09:12,38.049892,-122.758965,,,0.0,Accident on Sir Francis Drake Blvd at Platform Bridge Rd.,Sir Francis Drake Blvd,Nicasio,Marin,CA,94946,US,US/Pacific,KDVO,2016-07-01 13:35:00,75.2,,50.0,29.87,,East,5.8,,Clear,False,False,False,False,False,False,False,False,False,True,False,False,False,Day,Day,Day,Day
A-1900,Source2,3,2016-07-01 13:39:42,2016-07-01 14:09:42,37.867275,-122.303802,,,0.0,Right hand shoulder blocked due to accident on I-80 I-580 Westbound before University Ave.,I-580 W,Berkeley,Alameda,CA,94710,US,US/Pacific,KOAK,2016-07-01 13:53:00,68.0,,56.0,29.9,10.0,WNW,12.7,,Clear,False,False,False,False,False,False,False,False,False,False,False,False,False,Day,Day,Day,Day
A-1901,Source2,3,2016-07-01 13:37:13,2016-07-01 14:07:13,37.701389,-121.887474,,,0.0,Slow lane blocked due to accident on I-580 Eastbound at Exit 46 Hacienda Dr.,I-580 E,Pleasanton,Alameda,CA,94588,US,US/Pacific,KLVK,2016-07-01 13:53:00,86.0,,33.0,29.83,10.0,NNW,8.1,,Clear,False,False,False,False,False,False,False,False,False,False,False,False,False,Day,Day,Day,Day
A-1902,Source2,4,2016-07-01 14:09:13,2016-07-01 14:39:13,37.630623,-122.435043,,,0.0,Accident on I-280 Southbound before Exits 43A 43B I-380. On the median.,Junipero Serra Fwy N,San Bruno,San Mateo,CA,94066,US,US/Pacific,KSFO,2016-07-01 13:56:00,68.0,,55.0,29.89,10.0,NW,15.0,,Partly Cloudy,False,False,False,False,False,False,False,False,False,False,False,False,False,Day,Day,Day,Day
A-1903,Source2,2,2016-07-01 14:33:48,2016-07-01 15:03:48,38.34066,-123.04808,,,0.0,One lane blocked due to accident on CA-1 Eastbound at Bay Hill Rd.,N Highway 1,Bodega Bay,Sonoma,CA,94923-9790,US,US/Pacific,KSTS,2016-07-01 14:53:00,81.0,,39.0,29.81,10.0,South,12.7,,Haze,False,False,False,False,False,False,False,False,False,False,False,False,False,Day,Day,Day,Day
A-1904,Source2,2,2016-07-01 14:24:08,2016-07-01 15:09:42,36.989204,-122.022141,,,0.0,Accident on CA-17 Northbound at Plymouth St.,CA-17 N,Santa Cruz,Santa Cruz,CA,95060,US,US/Pacific,KWVI,2016-07-01 14:53:00,64.9,,63.0,29.94,10.0,Variable,5.8,,Clear,False,False,False,False,True,False,False,False,False,False,False,False,False,Day,Day,Day,Day
A-1905,Source2,2,2016-07-01 14:39:15,2016-07-01 15:24:15,38.655796,-121.533295,,,0.0,Accident on I-5 Northbound at Exit 525A Del Paso Rd.,CA-99 S,Sacramento,Sacramento,CA,95835,US,US/Pacific,KSMF,2016-07-01 14:53:00,95.0,,29.0,29.77,10.0,SSW,10.4,,Clear,False,False,False,False,False,False,False,False,False,False,False,False,False,Day,Day,Day,Day
A-1906,Source2,2,2016-07-01 14:41:08,2016-07-01 15:26:08,38.496033,-121.446091,,,0.0,Accident on Florin Rd at CA-99.,Florin Rd,Sacramento,Sacramento,CA,95823,US,US/Pacific,KSAC,2016-07-01 14:53:00,91.0,,28.0,29.78,10.0,SW,11.5,,Clear,False,False,False,False,False,False,False,False,False,False,False,False,False,Day,Day,Day,Day
A-1907,Source2,2,2016-07-02 09:29:38,2016-07-02 11:49:00,37.840397,-122.023911,,,0.0,Accident on Woodhaven Ct at Danville Blvd.,Danville Blvd,Alamo,Contra Costa,CA,94507-2106,US,US/Pacific,KCCR,2016-07-02 09:53:00,73.0,,46.0,29.89,10.0,SW,8.1,,Clear,False,False,False,False,False,False,False,False,False,False,False,False,False,Day,Day,Day,Day
A-1908,Source2,3,2016-07-02 09:29:38,2016-07-02 11:38:00,37.708939,-121.723686,,,0.0,Accident on I-580 Eastbound near Exit 55 Vasco Rd.,I-580 E,Livermore,Alameda,CA,94551,US,US/Pacific,KLVK,2016-07-02 09:53:00,73.0,,48.0,29.92,10.0,SW,6.9,,Clear,False,False,False,False,False,False,False,False,False,False,False,False,False,Day,Day,Day,Day
A-1909,Source2,2,2016-07-02 07:26:38,2016-07-02 11:26:38,37.743294,-121.343498,,,0.0,Accident on I-5 Southbound at Exit 457 County Hwy-J4 Kasson Rd.,I-5 N,Tracy,San Joaquin,CA,95304,US,US/Pacific,KSCK,2016-07-02 07:55:00,68.0,,65.0,29.88,10.0,NW,9.2,,Clear,False,False,False,False,True,False,False,False,False,False,False,False,False,Day,Day,Day,Day
A-1910,Source2,2,2016-07-02 10:41:51,2016-07-02 11:41:51,38.02101500000001,-121.329979,,,0.0,Accident on Pershing Ave Northbound at Hammer Ln.,W Hammer Ln,Stockton,San Joaquin,CA,95209-3013,US,US/Pacific,KSCK,2016-07-02 10:55:00,81.0,,39.0,29.91,10.0,WNW,6.9,,Clear,False,False,False,False,False,False,False,False,False,False,False,False,False,Day,Day,Day,Day
A-1911,Source2,2,2016-07-02 10:43:39,2016-07-02 11:43:39,37.82193400000001,-121.291641,,,0.0,Accident on I-5 Northbound at Exit 463 Lathrop Rd.,I-5 N,Lathrop,San Joaquin,CA,95330,US,US/Pacific,KSCK,2016-07-02 10:55:00,81.0,,39.0,29.91,10.0,WNW,6.9,,Clear,False,False,False,False,False,False,False,False,False,False,False,False,False,Day,Day,Day,Day
A-1912,Source2,2,2016-07-02 11:36:06,2016-07-02 12:06:06,37.708939,-121.723686,,,0.0,Lane blocked due to accident on I-580 Eastbound at Exit 55 Vasco Rd.,I-580 E,Livermore,Alameda,CA,94551,US,US/Pacific,KLVK,2016-07-02 11:53:00,82.0,,37.0,29.91,10.0,WSW,8.1,,Clear,False,False,False,False,False,False,False,False,False,False,False,False,False,Day,Day,Day,Day
A-1913,Source2,2,2016-07-02 12:38:23,2016-07-02 13:08:23,37.701584,-121.906929,,,0.0,Accident on I-580 Eastbound at Exit 45 Hopyard Rd.,I-580 E,Pleasanton,Alameda,CA,94588,US,US/Pacific,KLVK,2016-07-02 12:53:00,86.0,,33.0,29.91,10.0,WNW,11.5,,Clear,False,False,False,False,False,False,False,False,False,False,False,False,False,Day,Day,Day,Day
A-1914,Source2,3,2016-07-02 13:01:57,2016-07-02 14:31:57,37.752041,-121.467834,,,0.0,Accident on I-205 Eastbound at Exit 6 County Hwy-J4 Grant Line Rd.,I-205 E,Tracy,San Joaquin,CA,95377,US,US/Pacific,KLVK,2016-07-02 12:53:00,86.0,,33.0,29.91,10.0,WNW,11.5,,Clear,False,False,False,False,True,False,False,False,False,False,False,False,False,Day,Day,Day,Day
A-1915,Source2,3,2016-07-02 13:01:14,2016-07-02 14:31:14,37.762657,-121.439957,,,0.0,Accident on I-205 Eastbound at Exit 8 Tracy Blvd.,I-205 E,Tracy,San Joaquin,CA,95304,US,US/Pacific,KSCK,2016-07-02 12:55:00,88.0,,30.0,29.89,10.0,NW,6.9,,Clear,False,False,False,False,False,False,False,False,False,False,False,False,False,Day,Day,Day,Day
A-1916,Source2,3,2016-07-02 09:29:38,2016-07-02 14:06:00,38.02545900000001,-122.112236,,,0.0,Right hand shoulder blocked due to accident on I-680 Northbound at Exit 56 Marina Vista Ave.,I-680 S,Martinez,Contra Costa,CA,94553,US,US/Pacific,KCCR,2016-07-02 09:53:00,73.0,,46.0,29.89,10.0,SW,8.1,,Clear,False,False,False,False,False,False,False,False,False,False,False,False,False,Day,Day,Day,Day
A-1917,Source2,2,2016-07-02 09:29:38,2016-07-02 14:10:00,37.294281,-121.938446,,,0.0,One lane blocked due to accident on CA-17 Northbound at Exit 25 Hamilton Ave.,CA-17 S,Campbell,Santa Clara,CA,95008,US,US/Pacific,KSJC,2016-07-02 09:53:00,70.0,,53.0,29.94,10.0,ESE,12.7,,Partly Cloudy,False,False,False,False,False,False,False,False,False,False,False,False,False,Day,Day,Day,Day
A-1918,Source2,3,2016-07-02 09:29:38,2016-07-02 14:16:00,37.56221,-121.905434,,,0.0,Right hand shoulder blocked due to accident on I-680 Southbound at Exit 18B Sheridan Rd.,Sheridan Rd,Sunol,Alameda,CA,94586,US,US/Pacific,KLVK,2016-07-02 09:53:00,73.0,,48.0,29.92,10.0,SW,6.9,,Clear,False,False,False,False,False,False,False,False,False,False,False,False,False,Day,Day,Day,Day
A-1919,Source2,2,2016-07-02 09:29:38,2016-07-02 14:43:00,37.90270200000001,-122.515602,,,0.0,Lane blocked due to accident and fuel spillage on US-101 Northbound at CA-131 Blithedale Ave.,E Blithedale Ave,Mill Valley,Marin,CA,94941,US,US/Pacific,KDVO,2016-07-02 08:35:00,57.2,,88.0,29.95,8.0,ENE,4.6,,Overcast,True,False,False,False,False,False,False,False,False,False,False,False,False,Day,Day,Day,Day
A-1920,Source2,3,2016-07-02 09:29:38,2016-07-02 14:32:00,37.554943,-121.916428,,,0.0,Right hand shoulder blocked due to accident on I-680 Southbound at Exits 18 18A Vargas Rd.,I-680 S,Fremont,Alameda,CA,94539,US,US/Pacific,KNUQ,2016-07-02 09:56:00,68.0,,59.0,29.96,10.0,Variable,3.5,,Clear,False,False,False,False,False,False,False,False,False,False,False,False,False,Day,Day,Day,Day
A-1921,Source2,3,2016-07-02 09:29:38,2016-07-02 14:50:00,37.68528,-122.129913,,,0.0,Right hand shoulder blocked due to accident on I-880 Northbound at Hesperian Blvd.,Hesperian Blvd,San Lorenzo,Alameda,CA,94580,US,US/Pacific,KHWD,2016-07-02 09:54:00,64.9,,63.0,29.99,10.0,WNW,6.9,,Clear,False,False,False,False,False,False,False,False,False,False,False,False,False,Day,Day,Day,Day
A-1922,Source2,2,2016-07-02 09:29:38,2016-07-02 15:21:00,37.771893,-122.156456,,,0.0,Right hand shoulder blocked due to accident on Keller Ave at Fontaine St.,Keller Ave,Oakland,Alameda,CA,94605,US,US/Pacific,KOAK,2016-07-02 09:53:00,64.0,,67.0,29.97,10.0,WSW,5.8,,Partly Cloudy,False,False,False,False,False,False,False,False,False,False,False,False,False,Day,Day,Day,Day
A-1923,Source2,3,2016-07-02 09:29:38,2016-07-02 15:11:00,38.216862,-122.13784,,,0.0,Right hand shoulder blocked due to accident on I-680 Northbound at Exits 71A 71B I-80.,I-80 W,Fairfield,Solano,CA,94534,US,US/Pacific,KAPC,2016-07-02 09:16:00,60.1,,78.0,29.96,10.0,SSW,13.8,,Mostly Cloudy,False,False,False,False,False,False,False,False,False,False,False,False,False,Day,Day,Day,Day
A-1924,Source2,2,2016-07-02 09:29:38,2016-07-02 15:50:00,37.769646,-122.417847,,,0.0,One lane blocked due to accident on US-101 Van Ness Ave Northbound at Duboce Ave.,S Van Ness Ave,San Francisco,San Francisco,CA,94103-3714,US,US/Pacific,KSFO,2016-07-02 09:56:00,64.0,,67.0,29.96,10.0,North,8.1,,Partly Cloudy,False,False,True,False,False,False,False,False,False,False,False,True,False,Day,Day,Day,Day
A-1925,Source2,3,2016-07-02 09:29:38,2016-07-02 15:26:00,38.216862,-122.13784,,,0.0,Right hand shoulder blocked due to accident on I-80 Westbound at Exit 40 I-680.,I-80 W,Fairfield,Solano,CA,94534,US,US/Pacific,KAPC,2016-07-02 09:16:00,60.1,,78.0,29.96,10.0,SSW,13.8,,Mostly Cloudy,False,False,False,False,False,False,False,False,False,False,False,False,False,Day,Day,Day,Day
A-1926,Source2,2,2016-07-02 09:29:38,2016-07-02 15:50:00,37.419121,-121.959335,,,0.0,Accident on CA-237 Eastbound at Exit 7 1st St.,N 1st St,San Jose,Santa Clara,CA,95134,US,US/Pacific,KSJC,2016-07-02 09:53:00,70.0,,53.0,29.94,10.0,ESE,12.7,,Partly Cloudy,False,False,False,False,False,False,False,False,False,False,False,False,False,Day,Day,Day,Day
A-1927,Source2,3,2016-07-02 15:17:46,2016-07-02 16:47:46,37.869522,-122.304764,,,0.0,Accident on I-80 I-580 Westbound at Exit 11 I-580.,Eastshore Fwy W,Berkeley,Alameda,CA,94710,US,US/Pacific,KOAK,2016-07-02 14:53:00,69.1,,57.0,29.96,10.0,WNW,18.4,,Partly Cloudy,False,False,False,False,False,False,False,False,False,False,False,False,False,Day,Day,Day,Day
A-1928,Source2,3,2016-07-02 15:24:24,2016-07-02 16:54:24,37.652134,-122.098732,,,0.0,Accident on I-880 Northbound at Exit 28 Winton Ave.,I-880 N,Hayward,Alameda,CA,94544,US,US/Pacific,KHWD,2016-07-02 15:54:00,73.0,,44.0,29.97,10.0,NNW,12.7,,Clear,False,False,False,False,False,False,False,False,False,False,False,False,False,Day,Day,Day,Day
A-1929,Source2,3,2016-07-02 15:18:23,2016-07-02 16:48:23,37.690754,-122.092361,,,0.0,Delays expected due to accident on I-238 Westbound at Exit 14 I-580. Police in attendance.,I-580 W,Castro Valley,Alameda,CA,94546,US,US/Pacific,KHWD,2016-07-02 14:54:00,75.0,,43.0,29.98,10.0,NNW,15.0,,Clear,False,False,False,False,False,False,False,False,False,False,False,False,False,Day,Day,Day,Day
A-1930,Source2,3,2016-07-02 15:23:05,2016-07-02 16:53:05,37.640194,-122.090424,,,0.0,Delays expected due to accident on I-880 Northbound at Exit 27 CA-92 Jackson St. Police in attendance.,I-880 N,Hayward,Alameda,CA,94544,US,US/Pacific,KHWD,2016-07-02 14:54:00,75.0,,43.0,29.98,10.0,NNW,15.0,,Clear,False,False,False,False,False,False,False,False,False,False,False,False,False,Day,Day,Day,Day
A-1931,Source2,2,2016-07-02 15:04:37,2016-07-02 16:34:37,37.27042,-121.947571,,,0.0,Accident on CA-17 Southbound at Exit 23 Camden Ave.,CA-17 S,Campbell,Santa Clara,CA,95008,US,US/Pacific,KSJC,2016-07-02 14:53:00,80.1,,45.0,29.92,10.0,WNW,11.5,,Clear,False,False,False,False,False,False,False,False,False,False,False,False,False,Day,Day,Day,Day
A-1932,Source2,2,2016-07-02 15:36:07,2016-07-02 17:06:07,38.328682,-122.712646,,,0.0,Accident on US-101 Northbound at Exits 481 481B CA-116. Police in attendance.,Redwood Hwy S,Cotati,Sonoma,CA,94931,US,US/Pacific,KO69,2016-07-02 15:35:00,77.0,,50.0,29.95,10.0,NW,8.1,,Clear,False,False,False,False,False,False,False,False,False,False,False,False,False,Day,Day,Day,Day
A-1933,Source2,2,2016-07-02 15:51:25,2016-07-02 17:21:25,38.298443,-122.127007,,,0.0,Accident on Suisun Valley Rd at Twin Sisters Rd.,Suisun Valley Rd,Fairfield,Solano,CA,94534,US,US/Pacific,KAPC,2016-07-02 15:54:00,69.1,,58.0,29.91,10.0,SSW,21.9,,Clear,False,False,False,False,False,False,False,False,False,False,False,False,False,Day,Day,Day,Day
A-1934,Source2,2,2016-07-02 16:12:14,2016-07-02 17:42:14,38.314129,-122.735497,,,0.0,Accident on Stony Point Rd Westbound at Roblar Rd.,Stony Point Rd,Petaluma,Sonoma,CA,94952-9744,US,US/Pacific,KO69,2016-07-02 16:15:00,75.2,,50.0,29.95,10.0,West,12.7,,Clear,False,False,False,False,False,False,False,False,False,True,False,False,False,Day,Day,Day,Day
A-1935,Source2,2,2016-07-02 16:13:01,2016-07-02 17:43:01,37.747536,-122.420242,,,0.0,Accident on Valencia St Northbound at Duncan St.,Valencia St,San Francisco,San Francisco,CA,94110-4409,US,US/Pacific,KSFO,2016-07-02 15:56:00,72.0,,51.0,29.94,10.0,North,8.1,,Partly Cloudy,True,False,False,False,False,False,False,False,True,False,False,False,False,Day,Day,Day,Day
A-1936,Source2,3,2016-07-02 16:29:28,2016-07-02 17:59:28,38.21431,-122.137764,,,0.0,Accident on I-80 Eastbound at Exit 40 I-680. Police in attendance.,I-680 N,Fairfield,Solano,CA,94534,US,US/Pacific,KAPC,2016-07-02 16:54:00,66.9,,63.0,29.9,10.0,South,18.4,,Clear,False,False,False,False,True,False,False,False,False,False,False,False,False,Day,Day,Day,Day
A-1937,Source2,3,2016-07-02 16:26:58,2016-07-02 17:56:58,38.24052800000001,-122.090614,,,0.0,Accident on I-80 Eastbound at Exits 43 44A Abernathy Rd.,I-80 E,Fairfield,Solano,CA,94534,US,US/Pacific,KAPC,2016-07-02 16:54:00,66.9,,63.0,29.9,10.0,South,18.4,,Clear,False,False,False,False,True,False,False,False,False,False,False,False,False,Day,Day,Day,Day
A-1938,Source2,2,2016-07-02 16:52:47,2016-07-02 18:22:47,38.493195,-122.787529,,,0.0,Accident on River Rd at Laughlin Rd.,River Rd,Fulton,Sonoma,CA,95439-8828,US,US/Pacific,KSTS,2016-07-02 16:53:00,73.9,,48.0,29.91,10.0,South,12.7,,Clear,False,False,False,False,False,False,False,False,False,False,False,False,False,Day,Day,Day,Day
A-1939,Source2,2,2016-07-02 18:14:00,2016-07-02 18:44:00,37.022377,-121.566429,,,0.0,Left lane blocked due to accident on US-101 Southbound at Exit 357 CA-152.,S Valley Fwy N,Gilroy,Santa Clara,CA,95020,US,US/Pacific,KE16,2016-07-02 18:15:00,71.6,,53.0,29.95,10.0,SE,13.8,,Clear,False,False,False,False,False,False,False,False,False,False,False,False,False,Day,Day,Day,Day
A-1940,Source2,3,2016-07-02 18:25:37,2016-07-02 18:55:37,38.258347,-122.062263,,,0.0,Right hand shoulder blocked due to accident on I-80 Eastbound at Exit 45 Travis Blvd. Expect delays.,Travis Blvd,Fairfield,Solano,CA,94533,US,US/Pacific,KSUU,2016-07-02 17:58:00,76.8,,42.0,29.85,10.0,SW,26.5,,Clear,False,False,False,False,False,False,False,False,False,False,False,False,False,Day,Day,Day,Day
A-1941,Source2,3,2016-07-02 18:31:26,2016-07-02 19:01:26,38.361576,-121.969482,,,0.0,Left lane blocked due to accident on I-80 Westbound at Exit 55 Allison Dr.,Allison Dr,Vacaville,Solano,CA,95688,US,US/Pacific,KVCB,2016-07-02 18:53:00,82.9,,36.0,29.83,10.0,SW,13.8,,Clear,False,False,False,False,False,False,False,False,False,False,False,False,False,Day,Day,Day,Day
A-1942,Source2,3,2016-07-02 18:37:10,2016-07-02 19:23:07,38.368801,-121.958611,,,0.0,Accident on I-80 Eastbound at Exit 56 I-505. Expect delays.,I-80 E,Vacaville,Solano,CA,95687,US,US/Pacific,KVCB,2016-07-02 18:53:00,82.9,,36.0,29.83,10.0,SW,13.8,,Clear,False,False,False,False,False,False,False,False,False,False,False,False,False,Day,Day,Day,Day
A-1943,Source2,3,2016-07-02 20:32:41,2016-07-02 21:02:41,38.161751,-122.209831,,,0.0,Accident on I-80 Eastbound at Dwight D Eisenhower Hwy.,I-80 E,Vallejo,Napa,CA,94591,US,US/Pacific,KAPC,2016-07-02 20:54:00,59.0,,87.0,29.92,10.0,South,19.6,,Clear,False,False,False,False,False,False,False,False,False,False,False,False,False,Day,Day,Day,Day
A-1944,Source2,2,2016-07-02 22:04:06,2016-07-02 23:34:06,39.117805,-120.9496,,,0.0,Accident on CA-174 at Rollins Lake Rd.,State Highway 174,Colfax,Placer,CA,95713-9403,US,US/Pacific,KGOO,2016-07-02 22:05:00,75.2,,34.0,30.06,10.0,Calm,,,Clear,False,False,False,False,False,False,False,False,False,True,False,False,False,Night,Night,Night,Day
A-1945,Source2,2,2016-07-02 22:09:03,2016-07-02 23:39:03,37.877399,-121.341644,,,0.0,Accident on Howard Rd at Roberts Rd.,Howard Rd,Stockton,San Joaquin,CA,95206,US,US/Pacific,KSCK,2016-07-02 21:55:00,72.0,,57.0,29.89,10.0,NW,5.8,,Clear,False,False,False,False,False,False,False,False,False,False,False,False,False,Night,Night,Night,Day
A-1946,Source2,3,2016-07-02 23:45:46,2016-07-03 00:15:46,37.631477,-122.084183,,,0.0,Lane blocked due to accident on I-880 Southbound at Exit 26 Tennyson Rd. Expect delays.,W Tennyson Rd,Hayward,Alameda,CA,94544,US,US/Pacific,KHWD,2016-07-02 23:54:00,57.0,,77.0,30.01,7.0,NNW,8.1,,Clear,False,False,False,False,True,False,False,False,False,False,False,False,False,Night,Night,Night,Night
A-1947,Source2,3,2016-07-02 23:49:03,2016-07-03 00:19:03,38.091572,-122.230301,,,0.0,One lane blocked due to accident on I-780 Westbound at Exits 1A 1B 1C I-80. Expect delays.,I-80 E,Vallejo,Solano,CA,94591,US,US/Pacific,KAPC,2016-07-02 23:54:00,55.0,,93.0,29.95,10.0,SSW,10.4,,Clear,False,False,False,False,True,False,False,False,False,False,False,False,False,Night,Night,Night,Night
A-1948,Source2,3,2016-07-02 23:47:51,2016-07-03 00:17:51,37.701103,-122.02116399999998,,,0.0,Right hand shoulder blocked due to accident on I-580 Eastbound at Exit 39 Eden Canyon Rd. Expect delays.,Paloverde Rd,Castro Valley,Alameda,CA,94552,US,US/Pacific,KHWD,2016-07-02 23:54:00,57.0,,77.0,30.01,7.0,NNW,8.1,,Clear,False,False,False,False,False,False,False,False,False,False,False,False,False,Night,Night,Night,Night
A-1949,Source2,2,2016-07-03 00:14:10,2016-07-03 00:44:10,38.061611,-122.16616100000002,,,0.0,Accident on 7th St Eastbound at Cheryl Dr.,W 7th St,Benicia,Solano,CA,94510,US,US/Pacific,KCCR,2016-07-03 00:53:00,59.0,,72.0,29.9,10.0,WNW,8.1,,Clear,False,False,False,False,False,False,False,False,False,False,False,False,False,Night,Night,Night,Night
A-1950,Source2,3,2016-07-03 00:19:09,2016-07-03 00:49:09,37.495384,-121.923294,,,0.0,Accident on I-680 Northbound at Exit 12 CA-262 Mission Blvd. Expect delays.,I-680 S,Fremont,Alameda,CA,94539,US,US/Pacific,KNUQ,2016-07-03 00:56:00,59.0,,87.0,30.0,10.0,NNW,3.5,,Clear,False,False,False,False,True,False,False,False,False,False,False,False,False,Night,Night,Night,Night
A-1951,Source2,2,2016-07-03 00:48:33,2016-07-03 01:18:33,37.281792,-121.808235,,,0.0,Lane blocked due to accident on US-101 Northbound at Exit 380 Hellyer Ave. Expect delays.,US-101 N,San Jose,Santa Clara,CA,95138,US,US/Pacific,KRHV,2016-07-03 12:47:00,82.4,,35.0,30.02,10.0,Variable,5.8,,Clear,False,False,False,False,False,False,False,False,False,False,False,False,False,Night,Night,Night,Night
A-1952,Source2,3,2016-07-03 01:19:59,2016-07-03 01:49:59,37.731579,-122.423332,,,0.0,One lane blocked due to accident on I-280 Southbound at Exit 53 Alemany Blvd.,I-280 S,San Francisco,San Francisco,CA,94110,US,US/Pacific,KSFO,2016-07-03 00:56:00,57.0,,81.0,29.99,10.0,West,5.8,,Partly Cloudy,False,False,False,False,False,False,False,False,False,False,False,False,False,Night,Night,Night,Night
A-1953,Source2,2,2016-07-03 01:22:24,2016-07-03 01:52:24,37.592278,-122.364479,,,0.0,One lane blocked due to accident on US-101 Northbound at Exits 419A 419B Bayshore Hwy.,US-101 N,Burlingame,San Mateo,CA,94010,US,US/Pacific,KSFO,2016-07-03 00:56:00,57.0,,81.0,29.99,10.0,West,5.8,,Partly Cloudy,False,False,False,False,False,False,False,False,False,False,False,False,False,Night,Night,Night,Night
A-1954,Source2,2,2016-07-03 01:20:29,2016-07-03 01:50:29,37.473282,-122.208946,,,0.0,Accident on Curtis Ave at Berkshire Ave.,Curtis Ave,Redwood City,San Mateo,CA,94063-3313,US,US/Pacific,KSQL,2016-07-03 01:15:00,59.0,,82.0,29.99,10.0,Calm,,,Clear,False,False,False,False,False,False,False,False,False,False,False,False,False,Night,Night,Night,Night
A-1955,Source2,2,2016-07-03 01:21:02,2016-07-03 01:51:02,37.475605,-122.188393,,,0.0,Accident on 17th Ave at 18th Ave.,17th Ave,Menlo Park,San Mateo,CA,94025-2043,US,US/Pacific,KPAO,2016-07-03 06:47:00,59.0,,94.0,30.01,10.0,West,3.5,,Mostly Cloudy,False,False,False,False,False,False,False,True,False,False,False,False,False,Night,Night,Night,Night
A-1956,Source2,2,2016-07-03 01:22:52,2016-07-03 01:52:52,37.323597,-121.890251,,,0.0,Accident on CA-87 Guadalupe Pkwy Southbound at Exits 4 5 6 I-280.,I-280 S,San Jose,Santa Clara,CA,95125,US,US/Pacific,KSJC,2016-07-03 00:53:00,63.0,,65.0,29.98,10.0,SE,6.9,,Clear,False,False,False,False,False,False,False,False,False,False,False,False,False,Night,Night,Night,Night
A-1957,Source2,2,2016-07-03 00:50:32,2016-07-03 02:07:34,37.94365300000001,-121.741966,,,0.0,Center lane blocked due to accident on CA-4 Westbound at Exit 34 Sand Creek Rd.,State Route 4,Brentwood,Contra Costa,CA,94513,US,US/Pacific,KLVK,2016-07-03 00:53:00,62.1,,70.0,29.95,10.0,SSW,3.5,,Clear,False,False,False,False,False,False,False,False,False,False,False,False,False,Night,Night,Night,Night
A-1958,Source2,2,2016-07-03 03:54:45,2016-07-03 04:40:40,37.902588,-122.514198,,,0.0,Accident on US-101 Northbound at Exits 447 447B Blithedale Ave.,Tiburon Blvd,Mill Valley,Marin,CA,94941-2440,US,US/Pacific,KDVO,,,,,,,,,,,False,False,True,False,False,False,False,False,False,False,False,True,False,Night,Night,Night,Night
A-1959,Source2,3,2016-07-03 05:35:30,2016-07-03 06:22:39,37.897408,-122.311752,,,0.0,Right hand shoulder blocked due to accident on I-580 Westbound at Exit 12 Central Ave.,I-580 W,Richmond,Alameda,CA,94804,US,US/Pacific,KCCR,2016-07-03 05:53:00,55.9,,77.0,29.93,10.0,WNW,5.8,,Clear,False,False,False,False,False,False,False,False,False,False,False,False,False,Night,Day,Day,Day
A-1960,Source2,3,2016-07-03 04:59:28,2016-07-03 06:33:54,37.962944,-122.054352,,,0.0,Accident now on the shoulder on I-680 Southbound at Exit 51 Willow Pass Rd.,I-680 S,Pleasant Hill,Contra Costa,CA,94523,US,US/Pacific,KCCR,2016-07-03 04:53:00,57.0,,77.0,29.91,10.0,WNW,10.4,,Clear,False,False,False,False,False,False,False,False,False,False,False,False,False,Night,Night,Day,Day
A-1961,Source2,3,2016-07-03 04:57:46,2016-07-03 06:18:10,37.701668,-121.769699,,,0.0,One lane blocked due to accident on I-580 Westbound at Exits 52 52B County Hwy-J2 Livermore Ave.,I-580 W,Livermore,Alameda,CA,94551,US,US/Pacific,KLVK,2016-07-03 04:53:00,57.0,,77.0,29.95,10.0,WSW,3.5,,Clear,False,False,False,False,False,False,False,False,False,False,False,False,False,Night,Night,Day,Day
A-1962,Source2,3,2016-07-03 06:12:50,2016-07-03 06:42:50,38.145916,-122.110031,,,0.0,Accident now on the shoulder on I-680 Northbound at Exit 65 Marshview Rd.,I-680 N,Fairfield,Solano,CA,94534,US,US/Pacific,KAPC,2016-07-03 06:08:00,51.1,,96.0,30.0,10.0,Calm,,,Mostly Cloudy,False,False,False,False,True,False,False,False,False,False,False,False,False,Day,Day,Day,Day
A-1963,Source2,2,2016-07-03 06:50:28,2016-07-03 07:20:28,37.69342,-122.391762,,,0.0,One lane blocked due to accident on US-101 Southbound at Exit 426 Sierra Point Pkwy.,Bayshore Fwy S,Brisbane,San Mateo,CA,94005,US,US/Pacific,KSFO,2016-07-03 06:56:00,55.9,,84.0,30.01,10.0,WNW,4.6,,Scattered Clouds,False,False,False,False,True,False,False,False,False,False,False,False,False,Day,Day,Day,Day
A-1964,Source2,3,2016-07-03 07:15:49,2016-07-03 07:45:49,37.520306,-121.98381,,,0.0,Two lanes blocked due to accident on I-880 Southbound at Exit 16 Stevenson Blvd.,Nimitz Fwy S,Fremont,Alameda,CA,94538,US,US/Pacific,KPAO,2016-07-03 06:47:00,59.0,,94.0,30.01,10.0,West,3.5,,Mostly Cloudy,False,False,False,False,False,False,False,False,False,False,False,False,False,Day,Day,Day,Day
A-1965,Source2,3,2016-07-03 07:52:47,2016-07-03 08:37:47,37.323948,-121.892509,,,0.0,Slow lane blocked and right hand shoulder blocked due to sand on road and accident on I-280 Southbound at Exits 2B 3A 3B CA-87 Guadalupe Pkwy.,Sinclair Fwy N,San Jose,Santa Clara,CA,95126,US,US/Pacific,KSJC,2016-07-03 07:53:00,60.1,,72.0,30.02,10.0,ESE,11.5,,Partly Cloudy,False,False,False,False,False,False,False,False,False,False,False,False,False,Day,Day,Day,Day
A-1966,Source2,2,2016-07-03 07:26:08,2016-07-03 08:26:08,37.902161,-121.466637,,,0.0,Accident on CA-4 Westbound at County Hwy-J2 Tracy Blvd.,W Highway 4,Stockton,San Joaquin,CA,95206,US,US/Pacific,KSCK,2016-07-03 07:55:00,64.0,,70.0,29.97,10.0,NW,6.9,,Clear,False,False,False,False,False,False,False,False,False,True,False,False,False,Day,Day,Day,Day
A-1967,Source2,2,2016-07-03 07:25:08,2016-07-03 08:25:08,37.739788,-121.361725,,,0.0,Accident on Bird Rd Southbound at Lovely Rd.,S Bird Rd,Tracy,San Joaquin,CA,95304-9339,US,US/Pacific,KSCK,2016-07-03 06:55:00,62.1,,72.0,29.95,10.0,NW,10.4,,Clear,False,False,False,False,False,False,False,False,False,False,False,False,False,Day,Day,Day,Day
A-1968,Source2,2,2016-07-03 08:09:37,2016-07-03 08:39:37,38.157448,-121.261864,,,0.0,Accident on Woodbridge Rd Southbound at CA-99.,CA-99 S,Acampo,San Joaquin,CA,95220,US,US/Pacific,KSCK,2016-07-03 07:55:00,64.0,,70.0,29.97,10.0,NW,6.9,,Clear,False,False,False,False,False,False,False,False,False,False,False,False,False,Day,Day,Day,Day
A-1969,Source2,2,2016-07-03 08:41:05,2016-07-03 09:26:05,37.994217,-122.532051,,,0.0,Accident on US-101 Southbound at Exits 454 454B San Pedro Rd.,N San Pedro Rd,San Rafael,Marin,CA,94903,US,US/Pacific,KDVO,,,,,,,,,,,False,False,False,False,False,False,False,False,False,False,False,False,False,Day,Day,Day,Day
A-1970,Source2,3,2016-07-03 09:09:33,2016-07-03 09:54:33,37.866753,-122.303642,,,0.0,Right hand shoulder blocked due to multi-vehicle accident on I-80 I-580 Westbound at Exit 11 I-580.,I-580 W,Berkeley,Alameda,CA,94710,US,US/Pacific,KOAK,2016-07-03 08:53:00,61.0,,72.0,30.04,10.0,NW,4.6,,Overcast,False,False,False,False,False,False,False,False,False,False,False,False,False,Day,Day,Day,Day
A-1971,Source2,2,2016-07-03 08:58:40,2016-07-03 09:43:40,38.005135,-122.037445,,,0.0,Right hand shoulder blocked due to accident on CA-242 Northbound at Exits 3B 3C CA-4.,CA-4 E,Concord,Contra Costa,CA,94520,US,US/Pacific,KCCR,2016-07-03 08:53:00,64.0,,60.0,29.96,10.0,WNW,10.4,,Clear,False,False,False,False,False,False,False,False,False,False,False,False,False,Day,Day,Day,Day
A-1972,Source2,2,2016-07-03 11:03:42,2016-07-03 11:48:42,37.83567,-122.484612,,,0.0,Slow lane blocked due to accident on US-101 Golden Gate Brg Southbound at Exit 442 Sausalito Lateral.,Sausalito Lateral,Sausalito,Marin,CA,94965,US,US/Pacific,KSFO,2016-07-03 10:56:00,64.9,,70.0,30.04,10.0,NNE,10.4,,Partly Cloudy,False,False,False,False,True,False,False,False,False,False,False,False,False,Day,Day,Day,Day
A-1973,Source2,3,2016-07-03 11:00:37,2016-07-03 11:45:37,37.808498,-122.366852,,,0.0,Accident on I-80 Eastbound at Exit 4A Treasure Is.,San Francisco-Oakland Bay Brg E,San Francisco,San Francisco,CA,94130,US,US/Pacific,KOAK,2016-07-03 10:53:00,66.9,,61.0,30.04,10.0,NW,10.4,,Partly Cloudy,False,False,False,False,False,False,False,False,False,True,False,False,False,Day,Day,Day,Day
A-1974,Source2,2,2016-07-03 11:59:28,2016-07-03 12:44:28,37.993839,-122.532051,,,0.0,Right hand shoulder blocked due to accident on US-101 Southbound at Exits 454 454B San Pedro Rd.,US-101 S,San Rafael,Marin,CA,94903,US,US/Pacific,KDVO,,,,,,,,,,,False,False,False,False,False,False,False,False,False,False,False,False,False,Day,Day,Day,Day
A-1975,Source2,2,2016-07-03 12:33:57,2016-07-03 13:03:57,37.973145,-121.24733,,,0.0,Accident on CA-99 Southbound at CA-26 Fremont St.,CA-99 S,Stockton,San Joaquin,CA,95215,US,US/Pacific,KSCK,2016-07-03 12:55:00,86.0,,33.0,29.97,10.0,WNW,10.4,,Clear,False,False,False,False,False,False,False,False,False,False,False,False,False,Day,Day,Day,Day
A-1976,Source2,2,2016-07-03 12:28:05,2016-07-03 13:58:05,37.904812,-121.222191,,,0.0,Accident on CA-99 Southbound at Exit 250 Arch Rd.,Arch Rd,Stockton,San Joaquin,CA,95215,US,US/Pacific,KSCK,2016-07-03 12:55:00,86.0,,33.0,29.97,10.0,WNW,10.4,,Clear,False,False,False,False,False,False,False,False,False,False,False,False,False,Day,Day,Day,Day
A-1977,Source2,2,2016-07-03 12:41:21,2016-07-03 13:26:21,37.807072,-122.475616,,,0.0,Slow traffic and right hand shoulder blocked due to accident on US-101 Golden Gate Brg Northbound at Exit 439 Transit Transfer Facility.,Golden Gate Brg S,San Francisco,San Francisco,CA,94129,US,US/Pacific,KSFO,2016-07-03 12:56:00,66.0,,68.0,30.04,10.0,NNE,12.7,,Partly Cloudy,False,False,False,False,False,False,False,False,False,False,False,False,False,Day,Day,Day,Day
A-1978,Source2,3,2016-07-03 12:41:58,2016-07-03 13:26:58,37.721279,-122.448204,,,0.0,Left hand shoulder blocked due to accident on I-280 Northbound at Exit 51 Ocean Ave.,Geneva Ave,San Francisco,San Francisco,CA,94112,US,US/Pacific,KSFO,2016-07-03 12:56:00,66.0,,68.0,30.04,10.0,NNE,12.7,,Partly Cloudy,False,False,True,False,False,False,False,False,False,False,False,True,False,Day,Day,Day,Day
A-1979,Source2,2,2016-07-03 13:12:18,2016-07-03 13:57:18,38.007431,-122.541946,,,0.0,Right hand shoulder blocked due to accident on US-101 Northbound at Exit 455 Del Presidio Blvd.,US-101 S,San Rafael,Marin,CA,94903,US,US/Pacific,KDVO,,,,,,,,,,,False,False,False,False,False,False,False,False,False,False,False,False,False,Day,Day,Day,Day
A-1980,Source2,3,2016-07-03 13:57:53,2016-07-03 14:42:53,37.795124,-122.266594,,,0.0,Right hand shoulder blocked due to accident on I-880 Northbound at Exit 41A Oak St.,Nimitz Fwy S,Oakland,Alameda,CA,94607,US,US/Pacific,KOAK,2016-07-03 13:53:00,66.9,,59.0,30.03,10.0,WNW,19.6,,Partly Cloudy,False,False,True,False,False,False,False,False,False,False,False,True,False,Day,Day,Day,Day
A-1981,Source2,2,2016-07-03 14:24:14,2016-07-03 15:09:14,37.650105,-122.406868,,,0.0,#2 lane blocked due to accident on US-101 Northbound at Exits 424 425A Airport Blvd.,S Airport Blvd,South San Francisco,San Mateo,CA,94080,US,US/Pacific,KSFO,2016-07-03 13:56:00,69.1,,61.0,30.02,10.0,NNE,11.5,,Partly Cloudy,False,False,False,False,False,False,False,False,False,False,False,False,False,Day,Day,Day,Day
A-1982,Source2,2,2016-07-03 14:48:32,2016-07-03 16:18:32,37.973145,-121.24733,,,0.0,Accident on CA-99 Southbound at Exit 254B Fremont St.,CA-99 S,Stockton,San Joaquin,CA,95215,US,US/Pacific,KSCK,2016-07-03 14:55:00,91.0,,25.0,29.94,10.0,NW,10.4,,Clear,False,False,False,False,False,False,False,False,False,False,False,False,False,Day,Day,Day,Day
A-1983,Source2,2,2016-07-03 14:58:13,2016-07-03 15:43:13,38.148804,-122.380699,,,0.0,#1 lane blocked due to accident on CA-37 Sears Point Rd Westbound at Skaggs Island Rd.,Sears Point Rd,Vallejo,Solano,CA,94592,US,US/Pacific,KAPC,2016-07-03 14:54:00,69.1,,61.0,29.97,10.0,SSW,20.7,,Clear,False,False,False,False,False,False,False,False,False,False,False,False,False,Day,Day,Day,Day
A-1984,Source2,3,2016-07-03 15:08:17,2016-07-03 16:38:17,37.881908,-122.308258,,,0.0,Accident on I-80 I-580 Westbound at Exit 12 I-580.,Eastshore Fwy W,Berkeley,Alameda,CA,94710,US,US/Pacific,KOAK,2016-07-03 14:53:00,68.0,,56.0,30.02,10.0,WNW,18.4,,Partly Cloudy,False,False,False,False,True,False,False,False,False,False,False,False,False,Day,Day,Day,Day
A-1985,Source2,3,2016-07-03 14:53:23,2016-07-03 15:38:23,38.076405,-122.231857,,,0.0,#1 lane blocked due to accident on I-80 Eastbound at Exits 29A 29B CA-29.,CA-29,Vallejo,Solano,CA,94591,US,US/Pacific,KAPC,2016-07-03 14:54:00,69.1,,61.0,29.97,10.0,SSW,20.7,,Clear,False,False,False,False,False,False,False,False,False,False,False,False,False,Day,Day,Day,Day
A-1986,Source2,3,2016-07-03 14:58:46,2016-07-03 15:43:46,37.631477,-122.084183,,,0.0,#1 lane blocked and slow traffic due to accident on I-880 Southbound at Exit 26 Tennyson Rd.,W Tennyson Rd,Hayward,Alameda,CA,94544,US,US/Pacific,KHWD,2016-07-03 14:54:00,75.0,,41.0,30.04,10.0,NW,12.7,,Clear,False,False,False,False,True,False,False,False,False,False,False,False,False,Day,Day,Day,Day
A-1987,Source2,2,2016-07-03 15:10:01,2016-07-03 16:40:01,37.851887,-122.025787,,,0.0,Accident on Stone Valley Rd Northbound at Stone Valley Way.,Alamo Ranch Rd,Alamo,Contra Costa,CA,94507-2030,US,US/Pacific,KCCR,2016-07-03 14:53:00,84.9,,26.0,29.93,10.0,WNW,15.0,,Clear,False,False,True,False,False,False,False,False,True,False,False,False,False,Day,Day,Day,Day
A-1988,Source2,3,2016-07-03 15:19:13,2016-07-03 16:49:13,37.806862,-121.990784,,,0.0,Accident on I-680 Northbound at Exit 38 Sycamore Valley Rd.,I-680 N,Danville,Contra Costa,CA,94526,US,US/Pacific,KCCR,2016-07-03 14:53:00,84.9,,26.0,29.93,10.0,WNW,15.0,,Clear,False,False,False,False,True,False,False,False,False,False,False,False,False,Day,Day,Day,Day
A-1989,Source2,2,2016-07-03 15:32:56,2016-07-03 17:02:56,38.373062,-122.912117,,,0.0,Accident on Bodega Hwy at Bohemian Hwy.,Bohemian Hwy,Sebastopol,Sonoma,CA,95472-9294,US,US/Pacific,KSTS,2016-07-03 15:53:00,75.9,,43.0,29.96,10.0,SSW,12.7,,Clear,False,False,False,False,False,False,False,False,False,False,False,False,False,Day,Day,Day,Day
A-1990,Source2,2,2016-07-03 15:33:37,2016-07-03 17:03:37,38.150932,-122.566864,,,0.0,Accident on US-101 Redwood Hwy Southbound at US-101 Redwood Hwy.,Redwood Hwy S,Novato,Marin,CA,94945,US,US/Pacific,KDVO,,,,,,,,,,,False,False,False,False,False,False,False,False,False,False,False,False,False,Day,Day,Day,Day
A-1991,Source2,2,2016-07-03 15:31:45,2016-07-03 17:01:45,37.258492,-122.122276,,,0.0,Accident on CA-35 Skyline Blvd Southbound at CA-9 Big Basin Way.,Highway 9,Los Gatos,Santa Cruz,CA,95033,US,US/Pacific,KSJC,2016-07-03 15:53:00,77.0,,50.0,29.98,10.0,WNW,15.0,,Clear,False,False,False,True,False,False,False,False,False,True,False,False,False,Day,Day,Day,Day
A-1992,Source2,2,2016-07-03 15:31:11,2016-07-03 17:01:11,37.259731,-121.953011,,,0.0,Accident on CA-17 Southbound at Exit 22 CA-85.,CA-17 S,Campbell,Santa Clara,CA,95008,US,US/Pacific,KSJC,2016-07-03 15:53:00,77.0,,50.0,29.98,10.0,WNW,15.0,,Clear,False,False,False,False,False,False,False,False,False,False,False,False,False,Day,Day,Day,Day
A-1993,Source2,2,2016-07-03 15:47:15,2016-07-03 17:17:15,38.376839,-122.202377,,,0.0,Accident on Wooden Valley Rd at CA-121 Monticello Rd.,Wooden Valley Rd,Napa,Napa,CA,94558-9616,US,US/Pacific,KAPC,2016-07-03 15:54:00,69.1,,61.0,29.96,10.0,South,18.4,,Clear,False,False,False,False,False,False,False,False,False,False,False,False,False,Day,Day,Day,Day
A-1994,Source2,3,2016-07-03 15:48:04,2016-07-03 17:18:04,37.74382,-122.199333,,,0.0,Accident on I-880 Southbound at Exit 36 Hegenberger Rd.,Nimitz Fwy S,Oakland,Alameda,CA,94621,US,US/Pacific,KOAK,2016-07-03 15:53:00,66.9,,61.0,30.01,10.0,WNW,18.4,,Partly Cloudy,False,False,False,False,True,False,False,False,False,False,False,False,False,Day,Day,Day,Day
A-1995,Source2,2,2016-07-03 15:47:09,2016-07-03 17:17:09,37.37466,-122.062012,,,0.0,Accident on Williams Way Southbound at Golf Ct.,Williams Way,Mountain View,Santa Clara,CA,94040-3416,US,US/Pacific,KNUQ,2016-07-03 15:56:00,73.9,,55.0,30.0,10.0,NNW,11.5,,Clear,False,False,True,False,False,False,False,False,False,False,False,False,False,Day,Day,Day,Day
A-1996,Source2,2,2016-07-03 16:12:27,2016-07-03 17:42:27,37.678638,-122.128578,,,0.0,Accident on Paseo Grande at Paseo Largavista.,Paseo Largavista,San Lorenzo,Alameda,CA,94580-1550,US,US/Pacific,KHWD,2016-07-03 15:54:00,75.0,,41.0,30.02,10.0,NNW,13.8,,Clear,False,False,True,False,False,False,False,False,True,True,False,False,False,Day,Day,Day,Day
A-1997,Source2,3,2016-07-03 16:07:59,2016-07-03 17:37:59,37.648651,-122.096718,,,0.0,Accident on I-880 Southbound at Exit 27 CA-92 Jackson St.,I-880 N,Hayward,Alameda,CA,94544,US,US/Pacific,KHWD,2016-07-03 15:54:00,75.0,,41.0,30.02,10.0,NNW,13.8,,Clear,False,False,False,False,True,False,False,False,False,False,False,False,False,Day,Day,Day,Day
A-1998,Source2,2,2016-07-03 16:07:27,2016-07-03 17:37:27,37.421535,-121.93466200000002,,,0.0,Accident on CA-237 Westbound at Exit 8 Zanker Rd.,CA-237 W,San Jose,Santa Clara,CA,95134,US,US/Pacific,KSJC,2016-07-03 15:53:00,77.0,,50.0,29.98,10.0,WNW,15.0,,Clear,False,False,False,False,False,False,False,False,False,False,False,False,False,Day,Day,Day,Day
A-1999,Source2,3,2016-07-03 16:29:31,2016-07-03 17:59:31,37.932056,-122.40361,,,0.0,Accident on I-580 Eastbound at Exit 7A Western Dr.,Richmond-San Rafael Brg,Richmond,Contra Costa,CA,94801,US,US/Pacific,KCCR,2016-07-03 16:53:00,86.0,,20.0,29.9,10.0,West,13.8,,Clear,False,False,False,False,False,False,False,False,False,False,False,False,False,Day,Day,Day,Day
